{"type":"FeatureCollection","crs":{"type":"name","properties":{"name":"EPSG:4326"}},"features":[{"type":"Feature","id":1,"geometry":{"type":"Polygon","coordinates":[[[-122.6274,49.34728],[-122.63068,49.34525],[-122.63482,49.34293],[-122.64012,49.34013],[-122.64424,49.33805],[-122.64762,49.33641],[-122.65136,49.33449],[-122.65532,49.33216],[-122.65899,49.32932],[-122.66309,49.32603],[-122.66861,49.32163],[-122.67115,49.31957],[-122.67581,49.3166],[-122.67794,49.31311],[-122.67852,49.31041],[-122.67819,49.30802],[-122.67616,49.30539],[-122.67239,49.30207],[-122.66643,49.29985],[-122.66643,49.29985],[-122.66643,49.29985],[-122.66643,49.29985],[-122.66643,49.29985],[-122.66643,49.29985],[-122.66642,49.29985],[-122.66642,49.29985],[-122.66642,49.29985],[-122.66642,49.29985],[-122.66642,49.29985],[-122.66642,49.29985],[-122.66641,49.29985],[-122.66641,49.29985],[-122.66641,49.29985],[-122.66641,49.29985],[-122.66641,49.29985],[-122.66641,49.29985],[-122.6664,49.29984],[-122.6664,49.29984],[-122.6664,49.29984],[-122.6664,49.29984],[-122.6664,49.29984],[-122.6664,49.29984],[-122.66639,49.29984],[-122.66639,49.29984],[-122.66639,49.29984],[-122.66639,49.29984],[-122.66639,49.29984],[-122.66639,49.29984],[-122.66638,49.29984],[-122.66638,49.29984],[-122.66638,49.29984],[-122.66638,49.29984],[-122.66638,49.29984],[-122.66638,49.29984],[-122.66637,49.29984],[-122.66637,49.29984],[-122.66637,49.29984],[-122.66637,49.29984],[-122.66637,49.29984],[-122.66637,49.29984],[-122.66636,49.29984],[-122.66636,49.29984],[-122.66636,49.29984],[-122.66636,49.29983],[-122.66636,49.29983],[-122.66636,49.29983],[-122.66636,49.29983],[-122.66635,49.29983],[-122.66635,49.29983],[-122.66635,49.29983],[-122.66635,49.29983],[-122.66635,49.29983],[-122.66635,49.29983],[-122.66634,49.29983],[-122.66634,49.29983],[-122.66634,49.29983],[-122.66634,49.29983],[-122.66634,49.29983],[-122.66634,49.29983],[-122.66633,49.29983],[-122.66633,49.29983],[-122.66633,49.29983],[-122.66633,49.29983],[-122.66633,49.29983],[-122.66633,49.29983],[-122.66632,49.29983],[-122.66632,49.29983],[-122.66632,49.29983],[-122.66632,49.29983],[-122.66632,49.29982],[-122.66632,49.29982],[-122.66631,49.29982],[-122.66631,49.29982],[-122.66631,49.29982],[-122.66631,49.29982],[-122.66631,49.29982],[-122.66631,49.29982],[-122.6663,49.29982],[-122.6663,49.29982],[-122.6663,49.29982],[-122.6663,49.29982],[-122.6663,49.29982],[-122.6663,49.29982],[-122.66629,49.29982],[-122.66629,49.29982],[-122.66629,49.29982],[-122.66629,49.29982],[-122.66629,49.29982],[-122.66629,49.29982],[-122.66628,49.29982],[-122.66628,49.29982],[-122.66628,49.29982],[-122.66628,49.29982],[-122.66628,49.29982],[-122.66628,49.29982],[-122.66627,49.29982],[-122.66627,49.29981],[-122.66627,49.29981],[-122.66627,49.29981],[-122.66627,49.29981],[-122.66627,49.29981],[-122.66626,49.29981],[-122.66626,49.29981],[-122.66626,49.29981],[-122.66626,49.29981],[-122.66626,49.29981],[-122.66626,49.29981],[-122.66625,49.29981],[-122.66625,49.29981],[-122.66625,49.29981],[-122.66625,49.29981],[-122.66625,49.29981],[-122.66625,49.29981],[-122.66624,49.29981],[-122.66624,49.29981],[-122.66624,49.29981],[-122.66624,49.29981],[-122.66624,49.29981],[-122.66624,49.29981],[-122.66623,49.29981],[-122.66623,49.29981],[-122.66623,49.29981],[-122.66623,49.29981],[-122.66623,49.2998],[-122.66623,49.2998],[-122.66622,49.2998],[-122.66622,49.2998],[-122.66622,49.2998],[-122.66622,49.2998],[-122.66622,49.2998],[-122.66622,49.2998],[-122.66621,49.2998],[-122.66621,49.2998],[-122.66621,49.2998],[-122.66621,49.2998],[-122.66621,49.2998],[-122.66621,49.2998],[-122.6662,49.2998],[-122.6662,49.2998],[-122.6662,49.2998],[-122.6662,49.2998],[-122.6662,49.2998],[-122.6662,49.2998],[-122.66619,49.2998],[-122.66619,49.2998],[-122.66619,49.2998],[-122.66619,49.2998],[-122.66619,49.2998],[-122.66619,49.2998],[-122.66619,49.29979],[-122.66618,49.29979],[-122.66618,49.29979],[-122.66618,49.29979],[-122.66618,49.29979],[-122.66618,49.29979],[-122.66618,49.29979],[-122.66617,49.29979],[-122.66617,49.29979],[-122.66617,49.29979],[-122.66617,49.29979],[-122.66617,49.29979],[-122.66617,49.29979],[-122.66616,49.29979],[-122.66616,49.29979],[-122.66616,49.29979],[-122.66616,49.29979],[-122.66616,49.29979],[-122.66616,49.29979],[-122.66615,49.29979],[-122.66615,49.29979],[-122.66615,49.29979],[-122.66615,49.29979],[-122.66615,49.29979],[-122.66615,49.29979],[-122.66614,49.29979],[-122.66614,49.29979],[-122.66614,49.29978],[-122.66614,49.29978],[-122.66614,49.29978],[-122.66614,49.29978],[-122.66613,49.29978],[-122.66613,49.29978],[-122.66613,49.29978],[-122.66613,49.29978],[-122.66613,49.29978],[-122.66613,49.29978],[-122.66612,49.29978],[-122.66612,49.29978],[-122.66612,49.29978],[-122.66612,49.29978],[-122.66612,49.29978],[-122.66612,49.29978],[-122.66611,49.29978],[-122.66611,49.29978],[-122.66611,49.29978],[-122.66611,49.29978],[-122.66611,49.29978],[-122.66611,49.29978],[-122.6661,49.29978],[-122.6661,49.29978],[-122.6661,49.29978],[-122.6661,49.29978],[-122.6661,49.29977],[-122.6661,49.29977],[-122.66609,49.29977],[-122.66609,49.29977],[-122.66609,49.29977],[-122.66609,49.29977],[-122.66609,49.29977],[-122.66609,49.29977],[-122.66608,49.29977],[-122.66608,49.29977],[-122.66608,49.29977],[-122.66608,49.29977],[-122.66608,49.29977],[-122.66608,49.29977],[-122.66607,49.29977],[-122.66607,49.29977],[-122.66607,49.29977],[-122.66607,49.29977],[-122.66607,49.29977],[-122.66607,49.29977],[-122.66606,49.29977],[-122.66606,49.29977],[-122.66606,49.29977],[-122.66606,49.29977],[-122.66606,49.29977],[-122.66606,49.29977],[-122.66605,49.29976],[-122.66605,49.29976],[-122.66605,49.29976],[-122.66605,49.29976],[-122.66605,49.29976],[-122.66605,49.29976],[-122.66605,49.29976],[-122.66604,49.29976],[-122.66604,49.29976],[-122.66604,49.29976],[-122.66604,49.29976],[-122.66604,49.29976],[-122.66604,49.29976],[-122.66603,49.29976],[-122.66603,49.29976],[-122.66603,49.29976],[-122.66603,49.29976],[-122.66603,49.29976],[-122.66603,49.29976],[-122.66602,49.29976],[-122.66602,49.29976],[-122.66602,49.29976],[-122.66602,49.29976],[-122.66602,49.29976],[-122.66602,49.29976],[-122.66601,49.29976],[-122.66601,49.29975],[-122.66601,49.29975],[-122.66601,49.29975],[-122.66601,49.29975],[-122.66601,49.29975],[-122.666,49.29975],[-122.666,49.29975],[-122.666,49.29975],[-122.666,49.29975],[-122.666,49.29975],[-122.666,49.29975],[-122.66599,49.29975],[-122.66599,49.29975],[-122.66599,49.29975],[-122.66599,49.29975],[-122.66599,49.29975],[-122.66599,49.29975],[-122.66598,49.29975],[-122.66598,49.29975],[-122.66598,49.29975],[-122.66598,49.29975],[-122.66598,49.29975],[-122.66598,49.29975],[-122.66597,49.29975],[-122.66597,49.29975],[-122.66597,49.29975],[-122.66597,49.29974],[-122.66597,49.29974],[-122.66597,49.29974],[-122.66596,49.29974],[-122.66596,49.29974],[-122.66596,49.29974],[-122.66596,49.29974],[-122.66596,49.29974],[-122.66596,49.29974],[-122.66595,49.29974],[-122.66595,49.29974],[-122.66595,49.29974],[-122.66595,49.29974],[-122.66595,49.29974],[-122.66595,49.29974],[-122.66594,49.29974],[-122.66594,49.29974],[-122.66594,49.29974],[-122.66594,49.29974],[-122.66594,49.29974],[-122.66594,49.29974],[-122.66593,49.29974],[-122.66593,49.29974],[-122.66593,49.29974],[-122.66593,49.29974],[-122.66593,49.29974],[-122.66593,49.29973],[-122.66593,49.29973],[-122.66592,49.29973],[-122.66592,49.29973],[-122.66592,49.29973],[-122.66592,49.29973],[-122.66592,49.29973],[-122.66592,49.29973],[-122.66591,49.29973],[-122.66591,49.29973],[-122.66591,49.29973],[-122.66591,49.29973],[-122.66591,49.29973],[-122.66591,49.29973],[-122.6659,49.29973],[-122.6659,49.29973],[-122.6659,49.29973],[-122.6659,49.29973],[-122.6659,49.29973],[-122.6659,49.29973],[-122.66589,49.29973],[-122.66589,49.29973],[-122.66589,49.29973],[-122.66589,49.29973],[-122.66589,49.29973],[-122.66589,49.29973],[-122.66588,49.29972],[-122.66588,49.29972],[-122.66588,49.29972],[-122.66588,49.29972],[-122.66588,49.29972],[-122.66588,49.29972],[-122.66587,49.29972],[-122.66587,49.29972],[-122.66587,49.29972],[-122.66587,49.29972],[-122.66587,49.29972],[-122.66587,49.29972],[-122.66586,49.29972],[-122.66586,49.29972],[-122.66586,49.29972],[-122.66586,49.29972],[-122.66586,49.29972],[-122.66586,49.29972],[-122.66585,49.29972],[-122.66585,49.29972],[-122.66585,49.29972],[-122.66585,49.29972],[-122.66585,49.29972],[-122.66585,49.29972],[-122.66584,49.29972],[-122.66584,49.29972],[-122.66584,49.29971],[-122.66584,49.29971],[-122.66584,49.29971],[-122.66584,49.29971],[-122.66583,49.29971],[-122.66583,49.29971],[-122.66583,49.29971],[-122.66583,49.29971],[-122.66583,49.29971],[-122.66583,49.29971],[-122.66582,49.29971],[-122.66582,49.29971],[-122.66582,49.29971],[-122.66582,49.29971],[-122.66582,49.29971],[-122.66582,49.29971],[-122.66582,49.29971],[-122.66581,49.29971],[-122.66581,49.29971],[-122.66581,49.29971],[-122.66581,49.29971],[-122.66581,49.29971],[-122.66581,49.29971],[-122.6658,49.29971],[-122.6658,49.29971],[-122.6658,49.2997],[-122.6658,49.2997],[-122.6658,49.2997],[-122.6658,49.2997],[-122.66579,49.2997],[-122.66579,49.2997],[-122.66579,49.2997],[-122.66579,49.2997],[-122.66579,49.2997],[-122.66579,49.2997],[-122.66578,49.2997],[-122.66578,49.2997],[-122.66578,49.2997],[-122.66578,49.2997],[-122.66578,49.2997],[-122.66578,49.2997],[-122.66577,49.2997],[-122.66577,49.2997],[-122.66577,49.2997],[-122.66577,49.2997],[-122.66577,49.2997],[-122.66577,49.2997],[-122.66576,49.2997],[-122.66576,49.2997],[-122.66576,49.2997],[-122.66576,49.2997],[-122.66576,49.29969],[-122.66576,49.29969],[-122.66575,49.29969],[-122.66575,49.29969],[-122.66575,49.29969],[-122.66575,49.29969],[-122.66575,49.29969],[-122.66575,49.29969],[-122.66574,49.29969],[-122.66574,49.29969],[-122.66574,49.29969],[-122.66574,49.29969],[-122.66574,49.29969],[-122.66574,49.29969],[-122.66573,49.29969],[-122.66573,49.29969],[-122.66573,49.29969],[-122.66573,49.29969],[-122.66573,49.29969],[-122.66573,49.29969],[-122.66572,49.29969],[-122.66572,49.29969],[-122.66572,49.29969],[-122.66572,49.29969],[-122.66572,49.29969],[-122.66572,49.29968],[-122.66572,49.29968],[-122.66571,49.29968],[-122.66571,49.29968],[-122.66571,49.29968],[-122.66571,49.29968],[-122.66571,49.29968],[-122.66571,49.29968],[-122.6657,49.29968],[-122.6657,49.29968],[-122.6657,49.29968],[-122.6657,49.29968],[-122.6657,49.29968],[-122.6657,49.29968],[-122.66569,49.29968],[-122.66569,49.29968],[-122.66569,49.29968],[-122.66569,49.29968],[-122.66569,49.29968],[-122.66569,49.29968],[-122.66568,49.29968],[-122.66568,49.29968],[-122.66568,49.29968],[-122.66568,49.29968],[-122.66568,49.29968],[-122.66568,49.29968],[-122.66567,49.29967],[-122.66567,49.29967],[-122.66567,49.29967],[-122.66567,49.29967],[-122.66567,49.29967],[-122.66567,49.29967],[-122.66566,49.29967],[-122.66566,49.29967],[-122.66566,49.29967],[-122.66566,49.29967],[-122.66566,49.29967],[-122.66566,49.29967],[-122.66565,49.29967],[-122.66565,49.29967],[-122.66565,49.29967],[-122.66565,49.29967],[-122.66565,49.29967],[-122.66565,49.29967],[-122.66564,49.29967],[-122.66564,49.29967],[-122.66564,49.29967],[-122.66564,49.29967],[-122.66564,49.29967],[-122.66564,49.29967],[-122.66563,49.29967],[-122.66563,49.29966],[-122.66563,49.29966],[-122.66563,49.29966],[-122.66563,49.29966],[-122.66563,49.29966],[-122.66562,49.29966],[-122.66562,49.29966],[-122.66562,49.29966],[-122.66562,49.29966],[-122.66562,49.29966],[-122.66562,49.29966],[-122.66562,49.29966],[-122.66561,49.29966],[-122.66561,49.29966],[-122.66561,49.29966],[-122.66561,49.29966],[-122.66561,49.29966],[-122.66561,49.29966],[-122.6656,49.29966],[-122.6656,49.29966],[-122.6656,49.29966],[-122.6656,49.29966],[-122.6656,49.29966],[-122.6656,49.29966],[-122.66559,49.29966],[-122.66559,49.29965],[-122.66559,49.29965],[-122.66559,49.29965],[-122.66559,49.29965],[-122.66559,49.29965],[-122.66558,49.29965],[-122.66558,49.29965],[-122.66558,49.29965],[-122.66558,49.29965],[-122.66558,49.29965],[-122.66558,49.29965],[-122.66557,49.29965],[-122.66557,49.29965],[-122.66557,49.29965],[-122.66557,49.29965],[-122.66557,49.29965],[-122.66557,49.29965],[-122.66556,49.29965],[-122.66556,49.29965],[-122.66556,49.29965],[-122.66556,49.29965],[-122.66556,49.29965],[-122.66556,49.29965],[-122.66555,49.29965],[-122.66555,49.29965],[-122.66555,49.29964],[-122.66555,49.29964],[-122.66555,49.29964],[-122.66555,49.29964],[-122.66554,49.29964],[-122.66554,49.29964],[-122.66554,49.29964],[-122.66554,49.29964],[-122.66554,49.29964],[-122.66554,49.29964],[-122.66553,49.29964],[-122.66553,49.29964],[-122.66553,49.29964],[-122.66553,49.29964],[-122.66553,49.29964],[-122.66553,49.29964],[-122.66553,49.29964],[-122.66552,49.29964],[-122.66552,49.29964],[-122.66552,49.29964],[-122.66552,49.29964],[-122.66552,49.29964],[-122.66552,49.29964],[-122.66551,49.29964],[-122.66551,49.29964],[-122.66551,49.29963],[-122.66551,49.29963],[-122.66551,49.29963],[-122.66551,49.29963],[-122.6655,49.29963],[-122.6655,49.29963],[-122.6655,49.29963],[-122.6655,49.29963],[-122.6655,49.29963],[-122.6655,49.29963],[-122.66549,49.29963],[-122.66549,49.29963],[-122.66549,49.29963],[-122.66549,49.29963],[-122.66549,49.29963],[-122.66549,49.29963],[-122.66548,49.29963],[-122.66548,49.29963],[-122.66548,49.29963],[-122.66548,49.29963],[-122.66548,49.29963],[-122.66548,49.29963],[-122.66547,49.29963],[-122.66547,49.29963],[-122.66547,49.29963],[-122.66547,49.29962],[-122.66547,49.29962],[-122.66547,49.29962],[-122.66546,49.29962],[-122.66546,49.29962],[-122.66546,49.29962],[-122.66546,49.29962],[-122.66546,49.29962],[-122.66546,49.29962],[-122.66545,49.29962],[-122.66545,49.29962],[-122.66545,49.29962],[-122.66545,49.29962],[-122.66545,49.29962],[-122.66545,49.29962],[-122.66545,49.29962],[-122.66544,49.29962],[-122.66544,49.29962],[-122.66544,49.29962],[-122.66544,49.29962],[-122.66544,49.29962],[-122.66544,49.29962],[-122.66543,49.29962],[-122.66543,49.29962],[-122.66543,49.29961],[-122.66543,49.29961],[-122.66543,49.29961],[-122.66543,49.29961],[-122.66542,49.29961],[-122.66542,49.29961],[-122.66542,49.29961],[-122.66542,49.29961],[-122.66542,49.29961],[-122.66542,49.29961],[-122.66541,49.29961],[-122.66541,49.29961],[-122.66541,49.29961],[-122.66541,49.29961],[-122.66541,49.29961],[-122.66541,49.29961],[-122.6654,49.29961],[-122.6654,49.29961],[-122.6654,49.29961],[-122.6654,49.29961],[-122.6654,49.29961],[-122.6654,49.29961],[-122.66539,49.29961],[-122.66539,49.29961],[-122.66539,49.29961],[-122.66539,49.2996],[-122.66539,49.2996],[-122.66539,49.2996],[-122.66538,49.2996],[-122.66538,49.2996],[-122.66538,49.2996],[-122.66538,49.2996],[-122.66538,49.2996],[-122.66538,49.2996],[-122.66537,49.2996],[-122.66537,49.2996],[-122.66537,49.2996],[-122.66537,49.2996],[-122.66537,49.2996],[-122.66537,49.2996],[-122.66537,49.2996],[-122.66536,49.2996],[-122.66536,49.2996],[-122.66536,49.2996],[-122.66536,49.2996],[-122.66536,49.2996],[-122.66536,49.2996],[-122.66535,49.2996],[-122.66535,49.2996],[-122.66535,49.29959],[-122.66535,49.29959],[-122.66535,49.29959],[-122.66535,49.29959],[-122.66534,49.29959],[-122.66534,49.29959],[-122.66534,49.29959],[-122.66534,49.29959],[-122.66534,49.29959],[-122.66534,49.29959],[-122.66533,49.29959],[-122.66533,49.29959],[-122.66533,49.29959],[-122.66533,49.29959],[-122.66533,49.29959],[-122.66533,49.29959],[-122.66532,49.29959],[-122.66532,49.29959],[-122.66532,49.29959],[-122.66532,49.29959],[-122.66532,49.29959],[-122.66532,49.29959],[-122.66531,49.29959],[-122.66531,49.29959],[-122.66531,49.29959],[-122.66531,49.29958],[-122.66531,49.29958],[-122.66531,49.29958],[-122.6653,49.29958],[-122.6653,49.29958],[-122.6653,49.29958],[-122.6653,49.29958],[-122.6653,49.29958],[-122.6653,49.29958],[-122.6653,49.29958],[-122.66529,49.29958],[-122.66529,49.29958],[-122.66529,49.29958],[-122.66529,49.29958],[-122.66529,49.29958],[-122.66529,49.29958],[-122.66528,49.29958],[-122.66528,49.29958],[-122.66528,49.29958],[-122.66528,49.29958],[-122.66528,49.29958],[-122.66528,49.29958],[-122.66527,49.29958],[-122.66527,49.29958],[-122.66527,49.29957],[-122.66527,49.29957],[-122.66527,49.29957],[-122.66527,49.29957],[-122.66526,49.29957],[-122.66526,49.29957],[-122.66526,49.29957],[-122.66526,49.29957],[-122.66526,49.29957],[-122.66526,49.29957],[-122.66525,49.29957],[-122.66525,49.29957],[-122.66525,49.29957],[-122.66525,49.29957],[-122.66525,49.29957],[-122.66525,49.29957],[-122.66524,49.29957],[-122.66524,49.29957],[-122.66524,49.29957],[-122.66524,49.29957],[-122.66524,49.29957],[-122.66524,49.29957],[-122.66523,49.29957],[-122.66523,49.29957],[-122.66523,49.29957],[-122.66523,49.29956],[-122.66523,49.29956],[-122.66523,49.29956],[-122.66523,49.29956],[-122.66522,49.29956],[-122.66522,49.29956],[-122.66522,49.29956],[-122.66522,49.29956],[-122.66522,49.29956],[-122.66522,49.29956],[-122.66521,49.29956],[-122.66521,49.29956],[-122.66521,49.29956],[-122.66521,49.29956],[-122.66521,49.29956],[-122.66521,49.29956],[-122.6652,49.29956],[-122.6652,49.29956],[-122.6652,49.29956],[-122.6652,49.29956],[-122.6652,49.29956],[-122.6652,49.29956],[-122.66519,49.29956],[-122.66519,49.29956],[-122.66519,49.29955],[-122.66519,49.29955],[-122.66519,49.29955],[-122.66519,49.29955],[-122.66518,49.29955],[-122.66518,49.29955],[-122.66518,49.29955],[-122.66518,49.29955],[-122.66518,49.29955],[-122.66518,49.29955],[-122.66517,49.29955],[-122.66517,49.29955],[-122.66517,49.29955],[-122.66517,49.29955],[-122.66517,49.29955],[-122.66517,49.29955],[-122.66516,49.29955],[-122.66516,49.29955],[-122.66516,49.29955],[-122.66516,49.29955],[-122.66516,49.29955],[-122.66516,49.29955],[-122.66516,49.29955],[-122.66515,49.29955],[-122.66515,49.29954],[-122.66515,49.29954],[-122.66515,49.29954],[-122.66515,49.29954],[-122.66515,49.29954],[-122.66514,49.29954],[-122.66514,49.29954],[-122.66514,49.29954],[-122.66514,49.29954],[-122.66514,49.29954],[-122.66514,49.29954],[-122.66513,49.29954],[-122.66513,49.29954],[-122.66513,49.29954],[-122.66513,49.29954],[-122.66513,49.29954],[-122.66513,49.29954],[-122.66512,49.29954],[-122.66512,49.29954],[-122.66512,49.29954],[-122.66512,49.29954],[-122.66512,49.29954],[-122.66512,49.29954],[-122.66511,49.29954],[-122.66511,49.29953],[-122.66511,49.29953],[-122.66511,49.29953],[-122.66511,49.29953],[-122.66511,49.29953],[-122.6651,49.29953],[-122.6651,49.29953],[-122.6651,49.29953],[-122.6651,49.29953],[-122.6651,49.29953],[-122.6651,49.29953],[-122.66509,49.29953],[-122.66509,49.29953],[-122.66509,49.29953],[-122.66509,49.29953],[-122.66509,49.29953],[-122.66509,49.29953],[-122.66509,49.29953],[-122.66508,49.29953],[-122.66508,49.29953],[-122.66508,49.29953],[-122.66508,49.29953],[-122.66508,49.29953],[-122.66508,49.29953],[-122.66507,49.29952],[-122.66507,49.29952],[-122.66507,49.29952],[-122.66507,49.29952],[-122.66507,49.29952],[-122.66507,49.29952],[-122.66506,49.29952],[-122.66506,49.29952],[-122.66506,49.29952],[-122.66506,49.29952],[-122.66506,49.29952],[-122.66506,49.29952],[-122.66505,49.29952],[-122.66505,49.29952],[-122.66505,49.29952],[-122.66505,49.29952],[-122.66505,49.29952],[-122.66505,49.29952],[-122.66504,49.29952],[-122.66504,49.29952],[-122.66504,49.29952],[-122.66504,49.29952],[-122.66504,49.29952],[-122.66504,49.29952],[-122.66503,49.29951],[-122.66503,49.29951],[-122.66503,49.29951],[-122.66503,49.29951],[-122.66503,49.29951],[-122.66503,49.29951],[-122.66503,49.29951],[-122.66502,49.29951],[-122.66502,49.29951],[-122.66502,49.29951],[-122.66502,49.29951],[-122.66502,49.29951],[-122.66502,49.29951],[-122.66501,49.29951],[-122.66501,49.29951],[-122.66501,49.29951],[-122.66501,49.29951],[-122.66501,49.29951],[-122.66501,49.29951],[-122.665,49.29951],[-122.665,49.29951],[-122.665,49.29951],[-122.665,49.29951],[-122.665,49.29951],[-122.665,49.2995],[-122.66499,49.2995],[-122.66499,49.2995],[-122.66499,49.2995],[-122.66499,49.2995],[-122.66499,49.2995],[-122.66499,49.2995],[-122.66498,49.2995],[-122.66498,49.2995],[-122.66498,49.2995],[-122.66498,49.2995],[-122.66498,49.2995],[-122.66498,49.2995],[-122.66497,49.2995],[-122.66497,49.2995],[-122.66497,49.2995],[-122.66497,49.2995],[-122.66497,49.2995],[-122.66497,49.2995],[-122.66497,49.2995],[-122.66496,49.2995],[-122.66496,49.2995],[-122.66496,49.2995],[-122.66496,49.29949],[-122.66496,49.29949],[-122.66496,49.29949],[-122.66495,49.29949],[-122.66495,49.29949],[-122.66495,49.29949],[-122.66495,49.29949],[-122.66495,49.29949],[-122.66495,49.29949],[-122.66494,49.29949],[-122.66494,49.29949],[-122.66494,49.29949],[-122.66494,49.29949],[-122.66494,49.29949],[-122.66494,49.29949],[-122.66493,49.29949],[-122.66493,49.29949],[-122.66493,49.29949],[-122.66493,49.29949],[-122.66493,49.29949],[-122.66493,49.29949],[-122.66492,49.29949],[-122.66492,49.29949],[-122.66492,49.29949],[-122.66492,49.29948],[-122.66492,49.29948],[-122.66492,49.29948],[-122.66491,49.29948],[-122.66491,49.29948],[-122.66491,49.29948],[-122.66491,49.29948],[-122.66491,49.29948],[-122.66491,49.29948],[-122.66491,49.29948],[-122.6649,49.29948],[-122.6649,49.29948],[-122.6649,49.29948],[-122.6649,49.29948],[-122.6649,49.29948],[-122.6649,49.29948],[-122.66489,49.29948],[-122.66489,49.29948],[-122.66489,49.29948],[-122.66489,49.29948],[-122.66489,49.29948],[-122.66489,49.29948],[-122.66488,49.29948],[-122.66488,49.29947],[-122.66488,49.29947],[-122.66488,49.29947],[-122.66488,49.29947],[-122.66488,49.29947],[-122.66487,49.29947],[-122.66487,49.29947],[-122.66487,49.29947],[-122.66487,49.29947],[-122.66487,49.29947],[-122.66487,49.29947],[-122.66486,49.29947],[-122.66486,49.29947],[-122.66486,49.29947],[-122.66486,49.29947],[-122.66486,49.29947],[-122.66486,49.29947],[-122.66485,49.29947],[-122.66485,49.29947],[-122.66485,49.29947],[-122.66485,49.29947],[-122.66485,49.29947],[-122.66485,49.29947],[-122.66485,49.29947],[-122.66484,49.29946],[-122.66484,49.29946],[-122.66484,49.29946],[-122.66484,49.29946],[-122.66484,49.29946],[-122.66484,49.29946],[-122.66483,49.29946],[-122.66483,49.29946],[-122.66483,49.29946],[-122.66483,49.29946],[-122.66483,49.29946],[-122.66483,49.29946],[-122.66482,49.29946],[-122.66482,49.29946],[-122.66482,49.29946],[-122.66482,49.29946],[-122.66482,49.29946],[-122.66482,49.29946],[-122.66481,49.29946],[-122.66481,49.29946],[-122.66481,49.29946],[-122.66481,49.29946],[-122.66481,49.29946],[-122.66481,49.29945],[-122.6648,49.29945],[-122.6648,49.29945],[-122.6648,49.29945],[-122.6648,49.29945],[-122.6648,49.29945],[-122.6648,49.29945],[-122.66479,49.29945],[-122.66479,49.29945],[-122.66479,49.29945],[-122.66479,49.29945],[-122.66479,49.29945],[-122.66479,49.29945],[-122.66479,49.29945],[-122.66478,49.29945],[-122.66478,49.29945],[-122.66478,49.29945],[-122.66478,49.29945],[-122.66478,49.29945],[-122.66478,49.29945],[-122.66477,49.29945],[-122.66477,49.29945],[-122.66477,49.29945],[-122.66477,49.29945],[-122.66477,49.29944],[-122.66477,49.29944],[-122.66476,49.29944],[-122.66476,49.29944],[-122.66476,49.29944],[-122.66476,49.29944],[-122.66476,49.29944],[-122.66476,49.29944],[-122.66475,49.29944],[-122.66475,49.29944],[-122.66475,49.29944],[-122.66475,49.29944],[-122.66475,49.29944],[-122.66475,49.29944],[-122.66474,49.29944],[-122.66474,49.29944],[-122.66474,49.29944],[-122.66474,49.29944],[-122.66474,49.29944],[-122.66474,49.29944],[-122.66474,49.29944],[-122.66473,49.29944],[-122.66473,49.29944],[-122.66473,49.29943],[-122.66473,49.29943],[-122.66473,49.29943],[-122.66473,49.29943],[-122.66472,49.29943],[-122.66472,49.29943],[-122.66472,49.29943],[-122.66472,49.29943],[-122.66472,49.29943],[-122.66472,49.29943],[-122.66471,49.29943],[-122.66471,49.29943],[-122.66471,49.29943],[-122.66471,49.29943],[-122.66471,49.29943],[-122.66471,49.29943],[-122.6647,49.29943],[-122.6647,49.29943],[-122.6647,49.29943],[-122.6647,49.29943],[-122.6647,49.29943],[-122.6647,49.29943],[-122.66469,49.29943],[-122.66469,49.29942],[-122.66469,49.29942],[-122.66469,49.29942],[-122.66469,49.29942],[-122.66469,49.29942],[-122.66468,49.29942],[-122.66468,49.29942],[-122.66468,49.29942],[-122.66468,49.29942],[-122.66468,49.29942],[-122.66468,49.29942],[-122.66468,49.29942],[-122.66467,49.29942],[-122.66467,49.29942],[-122.66467,49.29942],[-122.66467,49.29942],[-122.66467,49.29942],[-122.66467,49.29942],[-122.66466,49.29942],[-122.66466,49.29942],[-122.66466,49.29942],[-122.66466,49.29942],[-122.66466,49.29942],[-122.66466,49.29941],[-122.66465,49.29941],[-122.66465,49.29941],[-122.66465,49.29941],[-122.66465,49.29941],[-122.66465,49.29941],[-122.66465,49.29941],[-122.66464,49.29941],[-122.66464,49.29941],[-122.66464,49.29941],[-122.66464,49.29941],[-122.66464,49.29941],[-122.66464,49.29941],[-122.66463,49.29941],[-122.66463,49.29941],[-122.66463,49.29941],[-122.66463,49.29941],[-122.66463,49.29941],[-122.66463,49.29941],[-122.66463,49.29941],[-122.66462,49.29941],[-122.66462,49.29941],[-122.66462,49.29941],[-122.66462,49.2994],[-122.66462,49.2994],[-122.66462,49.2994],[-122.66461,49.2994],[-122.66461,49.2994],[-122.66461,49.2994],[-122.66461,49.2994],[-122.66461,49.2994],[-122.66461,49.2994],[-122.6646,49.2994],[-122.6646,49.2994],[-122.6646,49.2994],[-122.6646,49.2994],[-122.6646,49.2994],[-122.6646,49.2994],[-122.66459,49.2994],[-122.66459,49.2994],[-122.66459,49.2994],[-122.66459,49.2994],[-122.66459,49.2994],[-122.66459,49.2994],[-122.66458,49.2994],[-122.66458,49.2994],[-122.66458,49.29939],[-122.66458,49.29939],[-122.66458,49.29939],[-122.66458,49.29939],[-122.66458,49.29939],[-122.66457,49.29939],[-122.66457,49.29939],[-122.66457,49.29939],[-122.66457,49.29939],[-122.66457,49.29939],[-122.66457,49.29939],[-122.66456,49.29939],[-122.66456,49.29939],[-122.66456,49.29939],[-122.66456,49.29939],[-122.66456,49.29939],[-122.66456,49.29939],[-122.66455,49.29939],[-122.66455,49.29939],[-122.66455,49.29939],[-122.66455,49.29939],[-122.66455,49.29939],[-122.66455,49.29939],[-122.66454,49.29938],[-122.66454,49.29938],[-122.66454,49.29938],[-122.66454,49.29938],[-122.66454,49.29938],[-122.66454,49.29938],[-122.66453,49.29938],[-122.66453,49.29938],[-122.66453,49.29938],[-122.66453,49.29938],[-122.66453,49.29938],[-122.66453,49.29938],[-122.66453,49.29938],[-122.66452,49.29938],[-122.66452,49.29938],[-122.66452,49.29938],[-122.66452,49.29938],[-122.66452,49.29938],[-122.66452,49.29938],[-122.66451,49.29938],[-122.66451,49.29938],[-122.66451,49.29938],[-122.66451,49.29938],[-122.66451,49.29937],[-122.66451,49.29937],[-122.6645,49.29937],[-122.6645,49.29937],[-122.6645,49.29937],[-122.6645,49.29937],[-122.6645,49.29937],[-122.6645,49.29937],[-122.66449,49.29937],[-122.66449,49.29937],[-122.66449,49.29937],[-122.66449,49.29937],[-122.66449,49.29937],[-122.66449,49.29937],[-122.66448,49.29937],[-122.66448,49.29937],[-122.66448,49.29937],[-122.66448,49.29937],[-122.66448,49.29937],[-122.66448,49.29937],[-122.66448,49.29937],[-122.66447,49.29937],[-122.66447,49.29937],[-122.66447,49.29936],[-122.66447,49.29936],[-122.66447,49.29936],[-122.66447,49.29936],[-122.66446,49.29936],[-122.66446,49.29936],[-122.66446,49.29936],[-122.66446,49.29936],[-122.66446,49.29936],[-122.66446,49.29936],[-122.66445,49.29936],[-122.66445,49.29936],[-122.66445,49.29936],[-122.66445,49.29936],[-122.66445,49.29936],[-122.66445,49.29936],[-122.66444,49.29936],[-122.66444,49.29936],[-122.66444,49.29936],[-122.66444,49.29936],[-122.66444,49.29936],[-122.66444,49.29936],[-122.66443,49.29935],[-122.66443,49.29935],[-122.66443,49.29935],[-122.66443,49.29935],[-122.66443,49.29935],[-122.66443,49.29935],[-122.66443,49.29935],[-122.66442,49.29935],[-122.66442,49.29935],[-122.66442,49.29935],[-122.66442,49.29935],[-122.66442,49.29935],[-122.66442,49.29935],[-122.66441,49.29935],[-122.66441,49.29935],[-122.66441,49.29935],[-122.66441,49.29935],[-122.66441,49.29935],[-122.66441,49.29935],[-122.6644,49.29935],[-122.6644,49.29935],[-122.6644,49.29935],[-122.6644,49.29935],[-122.6644,49.29934],[-122.6644,49.29934],[-122.66439,49.29934],[-122.66439,49.29934],[-122.66439,49.29934],[-122.66439,49.29934],[-122.66439,49.29934],[-122.66439,49.29934],[-122.66438,49.29934],[-122.66438,49.29934],[-122.66438,49.29934],[-122.66438,49.29934],[-122.66438,49.29934],[-122.66438,49.29934],[-122.66438,49.29934],[-122.66437,49.29934],[-122.66437,49.29934],[-122.66437,49.29934],[-122.66437,49.29934],[-122.66437,49.29934],[-122.66437,49.29934],[-122.66436,49.29934],[-122.66436,49.29933],[-122.66436,49.29933],[-122.66436,49.29933],[-122.66436,49.29933],[-122.66436,49.29933],[-122.66435,49.29933],[-122.66435,49.29933],[-122.66435,49.29933],[-122.66435,49.29933],[-122.66435,49.29933],[-122.66435,49.29933],[-122.66434,49.29933],[-122.66434,49.29933],[-122.66434,49.29933],[-122.66434,49.29933],[-122.66434,49.29933],[-122.66434,49.29933],[-122.66434,49.29933],[-122.66433,49.29933],[-122.66433,49.29933],[-122.66433,49.29933],[-122.66433,49.29933],[-122.66433,49.29933],[-122.66433,49.29932],[-122.66432,49.29932],[-122.66432,49.29932],[-122.66432,49.29932],[-122.66432,49.29932],[-122.66432,49.29932],[-122.66432,49.29932],[-122.66431,49.29932],[-122.66431,49.29932],[-122.66431,49.29932],[-122.66431,49.29932],[-122.66431,49.29932],[-122.66431,49.29932],[-122.6643,49.29932],[-122.6643,49.29932],[-122.6643,49.29932],[-122.6643,49.29932],[-122.6643,49.29932],[-122.6643,49.29932],[-122.66429,49.29932],[-122.66429,49.29932],[-122.66429,49.29932],[-122.66429,49.29931],[-122.66429,49.29931],[-122.66429,49.29931],[-122.66429,49.29931],[-122.66428,49.29931],[-122.66428,49.29931],[-122.66428,49.29931],[-122.66428,49.29931],[-122.66428,49.29931],[-122.66428,49.29931],[-122.66427,49.29931],[-122.66427,49.29931],[-122.66427,49.29931],[-122.66427,49.29931],[-122.66427,49.29931],[-122.66427,49.29931],[-122.66426,49.29931],[-122.66426,49.29931],[-122.66426,49.29931],[-122.66426,49.29931],[-122.66426,49.29931],[-122.66426,49.29931],[-122.66425,49.2993],[-122.66425,49.2993],[-122.66425,49.2993],[-122.66425,49.2993],[-122.66425,49.2993],[-122.66425,49.2993],[-122.66425,49.2993],[-122.66424,49.2993],[-122.66424,49.2993],[-122.66424,49.2993],[-122.66424,49.2993],[-122.66424,49.2993],[-122.66424,49.2993],[-122.66423,49.2993],[-122.66423,49.2993],[-122.66423,49.2993],[-122.66423,49.2993],[-122.66423,49.2993],[-122.66423,49.2993],[-122.66422,49.2993],[-122.66422,49.2993],[-122.66422,49.2993],[-122.66422,49.2993],[-122.66422,49.29929],[-122.66422,49.29929],[-122.66421,49.29929],[-122.66421,49.29929],[-122.66421,49.29929],[-122.66421,49.29929],[-122.66421,49.29929],[-122.66421,49.29929],[-122.6642,49.29929],[-122.6642,49.29929],[-122.6642,49.29929],[-122.6642,49.29929],[-122.6642,49.29929],[-122.6642,49.29929],[-122.6642,49.29929],[-122.66419,49.29929],[-122.66419,49.29929],[-122.66419,49.29929],[-122.66419,49.29929],[-122.66419,49.29929],[-122.66419,49.29929],[-122.66418,49.29929],[-122.66418,49.29928],[-122.66418,49.29928],[-122.66418,49.29928],[-122.66418,49.29928],[-122.66418,49.29928],[-122.66417,49.29928],[-122.66417,49.29928],[-122.66417,49.29928],[-122.66417,49.29928],[-122.66417,49.29928],[-122.66417,49.29928],[-122.66416,49.29928],[-122.66416,49.29928],[-122.66416,49.29928],[-122.66416,49.29928],[-122.66416,49.29928],[-122.66416,49.29928],[-122.66416,49.29928],[-122.66415,49.29928],[-122.66415,49.29928],[-122.66415,49.29928],[-122.66415,49.29928],[-122.66415,49.29927],[-122.66415,49.29927],[-122.66414,49.29927],[-122.66414,49.29927],[-122.66414,49.29927],[-122.66414,49.29927],[-122.66414,49.29927],[-122.66414,49.29927],[-122.66413,49.29927],[-122.66413,49.29927],[-122.66413,49.29927],[-122.66413,49.29927],[-122.66413,49.29927],[-122.66413,49.29927],[-122.66412,49.29927],[-122.66412,49.29927],[-122.66412,49.29927],[-122.66412,49.29927],[-122.66412,49.29927],[-122.66412,49.29927],[-122.66412,49.29927],[-122.66411,49.29927],[-122.66411,49.29926],[-122.66411,49.29926],[-122.66411,49.29926],[-122.66411,49.29926],[-122.66411,49.29926],[-122.6641,49.29926],[-122.6641,49.29926],[-122.6641,49.29926],[-122.6641,49.29926],[-122.6641,49.29926],[-122.6641,49.29926],[-122.66409,49.29926],[-122.66409,49.29926],[-122.66409,49.29926],[-122.66409,49.29926],[-122.66409,49.29926],[-122.66409,49.29926],[-122.66408,49.29926],[-122.66408,49.29926],[-122.66408,49.29926],[-122.66408,49.29926],[-122.66408,49.29926],[-122.66408,49.29925],[-122.66407,49.29925],[-122.66407,49.29925],[-122.66407,49.29925],[-122.66407,49.29925],[-122.66407,49.29925],[-122.66407,49.29925],[-122.66407,49.29925],[-122.66406,49.29925],[-122.66406,49.29925],[-122.66406,49.29925],[-122.66406,49.29925],[-122.66406,49.29925],[-122.66406,49.29925],[-122.66405,49.29925],[-122.66405,49.29925],[-122.66405,49.29925],[-122.66405,49.29925],[-122.66405,49.29925],[-122.66405,49.29925],[-122.66404,49.29925],[-122.66404,49.29925],[-122.66404,49.29924],[-122.66404,49.29924],[-122.66404,49.29924],[-122.66404,49.29924],[-122.66403,49.29924],[-122.66403,49.29924],[-122.66403,49.29924],[-122.66403,49.29924],[-122.66403,49.29924],[-122.66403,49.29924],[-122.66403,49.29924],[-122.66402,49.29924],[-122.66402,49.29924],[-122.66402,49.29924],[-122.66402,49.29924],[-122.66402,49.29924],[-122.66402,49.29924],[-122.66401,49.29924],[-122.66401,49.29924],[-122.66401,49.29924],[-122.66401,49.29924],[-122.66401,49.29924],[-122.66401,49.29923],[-122.664,49.29923],[-122.664,49.29923],[-122.664,49.29923],[-122.664,49.29923],[-122.664,49.29923],[-122.664,49.29923],[-122.66399,49.29923],[-122.66399,49.29923],[-122.66399,49.29923],[-122.66399,49.29923],[-122.66399,49.29923],[-122.66399,49.29923],[-122.66399,49.29923],[-122.66398,49.29923],[-122.66398,49.29923],[-122.66398,49.29923],[-122.66398,49.29923],[-122.66398,49.29923],[-122.66398,49.29923],[-122.66397,49.29923],[-122.66397,49.29923],[-122.66397,49.29922],[-122.66397,49.29922],[-122.66397,49.29922],[-122.66397,49.29922],[-122.66396,49.29922],[-122.66396,49.29922],[-122.66396,49.29922],[-122.66396,49.29922],[-122.66396,49.29922],[-122.66396,49.29922],[-122.66395,49.29922],[-122.66395,49.29922],[-122.66395,49.29922],[-122.66395,49.29922],[-122.66395,49.29922],[-122.66395,49.29922],[-122.66395,49.29922],[-122.66394,49.29922],[-122.66394,49.29922],[-122.66394,49.29922],[-122.66394,49.29922],[-122.66394,49.29922],[-122.66394,49.29921],[-122.66393,49.29921],[-122.66393,49.29921],[-122.66393,49.29921],[-122.66393,49.29921],[-122.66393,49.29921],[-122.66393,49.29921],[-122.66392,49.29921],[-122.66392,49.29921],[-122.66392,49.29921],[-122.66392,49.29921],[-122.66392,49.29921],[-122.66392,49.29921],[-122.66391,49.29921],[-122.66391,49.29921],[-122.66391,49.29921],[-122.66391,49.29921],[-122.66391,49.29921],[-122.66391,49.29921],[-122.6639,49.29921],[-122.6639,49.29921],[-122.6639,49.29921],[-122.6639,49.2992],[-122.6639,49.2992],[-122.6639,49.2992],[-122.6639,49.2992],[-122.66389,49.2992],[-122.66389,49.2992],[-122.66389,49.2992],[-122.66389,49.2992],[-122.66389,49.2992],[-122.66389,49.2992],[-122.66388,49.2992],[-122.66388,49.2992],[-122.66388,49.2992],[-122.66388,49.2992],[-122.66388,49.2992],[-122.66388,49.2992],[-122.66387,49.2992],[-122.66387,49.2992],[-122.66387,49.2992],[-122.66387,49.2992],[-122.66387,49.2992],[-122.66387,49.2992],[-122.66386,49.29919],[-122.66386,49.29919],[-122.66386,49.29919],[-122.66386,49.29919],[-122.66386,49.29919],[-122.66386,49.29919],[-122.66386,49.29919],[-122.66385,49.29919],[-122.66385,49.29919],[-122.66385,49.29919],[-122.66385,49.29919],[-122.66385,49.29919],[-122.66385,49.29919],[-122.66384,49.29919],[-122.66384,49.29919],[-122.66384,49.29919],[-122.66384,49.29919],[-122.66384,49.29919],[-122.66384,49.29919],[-122.66383,49.29919],[-122.66383,49.29919],[-122.66383,49.29919],[-122.66383,49.29918],[-122.66383,49.29918],[-122.66383,49.29918],[-122.66382,49.29918],[-122.66382,49.29918],[-122.66382,49.29918],[-122.66382,49.29918],[-122.66382,49.29918],[-122.66382,49.29918],[-122.66381,49.29918],[-122.66381,49.29918],[-122.66381,49.29918],[-122.66381,49.29918],[-122.66381,49.29918],[-122.66381,49.29918],[-122.66381,49.29918],[-122.6638,49.29918],[-122.6638,49.29918],[-122.6638,49.29918],[-122.6638,49.29918],[-122.6638,49.29918],[-122.6638,49.29918],[-122.66379,49.29917],[-122.66379,49.29917],[-122.66379,49.29917],[-122.66379,49.29917],[-122.66379,49.29917],[-122.66379,49.29917],[-122.66378,49.29917],[-122.66378,49.29917],[-122.66378,49.29917],[-122.66378,49.29917],[-122.66378,49.29917],[-122.66378,49.29917],[-122.66377,49.29917],[-122.66377,49.29917],[-122.66377,49.29917],[-122.66377,49.29917],[-122.66377,49.29917],[-122.66377,49.29917],[-122.66377,49.29917],[-122.66376,49.29917],[-122.66376,49.29917],[-122.66376,49.29917],[-122.66376,49.29916],[-122.66376,49.29916],[-122.66376,49.29916],[-122.66375,49.29916],[-122.66375,49.29916],[-122.66375,49.29916],[-122.66375,49.29916],[-122.66375,49.29916],[-122.66375,49.29916],[-122.66374,49.29916],[-122.66374,49.29916],[-122.66374,49.29916],[-122.66374,49.29916],[-122.66374,49.29916],[-122.66374,49.29916],[-122.66373,49.29916],[-122.66373,49.29916],[-122.66373,49.29916],[-122.66373,49.29916],[-122.66373,49.29916],[-122.66373,49.29916],[-122.66372,49.29916],[-122.66372,49.29915],[-122.66372,49.29915],[-122.66372,49.29915],[-122.66372,49.29915],[-122.66372,49.29915],[-122.66372,49.29915],[-122.66371,49.29915],[-122.66371,49.29915],[-122.66371,49.29915],[-122.66371,49.29915],[-122.66371,49.29915],[-122.66371,49.29915],[-122.6637,49.29915],[-122.6637,49.29915],[-122.6637,49.29915],[-122.6637,49.29915],[-122.6637,49.29915],[-122.6637,49.29915],[-122.66369,49.29915],[-122.66369,49.29915],[-122.66369,49.29915],[-122.66369,49.29915],[-122.66369,49.29915],[-122.66369,49.29914],[-122.66368,49.29914],[-122.66368,49.29914],[-122.66368,49.29914],[-122.66368,49.29914],[-122.66368,49.29914],[-122.66368,49.29914],[-122.66368,49.29914],[-122.66367,49.29914],[-122.66367,49.29914],[-122.66367,49.29914],[-122.66367,49.29914],[-122.66367,49.29914],[-122.66367,49.29914],[-122.66366,49.29914],[-122.66366,49.29914],[-122.66366,49.29914],[-122.66366,49.29914],[-122.66366,49.29914],[-122.66366,49.29914],[-122.66365,49.29914],[-122.66365,49.29914],[-122.66365,49.29913],[-122.66365,49.29913],[-122.66365,49.29913],[-122.66365,49.29913],[-122.66364,49.29913],[-122.66364,49.29913],[-122.66364,49.29913],[-122.66364,49.29913],[-122.66364,49.29913],[-122.66364,49.29913],[-122.66363,49.29913],[-122.66363,49.29913],[-122.66363,49.29913],[-122.66363,49.29913],[-122.66363,49.29913],[-122.66363,49.29913],[-122.66363,49.29913],[-122.66362,49.29913],[-122.66362,49.29913],[-122.66362,49.29913],[-122.66362,49.29913],[-122.66362,49.29913],[-122.66362,49.29912],[-122.66361,49.29912],[-122.66361,49.29912],[-122.66361,49.29912],[-122.66361,49.29912],[-122.66361,49.29912],[-122.66361,49.29912],[-122.6636,49.29912],[-122.6636,49.29912],[-122.6636,49.29912],[-122.6636,49.29912],[-122.6636,49.29912],[-122.6636,49.29912],[-122.66359,49.29912],[-122.66359,49.29912],[-122.66359,49.29912],[-122.66359,49.29912],[-122.66359,49.29912],[-122.66359,49.29912],[-122.66359,49.29912],[-122.66358,49.29912],[-122.66358,49.29912],[-122.66358,49.29911],[-122.66358,49.29911],[-122.66358,49.29911],[-122.66358,49.29911],[-122.66357,49.29911],[-122.66357,49.29911],[-122.66357,49.29911],[-122.66357,49.29911],[-122.66357,49.29911],[-122.66357,49.29911],[-122.66356,49.29911],[-122.66356,49.29911],[-122.66356,49.29911],[-122.66356,49.29911],[-122.66356,49.29911],[-122.66356,49.29911],[-122.66355,49.29911],[-122.66355,49.29911],[-122.66355,49.29911],[-122.66355,49.29911],[-122.66355,49.29911],[-122.66355,49.29911],[-122.66354,49.2991],[-122.66354,49.2991],[-122.66354,49.2991],[-122.66354,49.2991],[-122.66354,49.2991],[-122.66354,49.2991],[-122.66354,49.2991],[-122.66353,49.2991],[-122.66353,49.2991],[-122.66353,49.2991],[-122.66353,49.2991],[-122.66353,49.2991],[-122.66353,49.2991],[-122.66352,49.2991],[-122.66352,49.2991],[-122.66352,49.2991],[-122.66352,49.2991],[-122.66352,49.2991],[-122.66352,49.2991],[-122.66351,49.2991],[-122.66351,49.2991],[-122.66351,49.2991],[-122.66351,49.29909],[-122.66351,49.29909],[-122.66351,49.29909],[-122.6635,49.29909],[-122.6635,49.29909],[-122.6635,49.29909],[-122.6635,49.29909],[-122.6635,49.29909],[-122.6635,49.29909],[-122.6635,49.29909],[-122.66349,49.29909],[-122.66349,49.29909],[-122.66349,49.29909],[-122.66349,49.29909],[-122.66349,49.29909],[-122.66349,49.29909],[-122.66348,49.29909],[-122.66348,49.29909],[-122.66348,49.29909],[-122.66348,49.29909],[-122.66348,49.29909],[-122.66348,49.29909],[-122.66347,49.29908],[-122.66347,49.29908],[-122.66347,49.29908],[-122.66347,49.29908],[-122.66347,49.29908],[-122.66347,49.29908],[-122.66346,49.29908],[-122.66346,49.29908],[-122.66346,49.29908],[-122.66346,49.29908],[-122.66346,49.29908],[-122.66346,49.29908],[-122.66346,49.29908],[-122.66345,49.29908],[-122.66345,49.29908],[-122.66345,49.29908],[-122.66345,49.29908],[-122.66345,49.29908],[-122.66345,49.29908],[-122.66344,49.29908],[-122.66344,49.29908],[-122.66344,49.29908],[-122.66344,49.29907],[-122.66344,49.29907],[-122.66344,49.29907],[-122.66343,49.29907],[-122.66343,49.29907],[-122.66343,49.29907],[-122.66343,49.29907],[-122.66343,49.29907],[-122.66343,49.29907],[-122.66342,49.29907],[-122.66342,49.29907],[-122.66342,49.29907],[-122.66342,49.29907],[-122.66342,49.29907],[-122.66342,49.29907],[-122.66341,49.29907],[-122.66341,49.29907],[-122.66341,49.29907],[-122.66341,49.29907],[-122.66341,49.29907],[-122.66341,49.29907],[-122.66341,49.29907],[-122.6634,49.29906],[-122.6634,49.29906],[-122.6634,49.29906],[-122.6634,49.29906],[-122.6634,49.29906],[-122.6634,49.29906],[-122.66339,49.29906],[-122.66339,49.29906],[-122.66339,49.29906],[-122.66339,49.29906],[-122.66339,49.29906],[-122.66339,49.29906],[-122.66338,49.29906],[-122.66338,49.29906],[-122.66338,49.29906],[-122.66338,49.29906],[-122.66338,49.29906],[-122.66338,49.29906],[-122.66337,49.29906],[-122.66337,49.29906],[-122.66337,49.29906],[-122.66337,49.29906],[-122.66337,49.29905],[-122.66337,49.29905],[-122.66337,49.29905],[-122.66336,49.29905],[-122.66336,49.29905],[-122.66336,49.29905],[-122.66336,49.29905],[-122.66336,49.29905],[-122.66336,49.29905],[-122.66335,49.29905],[-122.66335,49.29905],[-122.66335,49.29905],[-122.66335,49.29905],[-122.66335,49.29905],[-122.66335,49.29905],[-122.66334,49.29905],[-122.66334,49.29905],[-122.66334,49.29905],[-122.66334,49.29905],[-122.66334,49.29905],[-122.66334,49.29905],[-122.66333,49.29905],[-122.66333,49.29904],[-122.66333,49.29904],[-122.66333,49.29904],[-122.66333,49.29904],[-122.66333,49.29904],[-122.66333,49.29904],[-122.66332,49.29904],[-122.66332,49.29904],[-122.66332,49.29904],[-122.66332,49.29904],[-122.66332,49.29904],[-122.66332,49.29904],[-122.66331,49.29904],[-122.66331,49.29904],[-122.66331,49.29904],[-122.66331,49.29904],[-122.66331,49.29904],[-122.66331,49.29904],[-122.6633,49.29904],[-122.6633,49.29904],[-122.6633,49.29904],[-122.6633,49.29904],[-122.6633,49.29903],[-122.6633,49.29903],[-122.66329,49.29903],[-122.66329,49.29903],[-122.66329,49.29903],[-122.66329,49.29903],[-122.66329,49.29903],[-122.66329,49.29903],[-122.66329,49.29903],[-122.66328,49.29903],[-122.66328,49.29903],[-122.66328,49.29903],[-122.66328,49.29903],[-122.66328,49.29903],[-122.66328,49.29903],[-122.66327,49.29903],[-122.66327,49.29903],[-122.66327,49.29903],[-122.66327,49.29903],[-122.66327,49.29903],[-122.66327,49.29903],[-122.66326,49.29903],[-122.66326,49.29902],[-122.66326,49.29902],[-122.66326,49.29902],[-122.66326,49.29902],[-122.66326,49.29902],[-122.66325,49.29902],[-122.66325,49.29902],[-122.66325,49.29902],[-122.66325,49.29902],[-122.66325,49.29902],[-122.66325,49.29902],[-122.66324,49.29902],[-122.66324,49.29902],[-122.66324,49.29902],[-122.66324,49.29902],[-122.66324,49.29902],[-122.66324,49.29902],[-122.66324,49.29902],[-122.66323,49.29902],[-122.66323,49.29902],[-122.66323,49.29902],[-122.66323,49.29902],[-122.66323,49.29901],[-122.66323,49.29901],[-122.66322,49.29901],[-122.66322,49.29901],[-122.66322,49.29901],[-122.66322,49.29901],[-122.66322,49.29901],[-122.66322,49.29901],[-122.66321,49.29901],[-122.66321,49.29901],[-122.66321,49.29901],[-122.66321,49.29901],[-122.66321,49.29901],[-122.66321,49.29901],[-122.6632,49.29901],[-122.6632,49.29901],[-122.6632,49.29901],[-122.6632,49.29901],[-122.6632,49.29901],[-122.6632,49.29901],[-122.6632,49.29901],[-122.66319,49.299],[-122.66319,49.299],[-122.66319,49.299],[-122.66319,49.299],[-122.66319,49.299],[-122.66319,49.299],[-122.66318,49.299],[-122.66318,49.299],[-122.66318,49.299],[-122.66318,49.299],[-122.66318,49.299],[-122.66318,49.299],[-122.66317,49.299],[-122.66317,49.299],[-122.66317,49.299],[-122.66317,49.299],[-122.66317,49.299],[-122.66317,49.299],[-122.66316,49.299],[-122.66316,49.299],[-122.66316,49.299],[-122.66316,49.299],[-122.66316,49.29899],[-122.66316,49.29899],[-122.66316,49.29899],[-122.66315,49.29899],[-122.66315,49.29899],[-122.66315,49.29899],[-122.66315,49.29899],[-122.66315,49.29899],[-122.66315,49.29899],[-122.66314,49.29899],[-122.66314,49.29899],[-122.66314,49.29899],[-122.66314,49.29899],[-122.66314,49.29899],[-122.66314,49.29899],[-122.66313,49.29899],[-122.66313,49.29899],[-122.66313,49.29899],[-122.66313,49.29899],[-122.66313,49.29899],[-122.66313,49.29899],[-122.66312,49.29899],[-122.66312,49.29898],[-122.66312,49.29898],[-122.66312,49.29898],[-122.66312,49.29898],[-122.66312,49.29898],[-122.66312,49.29898],[-122.66311,49.29898],[-122.66311,49.29898],[-122.66311,49.29898],[-122.66311,49.29898],[-122.66311,49.29898],[-122.66311,49.29898],[-122.6631,49.29898],[-122.6631,49.29898],[-122.6631,49.29898],[-122.6631,49.29898],[-122.6631,49.29898],[-122.6631,49.29898],[-122.66309,49.29898],[-122.66309,49.29898],[-122.66309,49.29898],[-122.66309,49.29897],[-122.66309,49.29897],[-122.66309,49.29897],[-122.66308,49.29897],[-122.66308,49.29897],[-122.66308,49.29897],[-122.66308,49.29897],[-122.66308,49.29897],[-122.66308,49.29897],[-122.66308,49.29897],[-122.66307,49.29897],[-122.66307,49.29897],[-122.66307,49.29897],[-122.66307,49.29897],[-122.66307,49.29897],[-122.66307,49.29897],[-122.66306,49.29897],[-122.66306,49.29897],[-122.66306,49.29897],[-122.66306,49.29897],[-122.66306,49.29897],[-122.66306,49.29897],[-122.66305,49.29896],[-122.66305,49.29896],[-122.66305,49.29896],[-122.66305,49.29896],[-122.66305,49.29896],[-122.66305,49.29896],[-122.66305,49.29896],[-122.66304,49.29896],[-122.66304,49.29896],[-122.66304,49.29896],[-122.66304,49.29896],[-122.66304,49.29896],[-122.66304,49.29896],[-122.66303,49.29896],[-122.66303,49.29896],[-122.66303,49.29896],[-122.66303,49.29896],[-122.66303,49.29896],[-122.66303,49.29896],[-122.66302,49.29896],[-122.66302,49.29896],[-122.66302,49.29895],[-122.66302,49.29895],[-122.66302,49.29895],[-122.66302,49.29895],[-122.66301,49.29895],[-122.66301,49.29895],[-122.66301,49.29895],[-122.66301,49.29895],[-122.66301,49.29895],[-122.66301,49.29895],[-122.66301,49.29895],[-122.663,49.29895],[-122.663,49.29895],[-122.663,49.29895],[-122.663,49.29895],[-122.663,49.29895],[-122.663,49.29895],[-122.66299,49.29895],[-122.66299,49.29895],[-122.66299,49.29895],[-122.66299,49.29895],[-122.66299,49.29895],[-122.66299,49.29894],[-122.66298,49.29894],[-122.66298,49.29894],[-122.66298,49.29894],[-122.66298,49.29894],[-122.66298,49.29894],[-122.66298,49.29894],[-122.66297,49.29894],[-122.66297,49.29894],[-122.66297,49.29894],[-122.66297,49.29894],[-122.66297,49.29894],[-122.66297,49.29894],[-122.66297,49.29894],[-122.66296,49.29894],[-122.66296,49.29894],[-122.66296,49.29894],[-122.66296,49.29894],[-122.66296,49.29894],[-122.66296,49.29894],[-122.66295,49.29894],[-122.66295,49.29893],[-122.66295,49.29893],[-122.66295,49.29893],[-122.66295,49.29893],[-122.66295,49.29893],[-122.66294,49.29893],[-122.66294,49.29893],[-122.66294,49.29893],[-122.66294,49.29893],[-122.66294,49.29893],[-122.66294,49.29893],[-122.66294,49.29893],[-122.66293,49.29893],[-122.66293,49.29893],[-122.66293,49.29893],[-122.66293,49.29893],[-122.66293,49.29893],[-122.66293,49.29893],[-122.66292,49.29893],[-122.66292,49.29893],[-122.66292,49.29893],[-122.66292,49.29892],[-122.66292,49.29892],[-122.66292,49.29892],[-122.66291,49.29892],[-122.66291,49.29892],[-122.66291,49.29892],[-122.66291,49.29892],[-122.66291,49.29892],[-122.66291,49.29892],[-122.6629,49.29892],[-122.6629,49.29892],[-122.6629,49.29892],[-122.6629,49.29892],[-122.6629,49.29892],[-122.6629,49.29892],[-122.6629,49.29892],[-122.66289,49.29892],[-122.66289,49.29892],[-122.66289,49.29892],[-122.66289,49.29892],[-122.66289,49.29892],[-122.66289,49.29891],[-122.66288,49.29891],[-122.66288,49.29891],[-122.66288,49.29891],[-122.66288,49.29891],[-122.66288,49.29891],[-122.66288,49.29891],[-122.66287,49.29891],[-122.66287,49.29891],[-122.66287,49.29891],[-122.66287,49.29891],[-122.66287,49.29891],[-122.66287,49.29891],[-122.66287,49.29891],[-122.66286,49.29891],[-122.66286,49.29891],[-122.66286,49.29891],[-122.66286,49.29891],[-122.66286,49.29891],[-122.66286,49.29891],[-122.66285,49.29891],[-122.66285,49.2989],[-122.66285,49.2989],[-122.66285,49.2989],[-122.66285,49.2989],[-122.66285,49.2989],[-122.66284,49.2989],[-122.66284,49.2989],[-122.66284,49.2989],[-122.66284,49.2989],[-122.66284,49.2989],[-122.66284,49.2989],[-122.66283,49.2989],[-122.66283,49.2989],[-122.66283,49.2989],[-122.66283,49.2989],[-122.66283,49.2989],[-122.66283,49.2989],[-122.66283,49.2989],[-122.66282,49.2989],[-122.66282,49.2989],[-122.66282,49.2989],[-122.66282,49.29889],[-122.66282,49.29889],[-122.66282,49.29889],[-122.66281,49.29889],[-122.66281,49.29889],[-122.66281,49.29889],[-122.66281,49.29889],[-122.66281,49.29889],[-122.66281,49.29889],[-122.6628,49.29889],[-122.6628,49.29889],[-122.6628,49.29889],[-122.6628,49.29889],[-122.6628,49.29889],[-122.6628,49.29889],[-122.6628,49.29889],[-122.66279,49.29889],[-122.66279,49.29889],[-122.66279,49.29889],[-122.66279,49.29889],[-122.66279,49.29889],[-122.66279,49.29888],[-122.66278,49.29888],[-122.66278,49.29888],[-122.66278,49.29888],[-122.66278,49.29888],[-122.66278,49.29888],[-122.66278,49.29888],[-122.66277,49.29888],[-122.66277,49.29888],[-122.66277,49.29888],[-122.66277,49.29888],[-122.66277,49.29888],[-122.66277,49.29888],[-122.66277,49.29888],[-122.66276,49.29888],[-122.66276,49.29888],[-122.66276,49.29888],[-122.66276,49.29888],[-122.66276,49.29888],[-122.66276,49.29888],[-122.66275,49.29888],[-122.66275,49.29887],[-122.66275,49.29887],[-122.66275,49.29887],[-122.66275,49.29887],[-122.66275,49.29887],[-122.66274,49.29887],[-122.66274,49.29887],[-122.66274,49.29887],[-122.66274,49.29887],[-122.66274,49.29887],[-122.66274,49.29887],[-122.66273,49.29887],[-122.66273,49.29887],[-122.66273,49.29887],[-122.66273,49.29887],[-122.66273,49.29887],[-122.66273,49.29887],[-122.66273,49.29887],[-122.66272,49.29887],[-122.66272,49.29887],[-122.66272,49.29887],[-122.66272,49.29886],[-122.66272,49.29886],[-122.66272,49.29886],[-122.66271,49.29886],[-122.66271,49.29886],[-122.66271,49.29886],[-122.66271,49.29886],[-122.66271,49.29886],[-122.66271,49.29886],[-122.6627,49.29886],[-122.6627,49.29886],[-122.6627,49.29886],[-122.6627,49.29886],[-122.6627,49.29886],[-122.6627,49.29886],[-122.6627,49.29886],[-122.66269,49.29886],[-122.66269,49.29886],[-122.66269,49.29886],[-122.66269,49.29886],[-122.66269,49.29885],[-122.66269,49.29885],[-122.66268,49.29885],[-122.66268,49.29885],[-122.66268,49.29885],[-122.66268,49.29885],[-122.66268,49.29885],[-122.66268,49.29885],[-122.66267,49.29885],[-122.66267,49.29885],[-122.66267,49.29885],[-122.66267,49.29885],[-122.66267,49.29885],[-122.66267,49.29885],[-122.66267,49.29885],[-122.66266,49.29885],[-122.66266,49.29885],[-122.66266,49.29885],[-122.66266,49.29885],[-122.66266,49.29885],[-122.66266,49.29885],[-122.66265,49.29884],[-122.66265,49.29884],[-122.66265,49.29884],[-122.66265,49.29884],[-122.66265,49.29884],[-122.66265,49.29884],[-122.66264,49.29884],[-122.66264,49.29884],[-122.66264,49.29884],[-122.66264,49.29884],[-122.66264,49.29884],[-122.66264,49.29884],[-122.66264,49.29884],[-122.66263,49.29884],[-122.66263,49.29884],[-122.66263,49.29884],[-122.66263,49.29884],[-122.66263,49.29884],[-122.66263,49.29884],[-122.66262,49.29884],[-122.66262,49.29883],[-122.66262,49.29883],[-122.66262,49.29883],[-122.66262,49.29883],[-122.66262,49.29883],[-122.66261,49.29883],[-122.66261,49.29883],[-122.66261,49.29883],[-122.66261,49.29883],[-122.66261,49.29883],[-122.66261,49.29883],[-122.66261,49.29883],[-122.6626,49.29883],[-122.6626,49.29883],[-122.6626,49.29883],[-122.6626,49.29883],[-122.6626,49.29883],[-122.6626,49.29883],[-122.66259,49.29883],[-122.66259,49.29883],[-122.66259,49.29882],[-122.66259,49.29882],[-122.66259,49.29882],[-122.66259,49.29882],[-122.66258,49.29882],[-122.66258,49.29882],[-122.66258,49.29882],[-122.66258,49.29882],[-122.66258,49.29882],[-122.66258,49.29882],[-122.66258,49.29882],[-122.66257,49.29882],[-122.66257,49.29882],[-122.66257,49.29882],[-122.66257,49.29882],[-122.66257,49.29882],[-122.66257,49.29882],[-122.66256,49.29882],[-122.66256,49.29882],[-122.66256,49.29882],[-122.66256,49.29882],[-122.66256,49.29881],[-122.66256,49.29881],[-122.66255,49.29881],[-122.66255,49.29881],[-122.66255,49.29881],[-122.66255,49.29881],[-122.66255,49.29881],[-122.66255,49.29881],[-122.66255,49.29881],[-122.66254,49.29881],[-122.66254,49.29881],[-122.66254,49.29881],[-122.66254,49.29881],[-122.66254,49.29881],[-122.66254,49.29881],[-122.66253,49.29881],[-122.66253,49.29881],[-122.66253,49.29881],[-122.66253,49.29881],[-122.66253,49.29881],[-122.66253,49.2988],[-122.66253,49.2988],[-122.66252,49.2988],[-122.66252,49.2988],[-122.66252,49.2988],[-122.66252,49.2988],[-122.66252,49.2988],[-122.66252,49.2988],[-122.66251,49.2988],[-122.66251,49.2988],[-122.66251,49.2988],[-122.66251,49.2988],[-122.66251,49.2988],[-122.66251,49.2988],[-122.6625,49.2988],[-122.6625,49.2988],[-122.6625,49.2988],[-122.6625,49.2988],[-122.6625,49.2988],[-122.6625,49.2988],[-122.6625,49.29879],[-122.66249,49.29879],[-122.66249,49.29879],[-122.66249,49.29879],[-122.66249,49.29879],[-122.66249,49.29879],[-122.66249,49.29879],[-122.66248,49.29879],[-122.66248,49.29879],[-122.66248,49.29879],[-122.66248,49.29879],[-122.66248,49.29879],[-122.66248,49.29879],[-122.66247,49.29879],[-122.66247,49.29879],[-122.66247,49.29879],[-122.66247,49.29879],[-122.66247,49.29879],[-122.66247,49.29879],[-122.66247,49.29879],[-122.66246,49.29878],[-122.66246,49.29878],[-122.66246,49.29878],[-122.66246,49.29878],[-122.66246,49.29878],[-122.66246,49.29878],[-122.66245,49.29878],[-122.66245,49.29878],[-122.66245,49.29878],[-122.66245,49.29878],[-122.66245,49.29878],[-122.66245,49.29878],[-122.66245,49.29878],[-122.66244,49.29878],[-122.66244,49.29878],[-122.66244,49.29878],[-122.66244,49.29878],[-122.66244,49.29878],[-122.66244,49.29878],[-122.66243,49.29877],[-122.66243,49.29877],[-122.66243,49.29877],[-122.66243,49.29877],[-122.66243,49.29877],[-122.66243,49.29877],[-122.66242,49.29877],[-122.66242,49.29877],[-122.66242,49.29877],[-122.66242,49.29877],[-122.66242,49.29877],[-122.66242,49.29877],[-122.66242,49.29877],[-122.66241,49.29877],[-122.66241,49.29877],[-122.66241,49.29877],[-122.66241,49.29877],[-122.66241,49.29877],[-122.66241,49.29877],[-122.6624,49.29877],[-122.6624,49.29876],[-122.6624,49.29876],[-122.6624,49.29876],[-122.6624,49.29876],[-122.6624,49.29876],[-122.6624,49.29876],[-122.66239,49.29876],[-122.66239,49.29876],[-122.66239,49.29876],[-122.66239,49.29876],[-122.66239,49.29876],[-122.66239,49.29876],[-122.66238,49.29876],[-122.66238,49.29876],[-122.66238,49.29876],[-122.66238,49.29876],[-122.66238,49.29876],[-122.66238,49.29876],[-122.66237,49.29876],[-122.66237,49.29876],[-122.66237,49.29875],[-122.66237,49.29875],[-122.66237,49.29875],[-122.66237,49.29875],[-122.66237,49.29875],[-122.66236,49.29875],[-122.66236,49.29875],[-122.66236,49.29875],[-122.66236,49.29875],[-122.66236,49.29875],[-122.66236,49.29875],[-122.66235,49.29875],[-122.66235,49.29875],[-122.66235,49.29875],[-122.66235,49.29875],[-122.66235,49.29875],[-122.66235,49.29875],[-122.66235,49.29875],[-122.66234,49.29875],[-122.66234,49.29874],[-122.66234,49.29874],[-122.66234,49.29874],[-122.66234,49.29874],[-122.66234,49.29874],[-122.66233,49.29874],[-122.66233,49.29874],[-122.66233,49.29874],[-122.66233,49.29874],[-122.66233,49.29874],[-122.66233,49.29874],[-122.66232,49.29874],[-122.66232,49.29874],[-122.66232,49.29874],[-122.66232,49.29874],[-122.66232,49.29874],[-122.66232,49.29874],[-122.66232,49.29874],[-122.66231,49.29874],[-122.66231,49.29873],[-122.66231,49.29873],[-122.66231,49.29873],[-122.66231,49.29873],[-122.66231,49.29873],[-122.6623,49.29873],[-122.6623,49.29873],[-122.6623,49.29873],[-122.6623,49.29873],[-122.6623,49.29873],[-122.6623,49.29873],[-122.6623,49.29873],[-122.66229,49.29873],[-122.66229,49.29873],[-122.66229,49.29873],[-122.66229,49.29873],[-122.66229,49.29873],[-122.66229,49.29873],[-122.66228,49.29873],[-122.66228,49.29873],[-122.66228,49.29872],[-122.66228,49.29872],[-122.66228,49.29872],[-122.66228,49.29872],[-122.66227,49.29872],[-122.66227,49.29872],[-122.66227,49.29872],[-122.66227,49.29872],[-122.66227,49.29872],[-122.66227,49.29872],[-122.66227,49.29872],[-122.66226,49.29872],[-122.66226,49.29872],[-122.66226,49.29872],[-122.66226,49.29872],[-122.66226,49.29872],[-122.66226,49.29872],[-122.66225,49.29872],[-122.66225,49.29872],[-122.66225,49.29871],[-122.66225,49.29871],[-122.66225,49.29871],[-122.66225,49.29871],[-122.66225,49.29871],[-122.66224,49.29871],[-122.66224,49.29871],[-122.66224,49.29871],[-122.66224,49.29871],[-122.66224,49.29871],[-122.66224,49.29871],[-122.66223,49.29871],[-122.66223,49.29871],[-122.66223,49.29871],[-122.66223,49.29871],[-122.66223,49.29871],[-122.66223,49.29871],[-122.66223,49.29871],[-122.66222,49.29871],[-122.66222,49.2987],[-122.66222,49.2987],[-122.66222,49.2987],[-122.66222,49.2987],[-122.66222,49.2987],[-122.66221,49.2987],[-122.66221,49.2987],[-122.66221,49.2987],[-122.66221,49.2987],[-122.66221,49.2987],[-122.66221,49.2987],[-122.66221,49.2987],[-122.6622,49.2987],[-122.6622,49.2987],[-122.6622,49.2987],[-122.6622,49.2987],[-122.6622,49.2987],[-122.6622,49.2987],[-122.66219,49.2987],[-122.66219,49.29869],[-122.66219,49.29869],[-122.66219,49.29869],[-122.66219,49.29869],[-122.66219,49.29869],[-122.66219,49.29869],[-122.66218,49.29869],[-122.66218,49.29869],[-122.66218,49.29869],[-122.66218,49.29869],[-122.66218,49.29869],[-122.66218,49.29869],[-122.66217,49.29869],[-122.66217,49.29869],[-122.66217,49.29869],[-122.66217,49.29869],[-122.66217,49.29869],[-122.66217,49.29869],[-122.66216,49.29869],[-122.66216,49.29868],[-122.66216,49.29868],[-122.66216,49.29868],[-122.66216,49.29868],[-122.66216,49.29868],[-122.66216,49.29868],[-122.66215,49.29868],[-122.66215,49.29868],[-122.66215,49.29868],[-122.66215,49.29868],[-122.66215,49.29868],[-122.66215,49.29868],[-122.66214,49.29868],[-122.66214,49.29868],[-122.66214,49.29868],[-122.66214,49.29868],[-122.66214,49.29868],[-122.66214,49.29868],[-122.66214,49.29867],[-122.66213,49.29867],[-122.66213,49.29867],[-122.66213,49.29867],[-122.66213,49.29867],[-122.66213,49.29867],[-122.66213,49.29867],[-122.66212,49.29867],[-122.66212,49.29867],[-122.66212,49.29867],[-122.66212,49.29867],[-122.66212,49.29867],[-122.66212,49.29867],[-122.66212,49.29867],[-122.66211,49.29867],[-122.66211,49.29867],[-122.66211,49.29867],[-122.66211,49.29867],[-122.66211,49.29867],[-122.66211,49.29866],[-122.6621,49.29866],[-122.6621,49.29866],[-122.6621,49.29866],[-122.6621,49.29866],[-122.6621,49.29866],[-122.6621,49.29866],[-122.6621,49.29866],[-122.66209,49.29866],[-122.66209,49.29866],[-122.66209,49.29866],[-122.66209,49.29866],[-122.66209,49.29866],[-122.66209,49.29866],[-122.66208,49.29866],[-122.66208,49.29866],[-122.66208,49.29866],[-122.66208,49.29866],[-122.66208,49.29865],[-122.66208,49.29865],[-122.66208,49.29865],[-122.66207,49.29865],[-122.66207,49.29865],[-122.66207,49.29865],[-122.66207,49.29865],[-122.66207,49.29865],[-122.66207,49.29865],[-122.66206,49.29865],[-122.66206,49.29865],[-122.66206,49.29865],[-122.66206,49.29865],[-122.66206,49.29865],[-122.66206,49.29865],[-122.66206,49.29865],[-122.66205,49.29865],[-122.66205,49.29865],[-122.66205,49.29865],[-122.66205,49.29864],[-122.66205,49.29864],[-122.66205,49.29864],[-122.66204,49.29864],[-122.66204,49.29864],[-122.66204,49.29864],[-122.66204,49.29864],[-122.66204,49.29864],[-122.66204,49.29864],[-122.66204,49.29864],[-122.66203,49.29864],[-122.66203,49.29864],[-122.66203,49.29864],[-122.66203,49.29864],[-122.66203,49.29864],[-122.66203,49.29864],[-122.66202,49.29864],[-122.66202,49.29864],[-122.66202,49.29863],[-122.66202,49.29863],[-122.66202,49.29863],[-122.66202,49.29863],[-122.66202,49.29863],[-122.66201,49.29863],[-122.66201,49.29863],[-122.66201,49.29863],[-122.66201,49.29863],[-122.66201,49.29863],[-122.66201,49.29863],[-122.662,49.29863],[-122.662,49.29863],[-122.662,49.29863],[-122.662,49.29863],[-122.662,49.29863],[-122.662,49.29863],[-122.662,49.29863],[-122.66199,49.29862],[-122.66199,49.29862],[-122.66199,49.29862],[-122.66199,49.29862],[-122.66199,49.29862],[-122.66199,49.29862],[-122.66199,49.29862],[-122.66198,49.29862],[-122.66198,49.29862],[-122.66198,49.29862],[-122.66198,49.29862],[-122.66198,49.29862],[-122.66198,49.29862],[-122.66197,49.29862],[-122.66197,49.29862],[-122.66197,49.29862],[-122.66197,49.29862],[-122.66197,49.29862],[-122.66197,49.29861],[-122.66197,49.29861],[-122.66196,49.29861],[-122.66196,49.29861],[-122.66196,49.29861],[-122.66196,49.29861],[-122.66196,49.29861],[-122.66196,49.29861],[-122.66195,49.29861],[-122.66195,49.29861],[-122.66195,49.29861],[-122.66195,49.29861],[-122.66195,49.29861],[-122.66195,49.29861],[-122.66195,49.29861],[-122.66194,49.29861],[-122.66194,49.29861],[-122.66194,49.29861],[-122.66194,49.2986],[-122.66194,49.2986],[-122.66194,49.2986],[-122.66193,49.2986],[-122.66193,49.2986],[-122.66193,49.2986],[-122.66193,49.2986],[-122.66193,49.2986],[-122.66193,49.2986],[-122.66193,49.2986],[-122.66192,49.2986],[-122.66192,49.2986],[-122.66192,49.2986],[-122.66192,49.2986],[-122.66192,49.2986],[-122.66192,49.2986],[-122.66191,49.2986],[-122.66191,49.2986],[-122.66191,49.29859],[-122.66191,49.29859],[-122.66191,49.29859],[-122.66191,49.29859],[-122.66191,49.29859],[-122.6619,49.29859],[-122.6619,49.29859],[-122.6619,49.29859],[-122.6619,49.29859],[-122.6619,49.29859],[-122.6619,49.29859],[-122.66189,49.29859],[-122.66189,49.29859],[-122.66189,49.29859],[-122.66189,49.29859],[-122.66189,49.29859],[-122.66189,49.29859],[-122.66189,49.29858],[-122.66188,49.29858],[-122.66188,49.29858],[-122.66188,49.29858],[-122.66188,49.29858],[-122.66188,49.29858],[-122.66188,49.29858],[-122.66188,49.29858],[-122.66187,49.29858],[-122.66187,49.29858],[-122.66187,49.29858],[-122.66187,49.29858],[-122.66187,49.29858],[-122.66187,49.29858],[-122.66186,49.29858],[-122.66186,49.29858],[-122.66186,49.29858],[-122.66186,49.29858],[-122.66186,49.29857],[-122.66186,49.29857],[-122.66186,49.29857],[-122.66185,49.29857],[-122.66185,49.29857],[-122.66185,49.29857],[-122.66185,49.29857],[-122.66185,49.29857],[-122.66185,49.29857],[-122.66184,49.29857],[-122.66184,49.29857],[-122.66184,49.29857],[-122.66184,49.29857],[-122.66184,49.29857],[-122.66184,49.29857],[-122.66184,49.29857],[-122.66183,49.29857],[-122.66183,49.29856],[-122.66183,49.29856],[-122.66183,49.29856],[-122.66183,49.29856],[-122.66183,49.29856],[-122.66183,49.29856],[-122.66182,49.29856],[-122.66182,49.29856],[-122.66182,49.29856],[-122.66182,49.29856],[-122.66182,49.29856],[-122.66182,49.29856],[-122.66181,49.29856],[-122.66181,49.29856],[-122.66181,49.29856],[-122.66181,49.29856],[-122.66181,49.29856],[-122.66181,49.29856],[-122.66181,49.29855],[-122.6618,49.29855],[-122.6618,49.29855],[-122.6618,49.29855],[-122.6618,49.29855],[-122.6618,49.29855],[-122.6618,49.29855],[-122.66179,49.29855],[-122.66179,49.29855],[-122.66179,49.29855],[-122.66179,49.29855],[-122.66179,49.29855],[-122.66179,49.29855],[-122.66179,49.29855],[-122.66178,49.29855],[-122.66178,49.29855],[-122.66178,49.29855],[-122.66178,49.29854],[-122.66178,49.29854],[-122.66178,49.29854],[-122.66178,49.29854],[-122.66177,49.29854],[-122.66177,49.29854],[-122.66177,49.29854],[-122.66177,49.29854],[-122.66177,49.29854],[-122.66177,49.29854],[-122.66176,49.29854],[-122.66176,49.29854],[-122.66176,49.29854],[-122.66176,49.29854],[-122.66176,49.29854],[-122.66176,49.29854],[-122.66176,49.29854],[-122.66175,49.29853],[-122.66175,49.29853],[-122.66175,49.29853],[-122.66175,49.29853],[-122.66175,49.29853],[-122.66175,49.29853],[-122.66175,49.29853],[-122.66174,49.29853],[-122.66174,49.29853],[-122.66174,49.29853],[-122.66174,49.29853],[-122.66174,49.29853],[-122.66174,49.29853],[-122.66173,49.29853],[-122.66173,49.29853],[-122.66173,49.29853],[-122.66173,49.29853],[-122.66173,49.29852],[-122.66173,49.29852],[-122.66173,49.29852],[-122.66172,49.29852],[-122.66172,49.29852],[-122.66172,49.29852],[-122.66172,49.29852],[-122.66172,49.29852],[-122.66172,49.29852],[-122.66172,49.29852],[-122.66171,49.29852],[-122.66171,49.29852],[-122.66171,49.29852],[-122.66171,49.29852],[-122.66171,49.29852],[-122.66171,49.29852],[-122.6617,49.29852],[-122.6617,49.29851],[-122.6617,49.29851],[-122.6617,49.29851],[-122.6617,49.29851],[-122.6617,49.29851],[-122.6617,49.29851],[-122.66169,49.29851],[-122.66169,49.29851],[-122.66169,49.29851],[-122.66169,49.29851],[-122.66169,49.29851],[-122.66169,49.29851],[-122.66169,49.29851],[-122.66168,49.29851],[-122.66168,49.29851],[-122.66168,49.29851],[-122.66168,49.29851],[-122.66168,49.2985],[-122.66168,49.2985],[-122.66167,49.2985],[-122.66167,49.2985],[-122.66167,49.2985],[-122.66167,49.2985],[-122.66167,49.2985],[-122.66167,49.2985],[-122.66167,49.2985],[-122.66166,49.2985],[-122.66166,49.2985],[-122.66166,49.2985],[-122.66166,49.2985],[-122.66166,49.2985],[-122.66166,49.2985],[-122.66166,49.2985],[-122.66165,49.2985],[-122.66165,49.29849],[-122.66165,49.29849],[-122.66165,49.29849],[-122.66165,49.29849],[-122.66165,49.29849],[-122.66164,49.29849],[-122.66164,49.29849],[-122.66164,49.29849],[-122.66164,49.29849],[-122.66164,49.29849],[-122.66164,49.29849],[-122.66164,49.29849],[-122.66163,49.29849],[-122.66163,49.29849],[-122.66163,49.29849],[-122.66163,49.29849],[-122.66163,49.29848],[-122.66163,49.29848],[-122.66163,49.29848],[-122.66162,49.29848],[-122.66162,49.29848],[-122.66162,49.29848],[-122.66162,49.29848],[-122.66162,49.29848],[-122.66162,49.29848],[-122.66161,49.29848],[-122.66161,49.29848],[-122.66161,49.29848],[-122.66161,49.29848],[-122.66161,49.29848],[-122.66161,49.29848],[-122.66161,49.29848],[-122.6616,49.29848],[-122.6616,49.29847],[-122.6616,49.29847],[-122.6616,49.29847],[-122.6616,49.29847],[-122.6616,49.29847],[-122.6616,49.29847],[-122.66159,49.29847],[-122.66159,49.29847],[-122.66159,49.29847],[-122.66159,49.29847],[-122.66159,49.29847],[-122.66159,49.29847],[-122.66159,49.29847],[-122.66158,49.29847],[-122.66158,49.29847],[-122.66158,49.29847],[-122.66158,49.29846],[-122.66158,49.29846],[-122.66158,49.29846],[-122.66157,49.29846],[-122.66157,49.29846],[-122.66157,49.29846],[-122.66157,49.29846],[-122.66157,49.29846],[-122.66157,49.29846],[-122.66157,49.29846],[-122.66156,49.29846],[-122.66156,49.29846],[-122.66156,49.29846],[-122.66156,49.29846],[-122.66156,49.29846],[-122.66156,49.29846],[-122.66156,49.29845],[-122.66155,49.29845],[-122.66155,49.29845],[-122.66155,49.29845],[-122.66155,49.29845],[-122.66155,49.29845],[-122.66155,49.29845],[-122.66154,49.29845],[-122.66154,49.29845],[-122.66154,49.29845],[-122.66154,49.29845],[-122.66154,49.29845],[-122.66154,49.29845],[-122.66154,49.29845],[-122.66153,49.29845],[-122.66153,49.29845],[-122.66153,49.29845],[-122.66153,49.29844],[-122.66153,49.29844],[-122.66153,49.29844],[-122.66153,49.29844],[-122.66152,49.29844],[-122.66152,49.29844],[-122.66152,49.29844],[-122.66152,49.29844],[-122.66152,49.29844],[-122.66152,49.29844],[-122.66152,49.29844],[-122.66151,49.29844],[-122.66151,49.29844],[-122.66151,49.29844],[-122.66151,49.29844],[-122.66151,49.29844],[-122.66151,49.29843],[-122.66151,49.29843],[-122.6615,49.29843],[-122.6615,49.29843],[-122.6615,49.29843],[-122.6615,49.29843],[-122.6615,49.29843],[-122.6615,49.29843],[-122.66149,49.29843],[-122.66149,49.29843],[-122.66149,49.29843],[-122.66149,49.29843],[-122.66149,49.29843],[-122.66149,49.29843],[-122.66149,49.29843],[-122.66148,49.29843],[-122.66148,49.29842],[-122.66148,49.29842],[-122.66148,49.29842],[-122.66148,49.29842],[-122.66148,49.29842],[-122.66148,49.29842],[-122.66147,49.29842],[-122.66147,49.29842],[-122.66147,49.29842],[-122.66147,49.29842],[-122.66147,49.29842],[-122.66147,49.29842],[-122.66147,49.29842],[-122.66146,49.29842],[-122.66146,49.29842],[-122.66146,49.29841],[-122.66146,49.29841],[-122.66146,49.29841],[-122.66146,49.29841],[-122.66145,49.29841],[-122.66145,49.29841],[-122.66145,49.29841],[-122.66145,49.29841],[-122.66145,49.29841],[-122.66145,49.29841],[-122.66145,49.29841],[-122.66144,49.29841],[-122.66144,49.29841],[-122.66144,49.29841],[-122.66144,49.29841],[-122.66144,49.29841],[-122.66144,49.2984],[-122.66144,49.2984],[-122.66143,49.2984],[-122.66143,49.2984],[-122.66143,49.2984],[-122.66143,49.2984],[-122.66143,49.2984],[-122.66143,49.2984],[-122.66143,49.2984],[-122.66142,49.2984],[-122.66142,49.2984],[-122.66142,49.2984],[-122.66142,49.2984],[-122.66142,49.2984],[-122.66142,49.2984],[-122.66142,49.2984],[-122.66141,49.29839],[-122.66141,49.29839],[-122.66141,49.29839],[-122.66141,49.29839],[-122.66141,49.29839],[-122.66141,49.29839],[-122.6614,49.29839],[-122.6614,49.29839],[-122.6614,49.29839],[-122.6614,49.29839],[-122.6614,49.29839],[-122.6614,49.29839],[-122.6614,49.29839],[-122.66139,49.29839],[-122.66139,49.29839],[-122.66139,49.29839],[-122.66139,49.29838],[-122.66139,49.29838],[-122.66139,49.29838],[-122.66139,49.29838],[-122.66138,49.29838],[-122.66138,49.29838],[-122.66138,49.29838],[-122.66138,49.29838],[-122.66138,49.29838],[-122.66138,49.29838],[-122.66138,49.29838],[-122.66137,49.29838],[-122.66137,49.29838],[-122.66137,49.29838],[-122.66137,49.29838],[-122.66137,49.29838],[-122.66137,49.29837],[-122.66137,49.29837],[-122.66136,49.29837],[-122.66136,49.29837],[-122.66136,49.29837],[-122.66136,49.29837],[-122.66136,49.29837],[-122.66136,49.29837],[-122.66135,49.29837],[-122.66135,49.29837],[-122.66135,49.29837],[-122.66135,49.29837],[-122.66135,49.29837],[-122.66135,49.29837],[-122.66135,49.29837],[-122.66134,49.29837],[-122.66134,49.29836],[-122.66134,49.29836],[-122.66134,49.29836],[-122.66134,49.29836],[-122.66134,49.29836],[-122.66134,49.29836],[-122.66133,49.29836],[-122.66133,49.29836],[-122.66133,49.29836],[-122.66133,49.29836],[-122.66133,49.29836],[-122.66133,49.29836],[-122.66133,49.29836],[-122.66132,49.29836],[-122.66132,49.29836],[-122.66132,49.29836],[-122.66132,49.29835],[-122.66132,49.29835],[-122.66132,49.29835],[-122.66131,49.29835],[-122.66131,49.29835],[-122.66131,49.29835],[-122.66131,49.29835],[-122.66131,49.29835],[-122.66131,49.29835],[-122.66131,49.29835],[-122.6613,49.29835],[-122.6613,49.29835],[-122.6613,49.29835],[-122.6613,49.29835],[-122.6613,49.29835],[-122.6613,49.29835],[-122.6613,49.29834],[-122.66129,49.29834],[-122.66129,49.29834],[-122.66129,49.29834],[-122.66129,49.29834],[-122.66129,49.29834],[-122.66129,49.29834],[-122.66129,49.29834],[-122.66128,49.29834],[-122.66128,49.29834],[-122.66128,49.29834],[-122.66128,49.29834],[-122.66128,49.29834],[-122.66128,49.29834],[-122.66127,49.29834],[-122.66127,49.29834],[-122.66127,49.29833],[-122.66127,49.29833],[-122.66127,49.29833],[-122.66127,49.29833],[-122.66127,49.29833],[-122.66126,49.29833],[-122.66126,49.29833],[-122.66126,49.29833],[-122.66126,49.29833],[-122.66126,49.29833],[-122.66126,49.29833],[-122.66126,49.29833],[-122.66125,49.29833],[-122.66125,49.29833],[-122.66125,49.29833],[-122.66125,49.29833],[-122.66125,49.29832],[-122.66125,49.29832],[-122.66125,49.29832],[-122.66124,49.29832],[-122.66124,49.29832],[-122.66124,49.29832],[-122.66124,49.29832],[-122.66124,49.29832],[-122.66124,49.29832],[-122.66123,49.29832],[-122.66123,49.29832],[-122.66123,49.29832],[-122.66123,49.29832],[-122.66123,49.29832],[-122.66123,49.29832],[-122.66123,49.29832],[-122.66122,49.29832],[-122.66122,49.29831],[-122.66122,49.29831],[-122.66122,49.29831],[-122.66122,49.29831],[-122.66122,49.29831],[-122.66122,49.29831],[-122.66121,49.29831],[-122.66121,49.29831],[-122.66121,49.29831],[-122.66121,49.29831],[-122.66121,49.29831],[-122.66121,49.29831],[-122.66121,49.29831],[-122.6612,49.29831],[-122.6612,49.29831],[-122.6612,49.29831],[-122.6612,49.2983],[-122.6612,49.2983],[-122.6612,49.2983],[-122.66119,49.2983],[-122.66119,49.2983],[-122.66119,49.2983],[-122.66119,49.2983],[-122.66119,49.2983],[-122.66119,49.2983],[-122.66119,49.2983],[-122.66118,49.2983],[-122.66118,49.2983],[-122.66118,49.2983],[-122.66118,49.2983],[-122.66118,49.2983],[-122.66118,49.2983],[-122.66118,49.29829],[-122.66117,49.29829],[-122.66117,49.29829],[-122.66117,49.29829],[-122.66117,49.29829],[-122.66117,49.29829],[-122.66117,49.29829],[-122.66117,49.29829],[-122.66116,49.29829],[-122.66116,49.29829],[-122.66116,49.29829],[-122.66116,49.29829],[-122.66116,49.29829],[-122.66116,49.29829],[-122.66115,49.29829],[-122.66115,49.29829],[-122.66115,49.29828],[-122.66115,49.29828],[-122.66115,49.29828],[-122.66115,49.29828],[-122.66115,49.29828],[-122.66114,49.29828],[-122.66114,49.29828],[-122.66114,49.29828],[-122.66114,49.29828],[-122.66114,49.29828],[-122.66114,49.29828],[-122.66114,49.29828],[-122.66113,49.29828],[-122.66113,49.29828],[-122.66113,49.29828],[-122.66113,49.29828],[-122.66113,49.29827],[-122.66113,49.29827],[-122.66112,49.29827],[-122.66112,49.29827],[-122.66112,49.29827],[-122.66112,49.29827],[-122.66112,49.29827],[-122.66112,49.29827],[-122.66112,49.29827],[-122.66111,49.29827],[-122.66111,49.29827],[-122.66111,49.29827],[-122.66111,49.29827],[-122.66111,49.29827],[-122.66111,49.29827],[-122.66111,49.29827],[-122.6611,49.29827],[-122.6611,49.29826],[-122.6611,49.29826],[-122.6611,49.29826],[-122.6611,49.29826],[-122.6611,49.29826],[-122.6611,49.29826],[-122.66109,49.29826],[-122.66109,49.29826],[-122.66109,49.29826],[-122.66109,49.29826],[-122.66109,49.29826],[-122.66109,49.29826],[-122.66108,49.29826],[-122.66108,49.29826],[-122.66108,49.29826],[-122.66108,49.29826],[-122.66108,49.29825],[-122.66108,49.29825],[-122.66108,49.29825],[-122.66107,49.29825],[-122.66107,49.29825],[-122.66107,49.29825],[-122.66107,49.29825],[-122.66107,49.29825],[-122.66107,49.29825],[-122.66107,49.29825],[-122.66106,49.29825],[-122.66106,49.29825],[-122.66106,49.29825],[-122.66106,49.29825],[-122.66106,49.29825],[-122.66106,49.29825],[-122.66106,49.29824],[-122.66105,49.29824],[-122.66105,49.29824],[-122.66105,49.29824],[-122.66105,49.29824],[-122.66105,49.29824],[-122.66105,49.29824],[-122.66104,49.29824],[-122.66104,49.29824],[-122.66104,49.29824],[-122.66104,49.29824],[-122.66104,49.29824],[-122.66104,49.29824],[-122.66104,49.29824],[-122.66103,49.29824],[-122.66103,49.29824],[-122.66103,49.29823],[-122.66103,49.29823],[-122.66103,49.29823],[-122.66103,49.29823],[-122.66103,49.29823],[-122.66102,49.29823],[-122.66102,49.29823],[-122.66102,49.29823],[-122.66102,49.29823],[-122.66102,49.29823],[-122.66102,49.29823],[-122.66101,49.29823],[-122.66101,49.29823],[-122.66101,49.29823],[-122.66101,49.29823],[-122.66101,49.29823],[-122.66101,49.29822],[-122.66101,49.29822],[-122.661,49.29822],[-122.661,49.29822],[-122.661,49.29822],[-122.661,49.29822],[-122.661,49.29822],[-122.661,49.29822],[-122.661,49.29822],[-122.66099,49.29822],[-122.66099,49.29822],[-122.66099,49.29822],[-122.66099,49.29822],[-122.66099,49.29822],[-122.66099,49.29822],[-122.66099,49.29822],[-122.66098,49.29822],[-122.66098,49.29821],[-122.66098,49.29821],[-122.66098,49.29821],[-122.66098,49.29821],[-122.66098,49.29821],[-122.66097,49.29821],[-122.66097,49.29821],[-122.66097,49.29821],[-122.66097,49.29821],[-122.66097,49.29821],[-122.66097,49.29821],[-122.66097,49.29821],[-122.66096,49.29821],[-122.66096,49.29821],[-122.66096,49.29821],[-122.66096,49.29821],[-122.66096,49.2982],[-122.66096,49.2982],[-122.66096,49.2982],[-122.66095,49.2982],[-122.66095,49.2982],[-122.66095,49.2982],[-122.66095,49.2982],[-122.66095,49.2982],[-122.66095,49.2982],[-122.66095,49.2982],[-122.66094,49.2982],[-122.66094,49.2982],[-122.66094,49.2982],[-122.66094,49.2982],[-122.66094,49.2982],[-122.66094,49.2982],[-122.66093,49.29819],[-122.66093,49.29819],[-122.66093,49.29819],[-122.66093,49.29819],[-122.66093,49.29819],[-122.66093,49.29819],[-122.66093,49.29819],[-122.66092,49.29819],[-122.66092,49.29819],[-122.66092,49.29819],[-122.66092,49.29819],[-122.66092,49.29819],[-122.66092,49.29819],[-122.66092,49.29819],[-122.66091,49.29819],[-122.66091,49.29819],[-122.66091,49.29818],[-122.66091,49.29818],[-122.66091,49.29818],[-122.66091,49.29818],[-122.66091,49.29818],[-122.6609,49.29818],[-122.6609,49.29818],[-122.6609,49.29818],[-122.6609,49.29818],[-122.6609,49.29818],[-122.6609,49.29818],[-122.66089,49.29818],[-122.66089,49.29818],[-122.66089,49.29818],[-122.66089,49.29818],[-122.66089,49.29818],[-122.66089,49.29817],[-122.66089,49.29817],[-122.66088,49.29817],[-122.66088,49.29817],[-122.66088,49.29817],[-122.66088,49.29817],[-122.66088,49.29817],[-122.66088,49.29817],[-122.66088,49.29817],[-122.66087,49.29817],[-122.66087,49.29817],[-122.66087,49.29817],[-122.66087,49.29817],[-122.66087,49.29817],[-122.66087,49.29817],[-122.66087,49.29817],[-122.66086,49.29816],[-122.66086,49.29816],[-122.66086,49.29816],[-122.66086,49.29816],[-122.66086,49.29816],[-122.66086,49.29816],[-122.66085,49.29816],[-122.66085,49.29816],[-122.66085,49.29816],[-122.66085,49.29816],[-122.66085,49.29816],[-122.66085,49.29816],[-122.66085,49.29816],[-122.66084,49.29816],[-122.66084,49.29816],[-122.66084,49.29816],[-122.66084,49.29815],[-122.66084,49.29815],[-122.66084,49.29815],[-122.66084,49.29815],[-122.66083,49.29815],[-122.66083,49.29815],[-122.66083,49.29815],[-122.66083,49.29815],[-122.66083,49.29815],[-122.66083,49.29815],[-122.66083,49.29815],[-122.66082,49.29815],[-122.66082,49.29815],[-122.66082,49.29815],[-122.66082,49.29815],[-122.66082,49.29815],[-122.66082,49.29814],[-122.66082,49.29814],[-122.66081,49.29814],[-122.66081,49.29814],[-122.66081,49.29814],[-122.66081,49.29814],[-122.66081,49.29814],[-122.66081,49.29814],[-122.6608,49.29814],[-122.6608,49.29814],[-122.6608,49.29814],[-122.6608,49.29814],[-122.6608,49.29814],[-122.6608,49.29814],[-122.6608,49.29814],[-122.66079,49.29814],[-122.66079,49.29813],[-122.66079,49.29813],[-122.66079,49.29813],[-122.66079,49.29813],[-122.66079,49.29813],[-122.66079,49.29813],[-122.66078,49.29813],[-122.66078,49.29813],[-122.66078,49.29813],[-122.66078,49.29813],[-122.66078,49.29813],[-122.66078,49.29813],[-122.66078,49.29813],[-122.66077,49.29813],[-122.66077,49.29813],[-122.66077,49.29813],[-122.66077,49.29812],[-122.66077,49.29812],[-122.66077,49.29812],[-122.66077,49.29812],[-122.66076,49.29812],[-122.66076,49.29812],[-122.66076,49.29812],[-122.66076,49.29812],[-122.66076,49.29812],[-122.66076,49.29812],[-122.66075,49.29812],[-122.66075,49.29812],[-122.66075,49.29812],[-122.66075,49.29812],[-122.66075,49.29812],[-122.66075,49.29812],[-122.66075,49.29811],[-122.66074,49.29811],[-122.66074,49.29811],[-122.66074,49.29811],[-122.66074,49.29811],[-122.66074,49.29811],[-122.66074,49.29811],[-122.66074,49.29811],[-122.66073,49.29811],[-122.66073,49.29811],[-122.66073,49.29811],[-122.66073,49.29811],[-122.66073,49.29811],[-122.66073,49.29811],[-122.66073,49.29811],[-122.66072,49.29811],[-122.66072,49.2981],[-122.66072,49.2981],[-122.66072,49.2981],[-122.66072,49.2981],[-122.66072,49.2981],[-122.66072,49.2981],[-122.66071,49.2981],[-122.66071,49.2981],[-122.66071,49.2981],[-122.66071,49.2981],[-122.66071,49.2981],[-122.66071,49.2981],[-122.66071,49.2981],[-122.6607,49.2981],[-122.6607,49.2981],[-122.6607,49.29809],[-122.6607,49.29809],[-122.6607,49.29809],[-122.6607,49.29809],[-122.66069,49.29809],[-122.66069,49.29809],[-122.66069,49.29809],[-122.66069,49.29809],[-122.66069,49.29809],[-122.66069,49.29809],[-122.66069,49.29809],[-122.66068,49.29809],[-122.66068,49.29809],[-122.66068,49.29809],[-122.66068,49.29809],[-122.66068,49.29809],[-122.66068,49.29808],[-122.66068,49.29808],[-122.66067,49.29808],[-122.66067,49.29808],[-122.66067,49.29808],[-122.66067,49.29808],[-122.66067,49.29808],[-122.66067,49.29808],[-122.66067,49.29808],[-122.66066,49.29808],[-122.66066,49.29808],[-122.66066,49.29808],[-122.66066,49.29808],[-122.66066,49.29808],[-122.66066,49.29808],[-122.66066,49.29808],[-122.66065,49.29807],[-122.66065,49.29807],[-122.66065,49.29807],[-122.66065,49.29807],[-122.66065,49.29807],[-122.66065,49.29807],[-122.66065,49.29807],[-122.66064,49.29807],[-122.66064,49.29807],[-122.66064,49.29807],[-122.66064,49.29807],[-122.66064,49.29807],[-122.66064,49.29807],[-122.66064,49.29807],[-122.66063,49.29807],[-122.66063,49.29806],[-122.66063,49.29806],[-122.66063,49.29806],[-122.66063,49.29806],[-122.66063,49.29806],[-122.66062,49.29806],[-122.66062,49.29806],[-122.66062,49.29806],[-122.66062,49.29806],[-122.66062,49.29806],[-122.66062,49.29806],[-122.66062,49.29806],[-122.66061,49.29806],[-122.66061,49.29806],[-122.66061,49.29806],[-122.66061,49.29806],[-122.66061,49.29805],[-122.66061,49.29805],[-122.66061,49.29805],[-122.6606,49.29805],[-122.6606,49.29805],[-122.6606,49.29805],[-122.6606,49.29805],[-122.6606,49.29805],[-122.6606,49.29805],[-122.6606,49.29805],[-122.66059,49.29805],[-122.66059,49.29805],[-122.66059,49.29805],[-122.66059,49.29805],[-122.66059,49.29805],[-122.66059,49.29804],[-122.66059,49.29804],[-122.66058,49.29804],[-122.66058,49.29804],[-122.66058,49.29804],[-122.66058,49.29804],[-122.66058,49.29804],[-122.66058,49.29804],[-122.66058,49.29804],[-122.66057,49.29804],[-122.66057,49.29804],[-122.66057,49.29804],[-122.66057,49.29804],[-122.66057,49.29804],[-122.66057,49.29804],[-122.66057,49.29803],[-122.66056,49.29803],[-122.66056,49.29803],[-122.66056,49.29803],[-122.66056,49.29803],[-122.66056,49.29803],[-122.66056,49.29803],[-122.66056,49.29803],[-122.66055,49.29803],[-122.66055,49.29803],[-122.66055,49.29803],[-122.66055,49.29803],[-122.66055,49.29803],[-122.66055,49.29803],[-122.66055,49.29803],[-122.66054,49.29803],[-122.66054,49.29802],[-122.66054,49.29802],[-122.66054,49.29802],[-122.66054,49.29802],[-122.66054,49.29802],[-122.66054,49.29802],[-122.66053,49.29802],[-122.66053,49.29802],[-122.66053,49.29802],[-122.66053,49.29802],[-122.66053,49.29802],[-122.66053,49.29802],[-122.66053,49.29802],[-122.66052,49.29802],[-122.66052,49.29802],[-122.66052,49.29801],[-122.66052,49.29801],[-122.66052,49.29801],[-122.66052,49.29801],[-122.66052,49.29801],[-122.66051,49.29801],[-122.66051,49.29801],[-122.66051,49.29801],[-122.66051,49.29801],[-122.66051,49.29801],[-122.66051,49.29801],[-122.66051,49.29801],[-122.6605,49.29801],[-122.6605,49.29801],[-122.6605,49.29801],[-122.6605,49.298],[-122.6605,49.298],[-122.6605,49.298],[-122.6605,49.298],[-122.66049,49.298],[-122.66049,49.298],[-122.66049,49.298],[-122.66049,49.298],[-122.66049,49.298],[-122.66049,49.298],[-122.66049,49.298],[-122.66048,49.298],[-122.66048,49.298],[-122.66048,49.298],[-122.66048,49.298],[-122.66048,49.29799],[-122.66048,49.29799],[-122.66048,49.29799],[-122.66047,49.29799],[-122.66047,49.29799],[-122.66047,49.29799],[-122.66047,49.29799],[-122.66047,49.29799],[-122.66047,49.29799],[-122.66047,49.29799],[-122.66046,49.29799],[-122.66046,49.29799],[-122.66046,49.29799],[-122.66046,49.29799],[-122.66046,49.29799],[-122.66046,49.29798],[-122.66046,49.29798],[-122.66045,49.29798],[-122.66045,49.29798],[-122.66045,49.29798],[-122.66045,49.29798],[-122.66045,49.29798],[-122.66045,49.29798],[-122.66045,49.29798],[-122.66044,49.29798],[-122.66044,49.29798],[-122.66044,49.29798],[-122.66044,49.29798],[-122.66044,49.29798],[-122.66044,49.29798],[-122.66044,49.29797],[-122.66043,49.29797],[-122.66043,49.29797],[-122.66043,49.29797],[-122.66043,49.29797],[-122.66043,49.29797],[-122.66043,49.29797],[-122.66043,49.29797],[-122.66042,49.29797],[-122.66042,49.29797],[-122.66042,49.29797],[-122.66042,49.29797],[-122.66042,49.29797],[-122.66042,49.29797],[-122.66042,49.29797],[-122.66041,49.29796],[-122.66041,49.29796],[-122.66041,49.29796],[-122.66041,49.29796],[-122.66041,49.29796],[-122.66041,49.29796],[-122.66041,49.29796],[-122.6604,49.29796],[-122.6604,49.29796],[-122.6604,49.29796],[-122.6604,49.29796],[-122.6604,49.29796],[-122.6604,49.29796],[-122.6604,49.29796],[-122.66039,49.29796],[-122.66039,49.29795],[-122.66039,49.29795],[-122.66039,49.29795],[-122.66039,49.29795],[-122.66039,49.29795],[-122.66039,49.29795],[-122.66038,49.29795],[-122.66038,49.29795],[-122.66038,49.29795],[-122.66038,49.29795],[-122.66038,49.29795],[-122.66038,49.29795],[-122.66038,49.29795],[-122.66038,49.29795],[-122.66037,49.29794],[-122.66037,49.29794],[-122.66037,49.29794],[-122.66037,49.29794],[-122.66037,49.29794],[-122.66037,49.29794],[-122.66037,49.29794],[-122.66036,49.29794],[-122.66036,49.29794],[-122.66036,49.29794],[-122.66036,49.29794],[-122.66036,49.29794],[-122.66036,49.29794],[-122.66036,49.29794],[-122.66035,49.29794],[-122.66035,49.29793],[-122.66035,49.29793],[-122.66035,49.29793],[-122.66035,49.29793],[-122.66035,49.29793],[-122.66035,49.29793],[-122.66034,49.29793],[-122.66034,49.29793],[-122.66034,49.29793],[-122.66034,49.29793],[-122.66034,49.29793],[-122.66034,49.29793],[-122.66034,49.29793],[-122.66033,49.29793],[-122.66033,49.29792],[-122.66033,49.29792],[-122.66033,49.29792],[-122.66033,49.29792],[-122.66033,49.29792],[-122.66033,49.29792],[-122.66032,49.29792],[-122.66032,49.29792],[-122.66032,49.29792],[-122.66032,49.29792],[-122.66032,49.29792],[-122.66032,49.29792],[-122.66032,49.29792],[-122.66032,49.29792],[-122.66031,49.29792],[-122.66031,49.29791],[-122.66031,49.29791],[-122.66031,49.29791],[-122.66031,49.29791],[-122.66031,49.29791],[-122.66031,49.29791],[-122.6603,49.29791],[-122.6603,49.29791],[-122.6603,49.29791],[-122.6603,49.29791],[-122.6603,49.29791],[-122.6603,49.29791],[-122.6603,49.29791],[-122.66029,49.29791],[-122.66029,49.2979],[-122.66029,49.2979],[-122.66029,49.2979],[-122.66029,49.2979],[-122.66029,49.2979],[-122.66029,49.2979],[-122.66028,49.2979],[-122.66028,49.2979],[-122.66028,49.2979],[-122.66028,49.2979],[-122.66028,49.2979],[-122.66028,49.2979],[-122.66028,49.2979],[-122.66028,49.2979],[-122.66027,49.29789],[-122.66027,49.29789],[-122.66027,49.29789],[-122.66027,49.29789],[-122.66027,49.29789],[-122.66027,49.29789],[-122.66027,49.29789],[-122.66026,49.29789],[-122.66026,49.29789],[-122.66026,49.29789],[-122.66026,49.29789],[-122.66026,49.29789],[-122.66026,49.29789],[-122.66026,49.29789],[-122.66025,49.29788],[-122.66025,49.29788],[-122.66025,49.29788],[-122.66025,49.29788],[-122.66025,49.29788],[-122.66025,49.29788],[-122.66025,49.29788],[-122.66024,49.29788],[-122.66024,49.29788],[-122.66024,49.29788],[-122.66024,49.29788],[-122.66024,49.29788],[-122.66024,49.29788],[-122.66024,49.29788],[-122.66024,49.29787],[-122.66023,49.29787],[-122.66023,49.29787],[-122.66023,49.29787],[-122.66023,49.29787],[-122.66023,49.29787],[-122.66023,49.29787],[-122.66023,49.29787],[-122.66022,49.29787],[-122.66022,49.29787],[-122.66022,49.29787],[-122.66022,49.29787],[-122.66022,49.29787],[-122.66022,49.29787],[-122.66022,49.29786],[-122.66021,49.29786],[-122.66021,49.29786],[-122.66021,49.29786],[-122.66021,49.29786],[-122.66021,49.29786],[-122.66021,49.29786],[-122.66021,49.29786],[-122.66021,49.29786],[-122.6602,49.29786],[-122.6602,49.29786],[-122.6602,49.29786],[-122.6602,49.29786],[-122.6602,49.29786],[-122.6602,49.29785],[-122.6602,49.29785],[-122.66019,49.29785],[-122.66019,49.29785],[-122.66019,49.29785],[-122.66019,49.29785],[-122.66019,49.29785],[-122.66019,49.29785],[-122.66019,49.29785],[-122.66019,49.29785],[-122.66018,49.29785],[-122.66018,49.29785],[-122.66018,49.29785],[-122.66018,49.29785],[-122.66018,49.29784],[-122.66018,49.29784],[-122.66018,49.29784],[-122.66017,49.29784],[-122.66017,49.29784],[-122.66017,49.29784],[-122.66017,49.29784],[-122.66017,49.29784],[-122.66017,49.29784],[-122.66017,49.29784],[-122.66016,49.29784],[-122.66016,49.29784],[-122.66016,49.29784],[-122.66016,49.29784],[-122.66016,49.29783],[-122.66016,49.29783],[-122.66016,49.29783],[-122.66016,49.29783],[-122.66015,49.29783],[-122.66015,49.29783],[-122.66015,49.29783],[-122.66015,49.29783],[-122.66015,49.29783],[-122.66015,49.29783],[-122.66015,49.29783],[-122.66014,49.29783],[-122.66014,49.29783],[-122.66014,49.29782],[-122.66014,49.29782],[-122.66014,49.29782],[-122.66014,49.29782],[-122.66014,49.29782],[-122.66014,49.29782],[-122.66013,49.29782],[-122.66013,49.29782],[-122.66013,49.29782],[-122.66013,49.29782],[-122.66013,49.29782],[-122.66013,49.29782],[-122.66013,49.29782],[-122.66012,49.29782],[-122.66012,49.29781],[-122.66012,49.29781],[-122.66012,49.29781],[-122.66012,49.29781],[-122.66012,49.29781],[-122.66012,49.29781],[-122.66012,49.29781],[-122.66011,49.29781],[-122.66011,49.29781],[-122.66011,49.29781],[-122.66011,49.29781],[-122.66011,49.29781],[-122.66011,49.29781],[-122.66011,49.2978],[-122.66011,49.2978],[-122.6601,49.2978],[-122.6601,49.2978],[-122.6601,49.2978],[-122.6601,49.2978],[-122.6601,49.2978],[-122.6601,49.2978],[-122.6601,49.2978],[-122.66009,49.2978],[-122.66009,49.2978],[-122.66009,49.2978],[-122.66009,49.2978],[-122.66009,49.2978],[-122.66009,49.29779],[-122.66009,49.29779],[-122.66009,49.29779],[-122.66008,49.29779],[-122.66008,49.29779],[-122.66008,49.29779],[-122.66008,49.29779],[-122.66008,49.29779],[-122.66008,49.29779],[-122.66008,49.29779],[-122.66007,49.29779],[-122.66007,49.29779],[-122.66007,49.29779],[-122.66007,49.29778],[-122.66007,49.29778],[-122.66007,49.29778],[-122.66007,49.29778],[-122.66007,49.29778],[-122.66006,49.29778],[-122.66006,49.29778],[-122.66006,49.29778],[-122.66006,49.29778],[-122.66006,49.29778],[-122.66006,49.29778],[-122.66006,49.29778],[-122.66006,49.29778],[-122.66005,49.29777],[-122.66005,49.29777],[-122.66005,49.29777],[-122.66005,49.29777],[-122.66005,49.29777],[-122.66005,49.29777],[-122.66005,49.29777],[-122.66004,49.29777],[-122.66004,49.29777],[-122.66004,49.29777],[-122.66004,49.29777],[-122.66004,49.29777],[-122.66004,49.29777],[-122.66004,49.29776],[-122.66004,49.29776],[-122.66003,49.29776],[-122.66003,49.29776],[-122.66003,49.29776],[-122.66003,49.29776],[-122.66003,49.29776],[-122.66003,49.29776],[-122.66003,49.29776],[-122.66003,49.29776],[-122.66002,49.29776],[-122.66002,49.29776],[-122.66002,49.29776],[-122.66002,49.29775],[-122.66002,49.29775],[-122.66002,49.29775],[-122.66002,49.29775],[-122.66001,49.29775],[-122.66001,49.29775],[-122.66001,49.29775],[-122.66001,49.29775],[-122.66001,49.29775],[-122.66001,49.29775],[-122.66001,49.29775],[-122.66001,49.29775],[-122.66,49.29775],[-122.66,49.29774],[-122.66,49.29774],[-122.66,49.29774],[-122.66,49.29774],[-122.66,49.29774],[-122.66,49.29774],[-122.66,49.29774],[-122.65999,49.29774],[-122.65999,49.29774],[-122.65999,49.29774],[-122.65999,49.29774],[-122.65999,49.29774],[-122.65999,49.29774],[-122.65999,49.29773],[-122.65999,49.29773],[-122.65998,49.29773],[-122.65998,49.29773],[-122.65998,49.29773],[-122.65998,49.29773],[-122.65998,49.29773],[-122.65998,49.29773],[-122.65998,49.29773],[-122.65998,49.29773],[-122.65997,49.29773],[-122.65997,49.29773],[-122.65997,49.29773],[-122.65997,49.29772],[-122.65997,49.29772],[-122.65997,49.29772],[-122.65997,49.29772],[-122.65997,49.29772],[-122.65996,49.29772],[-122.65996,49.29772],[-122.65996,49.29772],[-122.65996,49.29772],[-122.65996,49.29772],[-122.65996,49.29772],[-122.65996,49.29772],[-122.65996,49.29771],[-122.65995,49.29771],[-122.65995,49.29771],[-122.65995,49.29771],[-122.65995,49.29771],[-122.65995,49.29771],[-122.65995,49.29771],[-122.65995,49.29771],[-122.65994,49.29771],[-122.65994,49.29771],[-122.65994,49.29771],[-122.65994,49.29771],[-122.65994,49.29771],[-122.65994,49.2977],[-122.65994,49.2977],[-122.65994,49.2977],[-122.65993,49.2977],[-122.65993,49.2977],[-122.65993,49.2977],[-122.65993,49.2977],[-122.65993,49.2977],[-122.65993,49.2977],[-122.65993,49.2977],[-122.65993,49.2977],[-122.65992,49.2977],[-122.65992,49.29769],[-122.65992,49.29769],[-122.65992,49.29769],[-122.65992,49.29769],[-122.65992,49.29769],[-122.65992,49.29769],[-122.65992,49.29769],[-122.65991,49.29769],[-122.65991,49.29769],[-122.65991,49.29769],[-122.65991,49.29769],[-122.65991,49.29769],[-122.65991,49.29769],[-122.65991,49.29768],[-122.65991,49.29768],[-122.65991,49.29768],[-122.6599,49.29768],[-122.6599,49.29768],[-122.6599,49.29768],[-122.6599,49.29768],[-122.6599,49.29768],[-122.6599,49.29768],[-122.6599,49.29768],[-122.6599,49.29768],[-122.65989,49.29768],[-122.65989,49.29767],[-122.65989,49.29767],[-122.65989,49.29767],[-122.65989,49.29767],[-122.65989,49.29767],[-122.65989,49.29767],[-122.65989,49.29767],[-122.65988,49.29767],[-122.65988,49.29767],[-122.65988,49.29767],[-122.65988,49.29767],[-122.65988,49.29767],[-122.65988,49.29766],[-122.65988,49.29766],[-122.65988,49.29766],[-122.65987,49.29766],[-122.65987,49.29766],[-122.65987,49.29766],[-122.65987,49.29766],[-122.65987,49.29766],[-122.65987,49.29766],[-122.65987,49.29766],[-122.65987,49.29766],[-122.65986,49.29766],[-122.65986,49.29765],[-122.65986,49.29765],[-122.65986,49.29765],[-122.65986,49.29765],[-122.65986,49.29765],[-122.65986,49.29765],[-122.65986,49.29765],[-122.65985,49.29765],[-122.65985,49.29765],[-122.65985,49.29765],[-122.65985,49.29765],[-122.65985,49.29765],[-122.65985,49.29764],[-122.65985,49.29764],[-122.65985,49.29764],[-122.65984,49.29764],[-122.65984,49.29764],[-122.65984,49.29764],[-122.65984,49.29764],[-122.65984,49.29764],[-122.65984,49.29764],[-122.65984,49.29764],[-122.65984,49.29764],[-122.65984,49.29764],[-122.65983,49.29763],[-122.65983,49.29763],[-122.65983,49.29763],[-122.65983,49.29763],[-122.65983,49.29763],[-122.65983,49.29763],[-122.65983,49.29763],[-122.65983,49.29763],[-122.65982,49.29763],[-122.65982,49.29763],[-122.65982,49.29763],[-122.65982,49.29763],[-122.65982,49.29762],[-122.65982,49.29762],[-122.65982,49.29762],[-122.65982,49.29762],[-122.65981,49.29762],[-122.65981,49.29762],[-122.65981,49.29762],[-122.65981,49.29762],[-122.65981,49.29762],[-122.65981,49.29762],[-122.65981,49.29762],[-122.65981,49.29762],[-122.65981,49.29761],[-122.6598,49.29761],[-122.6598,49.29761],[-122.6598,49.29761],[-122.6598,49.29761],[-122.6598,49.29761],[-122.6598,49.29761],[-122.6598,49.29761],[-122.6598,49.29761],[-122.65979,49.29761],[-122.65979,49.29761],[-122.65979,49.29761],[-122.65979,49.2976],[-122.65979,49.2976],[-122.65979,49.2976],[-122.65979,49.2976],[-122.65979,49.2976],[-122.65979,49.2976],[-122.65978,49.2976],[-122.65978,49.2976],[-122.65978,49.2976],[-122.65978,49.2976],[-122.65978,49.2976],[-122.65978,49.29759],[-122.65978,49.29759],[-122.65978,49.29759],[-122.65977,49.29759],[-122.65977,49.29759],[-122.65977,49.29759],[-122.65977,49.29759],[-122.65977,49.29759],[-122.65977,49.29759],[-122.65977,49.29759],[-122.65977,49.29759],[-122.65977,49.29759],[-122.65976,49.29758],[-122.65976,49.29758],[-122.65976,49.29758],[-122.65976,49.29758],[-122.65976,49.29758],[-122.65976,49.29758],[-122.65976,49.29758],[-122.65976,49.29758],[-122.65975,49.29758],[-122.65975,49.29758],[-122.65975,49.29758],[-122.65975,49.29757],[-122.65975,49.29757],[-122.65975,49.29757],[-122.65975,49.29757],[-122.65975,49.29757],[-122.65975,49.29757],[-122.65974,49.29757],[-122.65974,49.29757],[-122.65974,49.29757],[-122.65974,49.29757],[-122.65974,49.29757],[-122.65974,49.29757],[-122.65974,49.29756],[-122.65974,49.29756],[-122.65974,49.29756],[-122.65973,49.29756],[-122.65973,49.29756],[-122.65973,49.29756],[-122.65973,49.29756],[-122.65973,49.29756],[-122.65973,49.29756],[-122.65973,49.29756],[-122.65973,49.29756],[-122.65972,49.29755],[-122.65972,49.29755],[-122.65972,49.29755],[-122.65972,49.29755],[-122.65972,49.29755],[-122.65972,49.29755],[-122.65972,49.29755],[-122.65972,49.29755],[-122.65972,49.29755],[-122.65971,49.29755],[-122.65971,49.29755],[-122.65971,49.29754],[-122.65971,49.29754],[-122.65971,49.29754],[-122.65971,49.29754],[-122.65971,49.29754],[-122.65971,49.29754],[-122.65971,49.29754],[-122.6597,49.29754],[-122.6597,49.29754],[-122.6597,49.29754],[-122.6597,49.29754],[-122.6597,49.29754],[-122.6597,49.29753],[-122.6597,49.29753],[-122.6597,49.29753],[-122.6597,49.29753],[-122.65969,49.29753],[-122.65969,49.29753],[-122.65969,49.29753],[-122.65969,49.29753],[-122.65969,49.29753],[-122.65969,49.29753],[-122.65969,49.29753],[-122.65969,49.29752],[-122.65969,49.29752],[-122.65968,49.29752],[-122.65968,49.29752],[-122.65968,49.29752],[-122.65968,49.29752],[-122.65968,49.29752],[-122.65968,49.29752],[-122.65968,49.29752],[-122.65968,49.29752],[-122.65968,49.29752],[-122.65967,49.29751],[-122.65967,49.29751],[-122.65967,49.29751],[-122.65967,49.29751],[-122.65967,49.29751],[-122.65967,49.29751],[-122.65967,49.29751],[-122.65967,49.29751],[-122.65967,49.29751],[-122.65966,49.29751],[-122.65966,49.29751],[-122.65966,49.2975],[-122.65966,49.2975],[-122.65966,49.2975],[-122.65966,49.2975],[-122.65966,49.2975],[-122.65966,49.2975],[-122.65966,49.2975],[-122.65965,49.2975],[-122.65965,49.2975],[-122.65965,49.2975],[-122.65965,49.2975],[-122.65965,49.29749],[-122.65965,49.29749],[-122.65965,49.29749],[-122.65965,49.29749],[-122.65965,49.29749],[-122.65964,49.29749],[-122.65964,49.29749],[-122.65964,49.29749],[-122.65964,49.29749],[-122.65964,49.29749],[-122.65964,49.29748],[-122.65964,49.29748],[-122.65964,49.29748],[-122.65964,49.29748],[-122.65963,49.29748],[-122.65963,49.29748],[-122.65963,49.29748],[-122.65963,49.29748],[-122.65963,49.29748],[-122.65963,49.29748],[-122.65963,49.29748],[-122.65963,49.29747],[-122.65963,49.29747],[-122.65962,49.29747],[-122.65962,49.29747],[-122.65962,49.29747],[-122.65962,49.29747],[-122.65962,49.29747],[-122.65962,49.29747],[-122.65962,49.29747],[-122.65962,49.29747],[-122.65962,49.29747],[-122.65961,49.29746],[-122.65961,49.29746],[-122.65961,49.29746],[-122.65961,49.29746],[-122.65961,49.29746],[-122.65961,49.29746],[-122.65961,49.29746],[-122.65961,49.29746],[-122.65961,49.29746],[-122.65961,49.29746],[-122.6596,49.29745],[-122.6596,49.29745],[-122.6596,49.29745],[-122.6596,49.29745],[-122.6596,49.29745],[-122.6596,49.29745],[-122.6596,49.29745],[-122.6596,49.29745],[-122.6596,49.29745],[-122.65959,49.29745],[-122.65959,49.29745],[-122.65959,49.29744],[-122.65959,49.29744],[-122.65959,49.29744],[-122.65959,49.29744],[-122.65959,49.29744],[-122.65959,49.29744],[-122.65959,49.29744],[-122.65959,49.29744],[-122.65958,49.29744],[-122.65958,49.29744],[-122.65958,49.29743],[-122.65958,49.29743],[-122.65958,49.29743],[-122.65958,49.29743],[-122.65958,49.29743],[-122.65958,49.29743],[-122.65958,49.29743],[-122.65957,49.29743],[-122.65957,49.29743],[-122.65957,49.29743],[-122.65957,49.29743],[-122.65957,49.29742],[-122.65957,49.29742],[-122.65957,49.29742],[-122.65957,49.29742],[-122.65957,49.29742],[-122.65957,49.29742],[-122.65956,49.29742],[-122.65956,49.29742],[-122.65956,49.29742],[-122.65956,49.29742],[-122.65956,49.29741],[-122.65956,49.29741],[-122.65956,49.29741],[-122.65956,49.29741],[-122.65956,49.29741],[-122.65955,49.29741],[-122.65955,49.29741],[-122.65955,49.29741],[-122.65955,49.29741],[-122.65955,49.29741],[-122.65955,49.2974],[-122.65955,49.2974],[-122.65955,49.2974],[-122.65955,49.2974],[-122.65955,49.2974],[-122.65954,49.2974],[-122.65954,49.2974],[-122.65954,49.2974],[-122.65954,49.2974],[-122.65954,49.2974],[-122.65954,49.29739],[-122.65954,49.29739],[-122.65954,49.29739],[-122.65954,49.29739],[-122.65954,49.29739],[-122.65953,49.29739],[-122.65953,49.29739],[-122.65953,49.29739],[-122.65953,49.29739],[-122.65953,49.29739],[-122.65953,49.29738],[-122.65953,49.29738],[-122.65953,49.29738],[-122.65953,49.29738],[-122.65953,49.29738],[-122.65952,49.29738],[-122.65952,49.29738],[-122.65952,49.29738],[-122.65952,49.29738],[-122.65952,49.29738],[-122.65952,49.29738],[-122.65952,49.29737],[-122.65952,49.29737],[-122.65952,49.29737],[-122.65952,49.29737],[-122.65951,49.29737],[-122.65951,49.29737],[-122.65951,49.29737],[-122.65951,49.29737],[-122.65951,49.29737],[-122.65951,49.29736],[-122.65951,49.29736],[-122.65951,49.29736],[-122.65951,49.29736],[-122.65951,49.29736],[-122.6595,49.29736],[-122.6595,49.29736],[-122.6595,49.29736],[-122.6595,49.29736],[-122.6595,49.29736],[-122.6595,49.29735],[-122.6595,49.29735],[-122.6595,49.29735],[-122.6595,49.29735],[-122.6595,49.29735],[-122.65949,49.29735],[-122.65949,49.29735],[-122.65949,49.29735],[-122.65949,49.29735],[-122.65949,49.29735],[-122.65949,49.29734],[-122.65949,49.29734],[-122.65949,49.29734],[-122.65949,49.29734],[-122.65949,49.29734],[-122.65948,49.29734],[-122.65948,49.29734],[-122.65948,49.29734],[-122.65948,49.29734],[-122.65948,49.29734],[-122.65948,49.29733],[-122.65948,49.29733],[-122.65948,49.29733],[-122.65948,49.29733],[-122.65948,49.29733],[-122.65947,49.29733],[-122.65947,49.29733],[-122.65947,49.29733],[-122.65947,49.29733],[-122.65947,49.29733],[-122.65947,49.29732],[-122.65947,49.29732],[-122.65947,49.29732],[-122.65947,49.29732],[-122.65947,49.29732],[-122.65947,49.29732],[-122.65946,49.29732],[-122.65946,49.29732],[-122.65946,49.29732],[-122.65946,49.29732],[-122.65946,49.29731],[-122.65946,49.29731],[-122.65946,49.29731],[-122.65946,49.29731],[-122.65946,49.29731],[-122.65946,49.29731],[-122.65945,49.29731],[-122.65945,49.29731],[-122.65945,49.29731],[-122.65945,49.2973],[-122.65945,49.2973],[-122.65945,49.2973],[-122.65945,49.2973],[-122.65945,49.2973],[-122.65945,49.2973],[-122.65945,49.2973],[-122.65945,49.2973],[-122.65944,49.2973],[-122.65944,49.2973],[-122.65944,49.29729],[-122.65944,49.29729],[-122.65944,49.29729],[-122.65944,49.29729],[-122.65944,49.29729],[-122.65944,49.29729],[-122.65944,49.29729],[-122.65944,49.29729],[-122.65944,49.29729],[-122.65943,49.29729],[-122.65943,49.29728],[-122.65943,49.29728],[-122.65943,49.29728],[-122.65943,49.29728],[-122.65943,49.29728],[-122.65943,49.29728],[-122.65943,49.29728],[-122.65943,49.29728],[-122.65943,49.29728],[-122.65943,49.29727],[-122.65942,49.29727],[-122.65942,49.29727],[-122.65942,49.29727],[-122.65942,49.29727],[-122.65942,49.29727],[-122.65942,49.29727],[-122.65942,49.29727],[-122.65942,49.29727],[-122.65942,49.29727],[-122.65942,49.29726],[-122.65942,49.29726],[-122.65941,49.29726],[-122.65941,49.29726],[-122.65941,49.29726],[-122.65941,49.29726],[-122.65941,49.29726],[-122.65941,49.29726],[-122.65941,49.29726],[-122.65941,49.29726],[-122.65941,49.29725],[-122.65941,49.29725],[-122.65941,49.29725],[-122.6594,49.29725],[-122.6594,49.29725],[-122.6594,49.29725],[-122.6594,49.29725],[-122.6594,49.29725],[-122.6594,49.29725],[-122.6594,49.29724],[-122.6594,49.29724],[-122.6594,49.29724],[-122.6594,49.29724],[-122.6594,49.29724],[-122.65939,49.29724],[-122.65939,49.29724],[-122.65939,49.29724],[-122.65939,49.29724],[-122.65939,49.29724],[-122.65939,49.29723],[-122.65939,49.29723],[-122.65939,49.29723],[-122.65939,49.29723],[-122.65939,49.29723],[-122.65939,49.29723],[-122.65938,49.29723],[-122.65938,49.29723],[-122.65938,49.29723],[-122.65938,49.29723],[-122.65938,49.29722],[-122.65938,49.29722],[-122.65938,49.29722],[-122.65938,49.29722],[-122.65938,49.29722],[-122.65938,49.29722],[-122.65938,49.29722],[-122.65938,49.29722],[-122.65937,49.29722],[-122.65937,49.29721],[-122.65937,49.29721],[-122.65937,49.29721],[-122.65937,49.29721],[-122.65937,49.29721],[-122.65937,49.29721],[-122.65937,49.29721],[-122.65937,49.29721],[-122.65937,49.29721],[-122.65937,49.29721],[-122.65937,49.2972],[-122.65936,49.2972],[-122.65936,49.2972],[-122.65936,49.2972],[-122.65936,49.2972],[-122.65936,49.2972],[-122.65936,49.2972],[-122.65936,49.2972],[-122.65936,49.2972],[-122.65936,49.2972],[-122.65936,49.29719],[-122.65936,49.29719],[-122.65936,49.29719],[-122.65935,49.29719],[-122.65935,49.29719],[-122.65935,49.29719],[-122.65935,49.29719],[-122.65935,49.29719],[-122.65935,49.29719],[-122.65935,49.29718],[-122.65935,49.29718],[-122.65935,49.29718],[-122.65935,49.29718],[-122.65935,49.29718],[-122.65935,49.29718],[-122.65934,49.29718],[-122.65934,49.29718],[-122.65934,49.29718],[-122.65934,49.29718],[-122.65934,49.29717],[-122.65934,49.29717],[-122.65934,49.29717],[-122.65934,49.29717],[-122.65934,49.29717],[-122.65934,49.29717],[-122.65934,49.29717],[-122.65934,49.29717],[-122.65933,49.29717],[-122.65933,49.29716],[-122.65933,49.29716],[-122.65933,49.29716],[-122.65933,49.29716],[-122.65933,49.29716],[-122.65933,49.29716],[-122.65933,49.29716],[-122.65933,49.29716],[-122.65933,49.29716],[-122.65933,49.29716],[-122.65933,49.29715],[-122.65932,49.29715],[-122.65932,49.29715],[-122.65932,49.29715],[-122.65932,49.29715],[-122.65932,49.29715],[-122.65932,49.29715],[-122.65932,49.29715],[-122.65932,49.29715],[-122.65932,49.29714],[-122.65932,49.29714],[-122.65932,49.29714],[-122.65932,49.29714],[-122.65932,49.29714],[-122.65931,49.29714],[-122.65931,49.29714],[-122.65931,49.29714],[-122.65931,49.29714],[-122.65931,49.29714],[-122.65931,49.29713],[-122.65931,49.29713],[-122.65931,49.29713],[-122.65931,49.29713],[-122.65931,49.29713],[-122.65931,49.29713],[-122.65931,49.29713],[-122.6593,49.29713],[-122.6593,49.29713],[-122.6593,49.29712],[-122.6593,49.29712],[-122.6593,49.29712],[-122.6593,49.29712],[-122.6593,49.29712],[-122.6593,49.29712],[-122.6593,49.29712],[-122.6593,49.29712],[-122.6593,49.29712],[-122.6593,49.29712],[-122.6593,49.29711],[-122.65929,49.29711],[-122.65929,49.29711],[-122.65929,49.29711],[-122.65929,49.29711],[-122.65929,49.29711],[-122.65929,49.29711],[-122.65929,49.29711],[-122.65929,49.29711],[-122.65929,49.2971],[-122.65929,49.2971],[-122.65929,49.2971],[-122.65929,49.2971],[-122.65929,49.2971],[-122.65928,49.2971],[-122.65928,49.2971],[-122.65928,49.2971],[-122.65928,49.2971],[-122.65928,49.2971],[-122.65928,49.29709],[-122.65928,49.29709],[-122.65928,49.29709],[-122.65928,49.29709],[-122.65928,49.29709],[-122.65928,49.29709],[-122.65928,49.29709],[-122.65928,49.29709],[-122.65928,49.29709],[-122.65927,49.29708],[-122.65927,49.29708],[-122.65927,49.29708],[-122.65927,49.29708],[-122.65927,49.29708],[-122.65927,49.29708],[-122.65927,49.29708],[-122.65927,49.29708],[-122.65927,49.29708],[-122.65927,49.29708],[-122.65927,49.29707],[-122.65927,49.29707],[-122.65927,49.29707],[-122.65926,49.29707],[-122.65926,49.29707],[-122.65926,49.29707],[-122.65926,49.29707],[-122.65926,49.29707],[-122.65926,49.29707],[-122.65926,49.29706],[-122.65926,49.29706],[-122.65926,49.29706],[-122.65926,49.29706],[-122.65926,49.29706],[-122.65926,49.29706],[-122.65926,49.29706],[-122.65926,49.29706],[-122.65925,49.29706],[-122.65925,49.29706],[-122.65925,49.29705],[-122.65925,49.29705],[-122.65925,49.29705],[-122.65925,49.29705],[-122.65925,49.29705],[-122.65925,49.29705],[-122.65925,49.29705],[-122.65925,49.29705],[-122.65925,49.29705],[-122.65925,49.29704],[-122.65925,49.29704],[-122.65925,49.29704],[-122.65924,49.29704],[-122.65924,49.29704],[-122.65924,49.29704],[-122.65924,49.29704],[-122.65924,49.29704],[-122.65924,49.29704],[-122.65924,49.29703],[-122.65924,49.29703],[-122.65924,49.29703],[-122.65924,49.29703],[-122.65924,49.29703],[-122.65924,49.29703],[-122.65924,49.29703],[-122.65924,49.29703],[-122.65923,49.29703],[-122.65923,49.29703],[-122.65923,49.29702],[-122.65923,49.29702],[-122.65923,49.29702],[-122.65923,49.29702],[-122.65923,49.29702],[-122.65923,49.29702],[-122.65923,49.29702],[-122.65923,49.29702],[-122.65923,49.29702],[-122.65923,49.29701],[-122.65923,49.29701],[-122.65923,49.29701],[-122.65923,49.29701],[-122.65922,49.29701],[-122.65922,49.29701],[-122.65922,49.29701],[-122.65922,49.29701],[-122.65922,49.29701],[-122.65922,49.29701],[-122.65922,49.297],[-122.65922,49.297],[-122.65922,49.297],[-122.65922,49.297],[-122.65922,49.297],[-122.65922,49.297],[-122.65922,49.297],[-122.65922,49.297],[-122.65922,49.297],[-122.65921,49.29699],[-122.65921,49.29699],[-122.65921,49.29699],[-122.65921,49.29699],[-122.65921,49.29699],[-122.65921,49.29699],[-122.65921,49.29699],[-122.65921,49.29699],[-122.65921,49.29699],[-122.65921,49.29698],[-122.65921,49.29698],[-122.65921,49.29698],[-122.65921,49.29698],[-122.65921,49.29698],[-122.65921,49.29698],[-122.6592,49.29698],[-122.6592,49.29698],[-122.6592,49.29698],[-122.6592,49.29698],[-122.6592,49.29697],[-122.6592,49.29697],[-122.6592,49.29697],[-122.6592,49.29697],[-122.6592,49.29697],[-122.6592,49.29697],[-122.6592,49.29697],[-122.6592,49.29697],[-122.6592,49.29697],[-122.6592,49.29696],[-122.6592,49.29696],[-122.65919,49.29696],[-122.65919,49.29696],[-122.65919,49.29696],[-122.65919,49.29696],[-122.65919,49.29696],[-122.65919,49.29696],[-122.65919,49.29696],[-122.65919,49.29695],[-122.65919,49.29695],[-122.65919,49.29695],[-122.65919,49.29695],[-122.65919,49.29695],[-122.65919,49.29695],[-122.65919,49.29695],[-122.65919,49.29695],[-122.65919,49.29695],[-122.65918,49.29694],[-122.65918,49.29694],[-122.65918,49.29694],[-122.65918,49.29694],[-122.65918,49.29694],[-122.65918,49.29694],[-122.65918,49.29694],[-122.65918,49.29694],[-122.65918,49.29694],[-122.65918,49.29694],[-122.65918,49.29693],[-122.65918,49.29693],[-122.65918,49.29693],[-122.65918,49.29693],[-122.65918,49.29693],[-122.65918,49.29693],[-122.65917,49.29693],[-122.65917,49.29693],[-122.65917,49.29693],[-122.65917,49.29692],[-122.65917,49.29692],[-122.65917,49.29692],[-122.65917,49.29692],[-122.65917,49.29692],[-122.65917,49.29692],[-122.65917,49.29692],[-122.65917,49.29692],[-122.65917,49.29692],[-122.65917,49.29691],[-122.65917,49.29691],[-122.65917,49.29691],[-122.65917,49.29691],[-122.65916,49.29691],[-122.65916,49.29691],[-122.65916,49.29691],[-122.65916,49.29691],[-122.65916,49.29691],[-122.65916,49.29691],[-122.65916,49.2969],[-122.65916,49.2969],[-122.65916,49.2969],[-122.65916,49.2969],[-122.65916,49.2969],[-122.65916,49.2969],[-122.65916,49.2969],[-122.65916,49.2969],[-122.65916,49.2969],[-122.65916,49.29689],[-122.65916,49.29689],[-122.65915,49.29689],[-122.65915,49.29689],[-122.65915,49.29689],[-122.65915,49.29689],[-122.65915,49.29689],[-122.65915,49.29689],[-122.65915,49.29689],[-122.65915,49.29688],[-122.65915,49.29688],[-122.65915,49.29688],[-122.65915,49.29688],[-122.65915,49.29688],[-122.65915,49.29688],[-122.65915,49.29688],[-122.65915,49.29688],[-122.65915,49.29688],[-122.65915,49.29687],[-122.65914,49.29687],[-122.65914,49.29687],[-122.65914,49.29687],[-122.65914,49.29687],[-122.65914,49.29687],[-122.65914,49.29687],[-122.65914,49.29687],[-122.65914,49.29687],[-122.65914,49.29687],[-122.65914,49.29686],[-122.65914,49.29686],[-122.65914,49.29686],[-122.65914,49.29686],[-122.65914,49.29686],[-122.65914,49.29686],[-122.65914,49.29686],[-122.65914,49.29686],[-122.65913,49.29686],[-122.65913,49.29685],[-122.65913,49.29685],[-122.65913,49.29685],[-122.65913,49.29685],[-122.65913,49.29685],[-122.65913,49.29685],[-122.65913,49.29685],[-122.65913,49.29685],[-122.65913,49.29685],[-122.65913,49.29684],[-122.65913,49.29684],[-122.65913,49.29684],[-122.65913,49.29684],[-122.65913,49.29684],[-122.65913,49.29684],[-122.65913,49.29684],[-122.65913,49.29684],[-122.65912,49.29684],[-122.65912,49.29683],[-122.65912,49.29683],[-122.65912,49.29683],[-122.65912,49.29683],[-122.65912,49.29683],[-122.65912,49.29683],[-122.65912,49.29683],[-122.65912,49.29683],[-122.65912,49.29683],[-122.65912,49.29682],[-122.65912,49.29682],[-122.65912,49.29682],[-122.65912,49.29682],[-122.65912,49.29682],[-122.65912,49.29682],[-122.65912,49.29682],[-122.65912,49.29682],[-122.65912,49.29682],[-122.65911,49.29681],[-122.65911,49.29681],[-122.65911,49.29681],[-122.65911,49.29681],[-122.65911,49.29681],[-122.65911,49.29681],[-122.65911,49.29681],[-122.65911,49.29681],[-122.65911,49.29681],[-122.65911,49.29681],[-122.65911,49.2968],[-122.65911,49.2968],[-122.65911,49.2968],[-122.65911,49.2968],[-122.65911,49.2968],[-122.65911,49.2968],[-122.65911,49.2968],[-122.65911,49.2968],[-122.6591,49.2968],[-122.6591,49.29679],[-122.6591,49.29679],[-122.6591,49.29679],[-122.6591,49.29679],[-122.6591,49.29679],[-122.6591,49.29679],[-122.6591,49.29679],[-122.6591,49.29679],[-122.6591,49.29679],[-122.6591,49.29678],[-122.6591,49.29678],[-122.6591,49.29678],[-122.6591,49.29678],[-122.6591,49.29678],[-122.6591,49.29678],[-122.6591,49.29678],[-122.6591,49.29678],[-122.6591,49.29678],[-122.6591,49.29677],[-122.65909,49.29677],[-122.65909,49.29677],[-122.65909,49.29677],[-122.65909,49.29677],[-122.65909,49.29677],[-122.65909,49.29677],[-122.65909,49.29677],[-122.65909,49.29677],[-122.65909,49.29676],[-122.65909,49.29676],[-122.65909,49.29676],[-122.65909,49.29676],[-122.65909,49.29676],[-122.65909,49.29676],[-122.65909,49.29676],[-122.65909,49.29676],[-122.65909,49.29676],[-122.65909,49.29675],[-122.65909,49.29675],[-122.65909,49.29675],[-122.65908,49.29675],[-122.65908,49.29675],[-122.65908,49.29675],[-122.65908,49.29675],[-122.65908,49.29675],[-122.65908,49.29675],[-122.65908,49.29674],[-122.65908,49.29674],[-122.65908,49.29674],[-122.65908,49.29674],[-122.65908,49.29674],[-122.65908,49.29674],[-122.65908,49.29674],[-122.65908,49.29674],[-122.65908,49.29674],[-122.65908,49.29674],[-122.65908,49.29673],[-122.65908,49.29673],[-122.65908,49.29673],[-122.65908,49.29673],[-122.65907,49.29673],[-122.65907,49.29673],[-122.65907,49.29673],[-122.65907,49.29673],[-122.65907,49.29673],[-122.65907,49.29672],[-122.65907,49.29672],[-122.65907,49.29672],[-122.65907,49.29672],[-122.65907,49.29672],[-122.65907,49.29672],[-122.65907,49.29672],[-122.65907,49.29672],[-122.65907,49.29672],[-122.65907,49.29671],[-122.65907,49.29671],[-122.65907,49.29671],[-122.65907,49.29671],[-122.65907,49.29671],[-122.65907,49.29671],[-122.65907,49.29671],[-122.65907,49.29671],[-122.65906,49.29671],[-122.65906,49.2967],[-122.65906,49.2967],[-122.65906,49.2967],[-122.65906,49.2967],[-122.65906,49.2967],[-122.65906,49.2967],[-122.65906,49.2967],[-122.65906,49.2967],[-122.65906,49.2967],[-122.65906,49.29669],[-122.65906,49.29669],[-122.65906,49.29669],[-122.65906,49.29669],[-122.65906,49.29669],[-122.65906,49.29669],[-122.65906,49.29669],[-122.65906,49.29669],[-122.65906,49.29669],[-122.65906,49.29668],[-122.65906,49.29668],[-122.65906,49.29668],[-122.65905,49.29668],[-122.65905,49.29668],[-122.65905,49.29668],[-122.65905,49.29668],[-122.65905,49.29668],[-122.65905,49.29668],[-122.65905,49.29667],[-122.65905,49.29667],[-122.65905,49.29667],[-122.65905,49.29667],[-122.65905,49.29667],[-122.65905,49.29667],[-122.65905,49.29667],[-122.65905,49.29667],[-122.65905,49.29667],[-122.65905,49.29666],[-122.65905,49.29666],[-122.65905,49.29666],[-122.65905,49.29666],[-122.65905,49.29666],[-122.65905,49.29666],[-122.65905,49.29666],[-122.65904,49.29666],[-122.65904,49.29666],[-122.65904,49.29665],[-122.65904,49.29665],[-122.65904,49.29665],[-122.65904,49.29665],[-122.65904,49.29665],[-122.65904,49.29665],[-122.65904,49.29665],[-122.65904,49.29665],[-122.65904,49.29665],[-122.65904,49.29664],[-122.65904,49.29664],[-122.65904,49.29664],[-122.65904,49.29664],[-122.65904,49.29664],[-122.65904,49.29664],[-122.65904,49.29664],[-122.65904,49.29664],[-122.65904,49.29664],[-122.65904,49.29663],[-122.65904,49.29663],[-122.65904,49.29663],[-122.65904,49.29663],[-122.65903,49.29663],[-122.65903,49.29663],[-122.65903,49.29663],[-122.65903,49.29663],[-122.65903,49.29663],[-122.65903,49.29662],[-122.65903,49.29662],[-122.65903,49.29662],[-122.65903,49.29662],[-122.65903,49.29662],[-122.65903,49.29662],[-122.65903,49.29662],[-122.65903,49.29662],[-122.65903,49.29662],[-122.65903,49.29661],[-122.65903,49.29661],[-122.65903,49.29661],[-122.65903,49.29661],[-122.65903,49.29661],[-122.65903,49.29661],[-122.65903,49.29661],[-122.65903,49.29661],[-122.65903,49.29661],[-122.65903,49.2966],[-122.65902,49.2966],[-122.65902,49.2966],[-122.65902,49.2966],[-122.65902,49.2966],[-122.65902,49.2966],[-122.65902,49.2966],[-122.65902,49.2966],[-122.65902,49.2966],[-122.65902,49.29659],[-122.65902,49.29659],[-122.65902,49.29659],[-122.65902,49.29659],[-122.65902,49.29659],[-122.65902,49.29659],[-122.65902,49.29659],[-122.65902,49.29659],[-122.65902,49.29659],[-122.65902,49.29658],[-122.65902,49.29658],[-122.65902,49.29658],[-122.65902,49.29658],[-122.65902,49.29658],[-122.65902,49.29658],[-122.65902,49.29658],[-122.65902,49.29658],[-122.65902,49.29658],[-122.65901,49.29657],[-122.65901,49.29657],[-122.65901,49.29657],[-122.65901,49.29657],[-122.65901,49.29657],[-122.65901,49.29657],[-122.65901,49.29657],[-122.65901,49.29657],[-122.65901,49.29657],[-122.65901,49.29656],[-122.65901,49.29656],[-122.65901,49.29656],[-122.65901,49.29656],[-122.65901,49.29656],[-122.65901,49.29656],[-122.65901,49.29656],[-122.65901,49.29656],[-122.65901,49.29656],[-122.65901,49.29655],[-122.65901,49.29655],[-122.65901,49.29655],[-122.65901,49.29655],[-122.65901,49.29655],[-122.65901,49.29655],[-122.65901,49.29655],[-122.65901,49.29655],[-122.65901,49.29655],[-122.659,49.29654],[-122.659,49.29654],[-122.659,49.29654],[-122.659,49.29654],[-122.659,49.29654],[-122.659,49.29654],[-122.659,49.29654],[-122.659,49.29654],[-122.659,49.29654],[-122.659,49.29653],[-122.659,49.29653],[-122.659,49.29653],[-122.659,49.29653],[-122.659,49.29653],[-122.659,49.29653],[-122.659,49.29653],[-122.659,49.29653],[-122.659,49.29653],[-122.659,49.29652],[-122.659,49.29652],[-122.659,49.29652],[-122.659,49.29652],[-122.659,49.29652],[-122.659,49.29652],[-122.659,49.29652],[-122.659,49.29652],[-122.659,49.29652],[-122.659,49.29651],[-122.65899,49.29651],[-122.65899,49.29651],[-122.65899,49.29651],[-122.65899,49.29651],[-122.65899,49.29651],[-122.65899,49.29651],[-122.65899,49.29651],[-122.65899,49.29651],[-122.65899,49.2965],[-122.65899,49.2965],[-122.65899,49.2965],[-122.65899,49.2965],[-122.65899,49.2965],[-122.65899,49.2965],[-122.65899,49.2965],[-122.65899,49.2965],[-122.65899,49.2965],[-122.65899,49.29649],[-122.65899,49.29649],[-122.65899,49.29649],[-122.65899,49.29649],[-122.65899,49.29649],[-122.65899,49.29649],[-122.65899,49.29649],[-122.65899,49.29649],[-122.65899,49.29649],[-122.65899,49.29648],[-122.65899,49.29648],[-122.65899,49.29648],[-122.65898,49.29648],[-122.65898,49.29648],[-122.65898,49.29648],[-122.65898,49.29648],[-122.65898,49.29648],[-122.65898,49.29647],[-122.65898,49.29647],[-122.65898,49.29647],[-122.65898,49.29647],[-122.65898,49.29647],[-122.65898,49.29647],[-122.65898,49.29647],[-122.65898,49.29647],[-122.65898,49.29647],[-122.65898,49.29646],[-122.65898,49.29646],[-122.65898,49.29646],[-122.65898,49.29646],[-122.65898,49.29646],[-122.65898,49.29646],[-122.65898,49.29646],[-122.65898,49.29646],[-122.65898,49.29646],[-122.65898,49.29645],[-122.65898,49.29645],[-122.65898,49.29645],[-122.65898,49.29645],[-122.65898,49.29645],[-122.65898,49.29645],[-122.65898,49.29645],[-122.65898,49.29645],[-122.65898,49.29645],[-122.65897,49.29644],[-122.65897,49.29644],[-122.65897,49.29644],[-122.65897,49.29644],[-122.65897,49.29644],[-122.65897,49.29644],[-122.65897,49.29644],[-122.65897,49.29644],[-122.65897,49.29644],[-122.65897,49.29643],[-122.65897,49.29643],[-122.65897,49.29643],[-122.65897,49.29643],[-122.65897,49.29643],[-122.65897,49.29643],[-122.65897,49.29643],[-122.65897,49.29643],[-122.65897,49.29643],[-122.65897,49.29642],[-122.65897,49.29642],[-122.65897,49.29642],[-122.65897,49.29642],[-122.65897,49.29642],[-122.65897,49.29642],[-122.65897,49.29642],[-122.65897,49.29642],[-122.65897,49.29642],[-122.65897,49.29641],[-122.65897,49.29641],[-122.65897,49.29641],[-122.65897,49.29641],[-122.65897,49.29641],[-122.65897,49.29641],[-122.65896,49.29641],[-122.65896,49.29641],[-122.65896,49.29641],[-122.65896,49.2964],[-122.65896,49.2964],[-122.65896,49.2964],[-122.65896,49.2964],[-122.65896,49.2964],[-122.65896,49.2964],[-122.65896,49.2964],[-122.65896,49.2964],[-122.65896,49.29639],[-122.65896,49.29639],[-122.65896,49.29639],[-122.65896,49.29639],[-122.65896,49.29639],[-122.65896,49.29639],[-122.65896,49.29639],[-122.65896,49.29639],[-122.65896,49.29639],[-122.65896,49.29638],[-122.65896,49.29638],[-122.65896,49.29638],[-122.65896,49.29638],[-122.65896,49.29638],[-122.65896,49.29638],[-122.65896,49.29638],[-122.65896,49.29638],[-122.65896,49.29638],[-122.65896,49.29637],[-122.65896,49.29637],[-122.65896,49.29637],[-122.65896,49.29637],[-122.65896,49.29637],[-122.65896,49.29637],[-122.65895,49.29637],[-122.65895,49.29637],[-122.65895,49.29637],[-122.65895,49.29636],[-122.65895,49.29636],[-122.65895,49.29636],[-122.65895,49.29636],[-122.65895,49.29636],[-122.65895,49.29636],[-122.65895,49.29636],[-122.65895,49.29636],[-122.65895,49.29636],[-122.65895,49.29635],[-122.65895,49.29635],[-122.65895,49.29635],[-122.65895,49.29635],[-122.65895,49.29635],[-122.65895,49.29635],[-122.65895,49.29635],[-122.65895,49.29635],[-122.65895,49.29635],[-122.65895,49.29634],[-122.65895,49.29634],[-122.65895,49.29634],[-122.65895,49.29634],[-122.65895,49.29634],[-122.65895,49.29634],[-122.65895,49.29634],[-122.65895,49.29634],[-122.65895,49.29633],[-122.65895,49.29633],[-122.65895,49.29633],[-122.65895,49.29633],[-122.65895,49.29633],[-122.65895,49.29633],[-122.65895,49.29633],[-122.65895,49.29633],[-122.65895,49.29633],[-122.65895,49.29632],[-122.65894,49.29632],[-122.65894,49.29632],[-122.65894,49.29632],[-122.65894,49.29632],[-122.65894,49.29632],[-122.65894,49.29632],[-122.65894,49.29632],[-122.65894,49.29632],[-122.65894,49.29631],[-122.65894,49.29631],[-122.65894,49.29631],[-122.65894,49.29631],[-122.65894,49.29631],[-122.65894,49.29631],[-122.65894,49.29631],[-122.65894,49.29631],[-122.65894,49.29631],[-122.65894,49.2963],[-122.65894,49.2963],[-122.65894,49.2963],[-122.65894,49.2963],[-122.65894,49.2963],[-122.65894,49.2963],[-122.65894,49.2963],[-122.65894,49.2963],[-122.65894,49.2963],[-122.65894,49.29629],[-122.65894,49.29629],[-122.65894,49.29629],[-122.65894,49.29629],[-122.65894,49.29629],[-122.65894,49.29629],[-122.65894,49.29629],[-122.65894,49.29629],[-122.65894,49.29629],[-122.65894,49.29628],[-122.65894,49.29628],[-122.65894,49.29628],[-122.65894,49.29628],[-122.65894,49.29628],[-122.65894,49.29628],[-122.65894,49.29628],[-122.65893,49.29628],[-122.65893,49.29627],[-122.65893,49.29627],[-122.65893,49.29627],[-122.65893,49.29627],[-122.65893,49.29627],[-122.65893,49.29627],[-122.65893,49.29627],[-122.65893,49.29627],[-122.65893,49.29627],[-122.65893,49.29626],[-122.65893,49.29626],[-122.65893,49.29626],[-122.65893,49.29626],[-122.65893,49.29626],[-122.65893,49.29626],[-122.65893,49.29626],[-122.65893,49.29626],[-122.65893,49.29626],[-122.65893,49.29625],[-122.65893,49.29625],[-122.65893,49.29625],[-122.65893,49.29625],[-122.65893,49.29625],[-122.65893,49.29625],[-122.65893,49.29625],[-122.65893,49.29625],[-122.65893,49.29625],[-122.65893,49.29624],[-122.65893,49.29624],[-122.65893,49.29624],[-122.65893,49.29624],[-122.65893,49.29624],[-122.65893,49.29624],[-122.65893,49.29624],[-122.65893,49.29624],[-122.65893,49.29623],[-122.65893,49.29623],[-122.65893,49.29623],[-122.65893,49.29623],[-122.65893,49.29623],[-122.65893,49.29623],[-122.65893,49.29623],[-122.65893,49.29623],[-122.65893,49.29623],[-122.65893,49.29622],[-122.65892,49.29622],[-122.65892,49.29622],[-122.65892,49.29622],[-122.65892,49.29622],[-122.65892,49.29622],[-122.65892,49.29622],[-122.65892,49.29622],[-122.65892,49.29622],[-122.65892,49.29621],[-122.65892,49.29621],[-122.65892,49.29621],[-122.65892,49.29621],[-122.65892,49.29621],[-122.65892,49.29621],[-122.65892,49.29621],[-122.65892,49.29621],[-122.65892,49.29621],[-122.65892,49.2962],[-122.65892,49.2962],[-122.65892,49.2962],[-122.65892,49.2962],[-122.65892,49.2962],[-122.65892,49.2962],[-122.65892,49.2962],[-122.65892,49.2962],[-122.65892,49.29619],[-122.65892,49.29619],[-122.65892,49.29619],[-122.65892,49.29619],[-122.65892,49.29619],[-122.65892,49.29619],[-122.65892,49.29619],[-122.65892,49.29619],[-122.65892,49.29619],[-122.65892,49.29618],[-122.65892,49.29618],[-122.65892,49.29618],[-122.65892,49.29618],[-122.65892,49.29618],[-122.65892,49.29618],[-122.65892,49.29618],[-122.65892,49.29618],[-122.65892,49.29618],[-122.65892,49.29617],[-122.65892,49.29617],[-122.65892,49.29617],[-122.65892,49.29617],[-122.65892,49.29617],[-122.65892,49.29617],[-122.65892,49.29617],[-122.65892,49.29617],[-122.65892,49.29617],[-122.65891,49.29616],[-122.65891,49.29616],[-122.65891,49.29616],[-122.65891,49.29616],[-122.65891,49.29616],[-122.65891,49.29616],[-122.65891,49.29616],[-122.65891,49.29616],[-122.65891,49.29615],[-122.65891,49.29615],[-122.65891,49.29615],[-122.65891,49.29615],[-122.65891,49.29615],[-122.65891,49.29615],[-122.65891,49.29615],[-122.65891,49.29615],[-122.65891,49.29615],[-122.65891,49.29614],[-122.65891,49.29614],[-122.65891,49.29614],[-122.65891,49.29614],[-122.65891,49.29614],[-122.65891,49.29614],[-122.65891,49.29614],[-122.65891,49.29614],[-122.65891,49.29614],[-122.65891,49.29613],[-122.65891,49.29613],[-122.65891,49.29613],[-122.65891,49.29613],[-122.65891,49.29613],[-122.65891,49.29613],[-122.65891,49.29613],[-122.65891,49.29613],[-122.65891,49.29613],[-122.65891,49.29612],[-122.65891,49.29612],[-122.65891,49.29612],[-122.65891,49.29612],[-122.65891,49.29612],[-122.65891,49.29612],[-122.65891,49.29612],[-122.65891,49.29612],[-122.65891,49.29611],[-122.65891,49.29611],[-122.65891,49.29611],[-122.65891,49.29611],[-122.65891,49.29611],[-122.65891,49.29611],[-122.65891,49.29611],[-122.65891,49.29611],[-122.65891,49.29611],[-122.65891,49.2961],[-122.65891,49.2961],[-122.65891,49.2961],[-122.65891,49.2961],[-122.65891,49.2961],[-122.65891,49.2961],[-122.65891,49.2961],[-122.65891,49.2961],[-122.6589,49.2961],[-122.6589,49.29609],[-122.6589,49.29609],[-122.6589,49.29609],[-122.6589,49.29609],[-122.6589,49.29609],[-122.6589,49.29609],[-122.6589,49.29609],[-122.6589,49.29609],[-122.6589,49.29609],[-122.6589,49.29608],[-122.6589,49.29608],[-122.6589,49.29608],[-122.6589,49.29608],[-122.6589,49.29608],[-122.6589,49.29608],[-122.6589,49.29608],[-122.6589,49.29608],[-122.6589,49.29607],[-122.6589,49.29607],[-122.6589,49.29607],[-122.6589,49.29607],[-122.6589,49.29607],[-122.6589,49.29607],[-122.6589,49.29607],[-122.6589,49.29607],[-122.6589,49.29607],[-122.6589,49.29606],[-122.6589,49.29606],[-122.6589,49.29606],[-122.6589,49.29606],[-122.6589,49.29606],[-122.6589,49.29606],[-122.6589,49.29606],[-122.6589,49.29606],[-122.6589,49.29606],[-122.6589,49.29605],[-122.6589,49.29605],[-122.6589,49.29605],[-122.6589,49.29605],[-122.6589,49.29605],[-122.6589,49.29605],[-122.6589,49.29605],[-122.6589,49.29605],[-122.6589,49.29605],[-122.6589,49.29604],[-122.6589,49.29604],[-122.6589,49.29604],[-122.6589,49.29604],[-122.6589,49.29604],[-122.6589,49.29604],[-122.6589,49.29604],[-122.6589,49.29604],[-122.6589,49.29603],[-122.6589,49.29603],[-122.6589,49.29603],[-122.6589,49.29603],[-122.6589,49.29603],[-122.6589,49.29603],[-122.6589,49.29603],[-122.6589,49.29603],[-122.6589,49.29603],[-122.6589,49.29602],[-122.6589,49.29602],[-122.6589,49.29602],[-122.6589,49.29602],[-122.6589,49.29602],[-122.6589,49.29602],[-122.6589,49.29602],[-122.6589,49.29602],[-122.6589,49.29602],[-122.6589,49.29601],[-122.65889,49.29601],[-122.65889,49.29601],[-122.65889,49.29601],[-122.65889,49.29601],[-122.65889,49.29601],[-122.65889,49.29601],[-122.65889,49.29601],[-122.65889,49.29601],[-122.65889,49.296],[-122.65889,49.296],[-122.65889,49.296],[-122.65889,49.296],[-122.65889,49.296],[-122.65889,49.296],[-122.65889,49.296],[-122.65889,49.296],[-122.65889,49.29599],[-122.65889,49.29599],[-122.65889,49.29599],[-122.65889,49.29599],[-122.65889,49.29599],[-122.65889,49.29599],[-122.65889,49.29599],[-122.65889,49.29599],[-122.65889,49.29599],[-122.65889,49.29598],[-122.65889,49.29598],[-122.65889,49.29598],[-122.65889,49.29598],[-122.65889,49.29598],[-122.65889,49.29598],[-122.65889,49.29598],[-122.65889,49.29598],[-122.65889,49.29598],[-122.65889,49.29597],[-122.65889,49.29597],[-122.65889,49.29597],[-122.65889,49.29597],[-122.65889,49.29597],[-122.65889,49.29597],[-122.65889,49.29597],[-122.65889,49.29597],[-122.65889,49.29597],[-122.65889,49.29596],[-122.65889,49.29596],[-122.65889,49.29596],[-122.65889,49.29596],[-122.65889,49.29596],[-122.65889,49.29596],[-122.65889,49.29596],[-122.65889,49.29596],[-122.65889,49.29595],[-122.65889,49.29595],[-122.65889,49.29595],[-122.65889,49.29595],[-122.65889,49.29595],[-122.65889,49.29595],[-122.65889,49.29595],[-122.65889,49.29595],[-122.65889,49.29595],[-122.65889,49.29594],[-122.65889,49.29594],[-122.65889,49.29594],[-122.65889,49.29594],[-122.65889,49.29594],[-122.65889,49.29594],[-122.65889,49.29594],[-122.65889,49.29594],[-122.65889,49.29594],[-122.65889,49.29593],[-122.65889,49.29593],[-122.65889,49.29593],[-122.65889,49.29593],[-122.65889,49.29593],[-122.65889,49.29593],[-122.65889,49.29593],[-122.65889,49.29593],[-122.65889,49.29593],[-122.65889,49.29592],[-122.65889,49.29592],[-122.65889,49.29592],[-122.65889,49.29592],[-122.65889,49.29592],[-122.65889,49.29592],[-122.65889,49.29592],[-122.65889,49.29592],[-122.65889,49.29591],[-122.65889,49.29591],[-122.65889,49.29591],[-122.65889,49.29591],[-122.65889,49.29591],[-122.65889,49.29591],[-122.65889,49.29591],[-122.65889,49.29591],[-122.65889,49.29591],[-122.65889,49.2959],[-122.65888,49.2959],[-122.65888,49.2959],[-122.65888,49.2959],[-122.65888,49.2959],[-122.65888,49.2959],[-122.65888,49.2959],[-122.65888,49.2959],[-122.65888,49.2959],[-122.65888,49.29589],[-122.65888,49.29589],[-122.65888,49.29589],[-122.65888,49.29589],[-122.65888,49.29589],[-122.65888,49.29589],[-122.65888,49.29589],[-122.65888,49.29589],[-122.65888,49.29589],[-122.65888,49.29588],[-122.65888,49.29588],[-122.65888,49.29588],[-122.65888,49.29588],[-122.65888,49.29588],[-122.65888,49.29588],[-122.65888,49.29588],[-122.65888,49.29588],[-122.65888,49.29587],[-122.65888,49.29587],[-122.65888,49.29587],[-122.65888,49.29587],[-122.65888,49.29587],[-122.65888,49.29587],[-122.65888,49.29587],[-122.65888,49.29587],[-122.65888,49.29587],[-122.65888,49.29586],[-122.65888,49.29586],[-122.65888,49.29586],[-122.65888,49.29586],[-122.65888,49.29586],[-122.65888,49.29586],[-122.65888,49.29586],[-122.65888,49.29586],[-122.65888,49.29586],[-122.65888,49.29585],[-122.65888,49.29585],[-122.65888,49.29585],[-122.65888,49.29585],[-122.65888,49.29585],[-122.65888,49.29585],[-122.65888,49.29585],[-122.65888,49.29585],[-122.65888,49.29585],[-122.65888,49.29584],[-122.65888,49.29584],[-122.65888,49.29584],[-122.65888,49.29584],[-122.65888,49.29584],[-122.65888,49.29584],[-122.65888,49.29584],[-122.65888,49.29584],[-122.65888,49.29583],[-122.65888,49.29583],[-122.65888,49.29583],[-122.65888,49.29583],[-122.65888,49.29583],[-122.65888,49.29583],[-122.65888,49.29583],[-122.65888,49.29583],[-122.65888,49.29583],[-122.65888,49.29582],[-122.65888,49.29582],[-122.65888,49.29582],[-122.65888,49.29582],[-122.65888,49.29582],[-122.65888,49.29582],[-122.65888,49.29582],[-122.65888,49.29582],[-122.65888,49.29582],[-122.65888,49.29581],[-122.65888,49.29581],[-122.65888,49.29581],[-122.65888,49.29581],[-122.65888,49.29581],[-122.65888,49.29581],[-122.65888,49.29581],[-122.65888,49.29581],[-122.65888,49.29581],[-122.65888,49.2958],[-122.65888,49.2958],[-122.65888,49.2958],[-122.65888,49.2958],[-122.65888,49.2958],[-122.65888,49.2958],[-122.65888,49.2958],[-122.65888,49.2958],[-122.65888,49.29579],[-122.65888,49.29579],[-122.65888,49.29579],[-122.65888,49.29579],[-122.65888,49.29579],[-122.65888,49.29579],[-122.65888,49.29579],[-122.65888,49.29579],[-122.65888,49.29579],[-122.65888,49.29578],[-122.65888,49.29578],[-122.65888,49.29578],[-122.65888,49.29578],[-122.65888,49.29578],[-122.65888,49.29578],[-122.65888,49.29578],[-122.65888,49.29578],[-122.65888,49.29578],[-122.65888,49.29577],[-122.65888,49.29577],[-122.65888,49.29577],[-122.65888,49.29577],[-122.65888,49.29577],[-122.65888,49.29577],[-122.65888,49.29577],[-122.65888,49.29577],[-122.65888,49.29577],[-122.65888,49.29576],[-122.65888,49.29576],[-122.65888,49.29576],[-122.65888,49.29576],[-122.65888,49.29576],[-122.65888,49.29576],[-122.65888,49.29576],[-122.65888,49.29576],[-122.65888,49.29575],[-122.65888,49.29575],[-122.65888,49.29575],[-122.65888,49.29575],[-122.65888,49.29575],[-122.65888,49.29575],[-122.65888,49.29575],[-122.65888,49.29575],[-122.65888,49.29575],[-122.65888,49.29574],[-122.65888,49.29574],[-122.65888,49.29574],[-122.65888,49.29574],[-122.65888,49.29574],[-122.65888,49.29574],[-122.65888,49.29574],[-122.65888,49.29574],[-122.65888,49.29574],[-122.65888,49.29573],[-122.65888,49.29573],[-122.65888,49.29573],[-122.65888,49.29573],[-122.65888,49.29573],[-122.65888,49.29573],[-122.65888,49.29573],[-122.65888,49.29573],[-122.65888,49.29573],[-122.65888,49.29572],[-122.65888,49.29572],[-122.65888,49.29572],[-122.65888,49.29572],[-122.65888,49.29572],[-122.65887,49.29572],[-122.65887,49.29572],[-122.65887,49.29572],[-122.65887,49.29571],[-122.65887,49.29571],[-122.65887,49.29571],[-122.65887,49.29571],[-122.65887,49.29571],[-122.65887,49.29571],[-122.65887,49.29571],[-122.65887,49.29571],[-122.65887,49.29571],[-122.65887,49.2957],[-122.65887,49.2957],[-122.65887,49.2957],[-122.65887,49.2957],[-122.65887,49.2957],[-122.65887,49.2957],[-122.65887,49.2957],[-122.65887,49.2957],[-122.65887,49.2957],[-122.65887,49.29569],[-122.65887,49.29569],[-122.65887,49.29569],[-122.65887,49.29569],[-122.65887,49.29569],[-122.65887,49.29569],[-122.65887,49.29569],[-122.65887,49.29569],[-122.65887,49.29569],[-122.65887,49.29568],[-122.65887,49.29568],[-122.65887,49.29568],[-122.65887,49.29568],[-122.65887,49.29568],[-122.65887,49.29568],[-122.65887,49.29568],[-122.65887,49.29568],[-122.65887,49.29567],[-122.65887,49.29567],[-122.65887,49.29567],[-122.65887,49.29567],[-122.65887,49.29567],[-122.65887,49.29567],[-122.65887,49.29567],[-122.65887,49.29567],[-122.65887,49.29567],[-122.65887,49.29566],[-122.65887,49.29566],[-122.65887,49.29566],[-122.65887,49.29566],[-122.65887,49.29566],[-122.65887,49.29566],[-122.65887,49.29566],[-122.65887,49.29566],[-122.65887,49.29566],[-122.65887,49.29565],[-122.65887,49.29565],[-122.65887,49.29565],[-122.65887,49.29565],[-122.65887,49.29565],[-122.65887,49.29565],[-122.65887,49.29565],[-122.65887,49.29565],[-122.65887,49.29565],[-122.65887,49.29564],[-122.65887,49.29564],[-122.65887,49.29564],[-122.65887,49.29564],[-122.65887,49.29564],[-122.65887,49.29564],[-122.65887,49.29564],[-122.65887,49.29564],[-122.65887,49.29564],[-122.65887,49.29563],[-122.65887,49.29563],[-122.65887,49.29563],[-122.65887,49.29563],[-122.65887,49.29563],[-122.65887,49.29563],[-122.65887,49.29563],[-122.65887,49.29563],[-122.65887,49.29563],[-122.65887,49.29562],[-122.65887,49.29562],[-122.65887,49.29562],[-122.65887,49.29562],[-122.65887,49.29562],[-122.65887,49.29562],[-122.65887,49.29562],[-122.65887,49.29562],[-122.65887,49.29561],[-122.65887,49.29561],[-122.65887,49.29561],[-122.65887,49.29561],[-122.65887,49.29561],[-122.65887,49.29561],[-122.65887,49.29561],[-122.65887,49.29561],[-122.65887,49.29561],[-122.65887,49.2956],[-122.65887,49.2956],[-122.65887,49.2956],[-122.65887,49.2956],[-122.65887,49.2956],[-122.65887,49.2956],[-122.65887,49.2956],[-122.65887,49.2956],[-122.65887,49.2956],[-122.65887,49.29559],[-122.65887,49.29559],[-122.65887,49.29559],[-122.65887,49.29559],[-122.65887,49.29559],[-122.65887,49.29559],[-122.65887,49.29559],[-122.65887,49.29559],[-122.65887,49.29559],[-122.65887,49.29558],[-122.65887,49.29558],[-122.65887,49.29558],[-122.65887,49.29558],[-122.65887,49.29558],[-122.65887,49.29558],[-122.65887,49.29558],[-122.65887,49.29558],[-122.65887,49.29557],[-122.65887,49.29557],[-122.65887,49.29557],[-122.65887,49.29557],[-122.65887,49.29557],[-122.65887,49.29557],[-122.65887,49.29557],[-122.65887,49.29557],[-122.65887,49.29557],[-122.65887,49.29556],[-122.65887,49.29556],[-122.65887,49.29556],[-122.65887,49.29556],[-122.65887,49.29556],[-122.65887,49.29556],[-122.65887,49.29556],[-122.65887,49.29556],[-122.65887,49.29556],[-122.65887,49.29555],[-122.65887,49.29555],[-122.65887,49.29555],[-122.65887,49.29555],[-122.65887,49.29555],[-122.65887,49.29555],[-122.65887,49.29555],[-122.65887,49.29555],[-122.65887,49.29555],[-122.65887,49.29554],[-122.65887,49.29554],[-122.65887,49.29554],[-122.65887,49.29554],[-122.65887,49.29554],[-122.65887,49.29554],[-122.65887,49.29554],[-122.65887,49.29554],[-122.65887,49.29553],[-122.65887,49.29553],[-122.65887,49.29553],[-122.65887,49.29553],[-122.65887,49.29553],[-122.65887,49.29553],[-122.65887,49.29553],[-122.65887,49.29553],[-122.65887,49.29553],[-122.65887,49.29552],[-122.65887,49.29552],[-122.65887,49.29552],[-122.65887,49.29552],[-122.65887,49.29552],[-122.65887,49.29552],[-122.65887,49.29552],[-122.65887,49.29552],[-122.65887,49.29552],[-122.65887,49.29551],[-122.65887,49.29551],[-122.65887,49.29551],[-122.65887,49.29551],[-122.65887,49.29551],[-122.65887,49.29551],[-122.65887,49.29551],[-122.65887,49.29551],[-122.65887,49.29551],[-122.65887,49.2955],[-122.65887,49.2955],[-122.65887,49.2955],[-122.65888,49.2955],[-122.65888,49.2955],[-122.65888,49.2955],[-122.65888,49.2955],[-122.65888,49.2955],[-122.65888,49.29549],[-122.65888,49.29549],[-122.65888,49.29549],[-122.65888,49.29549],[-122.65888,49.29549],[-122.65888,49.29549],[-122.65888,49.29549],[-122.65888,49.29549],[-122.65888,49.29549],[-122.65888,49.29548],[-122.65888,49.29548],[-122.65888,49.29548],[-122.65888,49.29548],[-122.65888,49.29548],[-122.65888,49.29548],[-122.65888,49.29548],[-122.65888,49.29548],[-122.65888,49.29548],[-122.65888,49.29547],[-122.65888,49.29547],[-122.65888,49.29547],[-122.65888,49.29547],[-122.65888,49.29547],[-122.65888,49.29547],[-122.65888,49.29547],[-122.65888,49.29547],[-122.65888,49.29547],[-122.65888,49.29546],[-122.65888,49.29546],[-122.65888,49.29546],[-122.65888,49.29546],[-122.65888,49.29546],[-122.65888,49.29546],[-122.65888,49.29546],[-122.65888,49.29546],[-122.65888,49.29545],[-122.65888,49.29545],[-122.65888,49.29545],[-122.65888,49.29545],[-122.65888,49.29545],[-122.65888,49.29545],[-122.65888,49.29545],[-122.65888,49.29545],[-122.65888,49.29545],[-122.65888,49.29544],[-122.65888,49.29544],[-122.65888,49.29544],[-122.65888,49.29544],[-122.65888,49.29544],[-122.65888,49.29544],[-122.65888,49.29544],[-122.65888,49.29544],[-122.65888,49.29544],[-122.65888,49.29543],[-122.65888,49.29543],[-122.65888,49.29543],[-122.65888,49.29543],[-122.65888,49.29543],[-122.65888,49.29543],[-122.65888,49.29543],[-122.65888,49.29543],[-122.65888,49.29543],[-122.65888,49.29542],[-122.65888,49.29542],[-122.65888,49.29542],[-122.65888,49.29542],[-122.65888,49.29542],[-122.65888,49.29542],[-122.65888,49.29542],[-122.65888,49.29542],[-122.65888,49.29541],[-122.65888,49.29541],[-122.65888,49.29541],[-122.65888,49.29541],[-122.65888,49.29541],[-122.65888,49.29541],[-122.65888,49.29541],[-122.65888,49.29541],[-122.65888,49.29541],[-122.65888,49.2954],[-122.65888,49.2954],[-122.65888,49.2954],[-122.65888,49.2954],[-122.65888,49.2954],[-122.65888,49.2954],[-122.65888,49.2954],[-122.65888,49.2954],[-122.65888,49.2954],[-122.65888,49.29539],[-122.65888,49.29539],[-122.65888,49.29539],[-122.65888,49.29539],[-122.65888,49.29539],[-122.65888,49.29539],[-122.65888,49.29539],[-122.65888,49.29539],[-122.65888,49.29539],[-122.65888,49.29538],[-122.65888,49.29538],[-122.65888,49.29538],[-122.65888,49.29538],[-122.65888,49.29538],[-122.65888,49.29538],[-122.65888,49.29538],[-122.65888,49.29538],[-122.65888,49.29537],[-122.65888,49.29537],[-122.65888,49.29537],[-122.65888,49.29537],[-122.65888,49.29537],[-122.65888,49.29537],[-122.65888,49.29537],[-122.65888,49.29537],[-122.65888,49.29537],[-122.65889,49.29536],[-122.65889,49.29536],[-122.65889,49.29536],[-122.65889,49.29536],[-122.65889,49.29536],[-122.65889,49.29536],[-122.65889,49.29536],[-122.65889,49.29536],[-122.65889,49.29536],[-122.65889,49.29535],[-122.65889,49.29535],[-122.65889,49.29535],[-122.65889,49.29535],[-122.65889,49.29535],[-122.65889,49.29535],[-122.65889,49.29535],[-122.65889,49.29535],[-122.65889,49.29535],[-122.65889,49.29534],[-122.65889,49.29534],[-122.65889,49.29534],[-122.65889,49.29534],[-122.65889,49.29534],[-122.65889,49.29534],[-122.65889,49.29534],[-122.65889,49.29534],[-122.65889,49.29533],[-122.65889,49.29533],[-122.65889,49.29533],[-122.65889,49.29533],[-122.65889,49.29533],[-122.65889,49.29533],[-122.65889,49.29533],[-122.65889,49.29533],[-122.65889,49.29533],[-122.65889,49.29532],[-122.65889,49.29532],[-122.65889,49.29532],[-122.65889,49.29532],[-122.65889,49.29532],[-122.65889,49.29532],[-122.65889,49.29532],[-122.65889,49.29532],[-122.65889,49.29532],[-122.65889,49.29531],[-122.65889,49.29531],[-122.65889,49.29531],[-122.65889,49.29531],[-122.65889,49.29531],[-122.65889,49.29531],[-122.65889,49.29531],[-122.65889,49.29531],[-122.65889,49.29531],[-122.65889,49.2953],[-122.65889,49.2953],[-122.65889,49.2953],[-122.65889,49.2953],[-122.65889,49.2953],[-122.65889,49.2953],[-122.65889,49.2953],[-122.65889,49.2953],[-122.65889,49.29529],[-122.65889,49.29529],[-122.65889,49.29529],[-122.65889,49.29529],[-122.65889,49.29529],[-122.65889,49.29529],[-122.65889,49.29529],[-122.65889,49.29529],[-122.65889,49.29529],[-122.65889,49.29528],[-122.65889,49.29528],[-122.65889,49.29528],[-122.6589,49.29528],[-122.6589,49.29528],[-122.6589,49.29528],[-122.6589,49.29528],[-122.6589,49.29528],[-122.6589,49.29528],[-122.6589,49.29527],[-122.6589,49.29527],[-122.6589,49.29527],[-122.6589,49.29527],[-122.6589,49.29527],[-122.6589,49.29527],[-122.6589,49.29527],[-122.6589,49.29527],[-122.6589,49.29527],[-122.6589,49.29526],[-122.6589,49.29526],[-122.6589,49.29526],[-122.6589,49.29526],[-122.6589,49.29526],[-122.6589,49.29526],[-122.6589,49.29526],[-122.6589,49.29526],[-122.6589,49.29525],[-122.6589,49.29525],[-122.6589,49.29525],[-122.6589,49.29525],[-122.6589,49.29525],[-122.6589,49.29525],[-122.6589,49.29525],[-122.6589,49.29525],[-122.6589,49.29525],[-122.6589,49.29524],[-122.6589,49.29524],[-122.6589,49.29524],[-122.6589,49.29524],[-122.6589,49.29524],[-122.6589,49.29524],[-122.6589,49.29524],[-122.6589,49.29524],[-122.6589,49.29524],[-122.6589,49.29523],[-122.6589,49.29523],[-122.6589,49.29523],[-122.6589,49.29523],[-122.6589,49.29523],[-122.6589,49.29523],[-122.6589,49.29523],[-122.6589,49.29523],[-122.6589,49.29523],[-122.6589,49.29522],[-122.6589,49.29522],[-122.6589,49.29522],[-122.6589,49.29522],[-122.6589,49.29522],[-122.6589,49.29522],[-122.6589,49.29522],[-122.6589,49.29522],[-122.65891,49.29521],[-122.65891,49.29521],[-122.65891,49.29521],[-122.65891,49.29521],[-122.65891,49.29521],[-122.65891,49.29521],[-122.65891,49.29521],[-122.65891,49.29521],[-122.65891,49.29521],[-122.65891,49.2952],[-122.65891,49.2952],[-122.65891,49.2952],[-122.65891,49.2952],[-122.65891,49.2952],[-122.65891,49.2952],[-122.65891,49.2952],[-122.65891,49.2952],[-122.65891,49.2952],[-122.65891,49.29519],[-122.65891,49.29519],[-122.65891,49.29519],[-122.65891,49.29519],[-122.65891,49.29519],[-122.65891,49.29519],[-122.65891,49.29519],[-122.65891,49.29519],[-122.65891,49.29519],[-122.65891,49.29518],[-122.65891,49.29518],[-122.65891,49.29518],[-122.65891,49.29518],[-122.65891,49.29518],[-122.65891,49.29518],[-122.65891,49.29518],[-122.65891,49.29518],[-122.65891,49.29517],[-122.65891,49.29517],[-122.65891,49.29517],[-122.65891,49.29517],[-122.65891,49.29517],[-122.65891,49.29517],[-122.65891,49.29517],[-122.65891,49.29517],[-122.65891,49.29517],[-122.65891,49.29516],[-122.65891,49.29516],[-122.65891,49.29516],[-122.65891,49.29516],[-122.65891,49.29516],[-122.65892,49.29516],[-122.65892,49.29516],[-122.65892,49.29516],[-122.65892,49.29516],[-122.65892,49.29515],[-122.65892,49.29515],[-122.65892,49.29515],[-122.65892,49.29515],[-122.65892,49.29515],[-122.65892,49.29515],[-122.65892,49.29515],[-122.65892,49.29515],[-122.65892,49.29515],[-122.65892,49.29514],[-122.65892,49.29514],[-122.65892,49.29514],[-122.65892,49.29514],[-122.65892,49.29514],[-122.65892,49.29514],[-122.65892,49.29514],[-122.65892,49.29514],[-122.65892,49.29513],[-122.65892,49.29513],[-122.65892,49.29513],[-122.65892,49.29513],[-122.65892,49.29513],[-122.65892,49.29513],[-122.65892,49.29513],[-122.65892,49.29513],[-122.65892,49.29513],[-122.65892,49.29512],[-122.65892,49.29512],[-122.65892,49.29512],[-122.65892,49.29512],[-122.65892,49.29512],[-122.65892,49.29512],[-122.65892,49.29512],[-122.65892,49.29512],[-122.65892,49.29512],[-122.65892,49.29511],[-122.65892,49.29511],[-122.65892,49.29511],[-122.65892,49.29511],[-122.65892,49.29511],[-122.65893,49.29511],[-122.65893,49.29511],[-122.65893,49.29511],[-122.65893,49.29511],[-122.65893,49.2951],[-122.65893,49.2951],[-122.65893,49.2951],[-122.65893,49.2951],[-122.65893,49.2951],[-122.65893,49.2951],[-122.65893,49.2951],[-122.65893,49.2951],[-122.65893,49.29509],[-122.65893,49.29509],[-122.65893,49.29509],[-122.65893,49.29509],[-122.65893,49.29509],[-122.65893,49.29509],[-122.65893,49.29509],[-122.65893,49.29509],[-122.65893,49.29509],[-122.65893,49.29508],[-122.65893,49.29508],[-122.65893,49.29508],[-122.65893,49.29508],[-122.65893,49.29508],[-122.65893,49.29508],[-122.65893,49.29508],[-122.65893,49.29508],[-122.65893,49.29508],[-122.65893,49.29507],[-122.65893,49.29507],[-122.65893,49.29507],[-122.65893,49.29507],[-122.65893,49.29507],[-122.65893,49.29507],[-122.65893,49.29507],[-122.65893,49.29507],[-122.65893,49.29507],[-122.65893,49.29506],[-122.65894,49.29506],[-122.65894,49.29506],[-122.65894,49.29506],[-122.65894,49.29506],[-122.65894,49.29506],[-122.65894,49.29506],[-122.65894,49.29506],[-122.65894,49.29505],[-122.65894,49.29505],[-122.65894,49.29505],[-122.65894,49.29505],[-122.65894,49.29505],[-122.65894,49.29505],[-122.65894,49.29505],[-122.65894,49.29505],[-122.65894,49.29505],[-122.65894,49.29504],[-122.65894,49.29504],[-122.65894,49.29504],[-122.65894,49.29504],[-122.65894,49.29504],[-122.65894,49.29504],[-122.65894,49.29504],[-122.65894,49.29504],[-122.65894,49.29504],[-122.65894,49.29503],[-122.65894,49.29503],[-122.65894,49.29503],[-122.65894,49.29503],[-122.65894,49.29503],[-122.65894,49.29503],[-122.65894,49.29503],[-122.65894,49.29503],[-122.65894,49.29503],[-122.65894,49.29502],[-122.65894,49.29502],[-122.65894,49.29502],[-122.65895,49.29502],[-122.65895,49.29502],[-122.65895,49.29502],[-122.65895,49.29502],[-122.65895,49.29502],[-122.65895,49.29501],[-122.65895,49.29501],[-122.65895,49.29501],[-122.65895,49.29501],[-122.65895,49.29501],[-122.65895,49.29501],[-122.65895,49.29501],[-122.65895,49.29501],[-122.65895,49.29501],[-122.65895,49.295],[-122.65895,49.295],[-122.65895,49.295],[-122.65895,49.295],[-122.65895,49.295],[-122.65895,49.295],[-122.65895,49.295],[-122.65895,49.295],[-122.65895,49.295],[-122.65895,49.29499],[-122.65895,49.29499],[-122.65895,49.29499],[-122.65895,49.29499],[-122.65895,49.29499],[-122.65895,49.29499],[-122.65895,49.29499],[-122.65895,49.29499],[-122.65895,49.29499],[-122.65895,49.29498],[-122.65895,49.29498],[-122.65895,49.29498],[-122.65896,49.29498],[-122.65896,49.29498],[-122.65896,49.29498],[-122.65896,49.29498],[-122.65896,49.29498],[-122.65896,49.29498],[-122.65896,49.29497],[-122.65896,49.29497],[-122.65896,49.29497],[-122.65896,49.29497],[-122.65896,49.29497],[-122.65896,49.29497],[-122.65896,49.29497],[-122.65896,49.29497],[-122.65896,49.29496],[-122.65896,49.29496],[-122.65896,49.29496],[-122.65896,49.29496],[-122.65896,49.29496],[-122.65896,49.29496],[-122.65896,49.29496],[-122.65896,49.29496],[-122.65896,49.29496],[-122.65896,49.29495],[-122.65896,49.29495],[-122.65896,49.29495],[-122.65896,49.29495],[-122.65896,49.29495],[-122.65896,49.29495],[-122.65896,49.29495],[-122.65896,49.29495],[-122.65896,49.29495],[-122.65896,49.29494],[-122.65897,49.29494],[-122.65897,49.29494],[-122.65897,49.29494],[-122.65897,49.29494],[-122.65897,49.29494],[-122.65897,49.29494],[-122.65897,49.29494],[-122.65897,49.29494],[-122.65897,49.29493],[-122.65897,49.29493],[-122.65897,49.29493],[-122.65897,49.29493],[-122.65897,49.29493],[-122.65897,49.29493],[-122.65897,49.29493],[-122.65897,49.29493],[-122.65897,49.29492],[-122.65897,49.29492],[-122.65897,49.29492],[-122.65897,49.29492],[-122.65897,49.29492],[-122.65897,49.29492],[-122.65897,49.29492],[-122.65897,49.29492],[-122.65897,49.29492],[-122.65897,49.29491],[-122.65897,49.29491],[-122.65897,49.29491],[-122.65897,49.29491],[-122.65897,49.29491],[-122.65897,49.29491],[-122.65898,49.29491],[-122.65898,49.29491],[-122.65898,49.29491],[-122.65898,49.2949],[-122.65898,49.2949],[-122.65898,49.2949],[-122.65898,49.2949],[-122.65898,49.2949],[-122.65898,49.2949],[-122.65898,49.2949],[-122.65898,49.2949],[-122.65898,49.2949],[-122.65898,49.29489],[-122.65898,49.29489],[-122.65898,49.29489],[-122.65898,49.29489],[-122.65898,49.29489],[-122.65898,49.29489],[-122.65898,49.29489],[-122.65898,49.29489],[-122.65898,49.29488],[-122.65898,49.29488],[-122.65898,49.29488],[-122.65898,49.29488],[-122.65898,49.29488],[-122.65898,49.29488],[-122.65898,49.29488],[-122.65898,49.29488],[-122.65898,49.29488],[-122.65898,49.29487],[-122.65899,49.29487],[-122.65899,49.29487],[-122.65899,49.29487],[-122.65899,49.29487],[-122.65899,49.29487],[-122.65899,49.29487],[-122.65899,49.29487],[-122.65899,49.29487],[-122.65899,49.29486],[-122.65899,49.29486],[-122.65899,49.29486],[-122.65899,49.29486],[-122.65899,49.29486],[-122.65899,49.29486],[-122.65899,49.29486],[-122.65899,49.29486],[-122.65899,49.29486],[-122.65899,49.29485],[-122.65899,49.29485],[-122.65899,49.29485],[-122.65899,49.29485],[-122.65899,49.29485],[-122.65899,49.29485],[-122.65899,49.29485],[-122.65899,49.29485],[-122.65899,49.29484],[-122.65899,49.29484],[-122.65899,49.29484],[-122.659,49.29484],[-122.659,49.29484],[-122.659,49.29484],[-122.659,49.29484],[-122.659,49.29484],[-122.659,49.29484],[-122.659,49.29483],[-122.659,49.29483],[-122.659,49.29483],[-122.659,49.29483],[-122.659,49.29483],[-122.659,49.29483],[-122.659,49.29483],[-122.659,49.29483],[-122.659,49.29483],[-122.659,49.29482],[-122.659,49.29482],[-122.659,49.29482],[-122.659,49.29482],[-122.659,49.29482],[-122.659,49.29482],[-122.659,49.29482],[-122.659,49.29482],[-122.659,49.29482],[-122.659,49.29481],[-122.659,49.29481],[-122.659,49.29481],[-122.65901,49.29481],[-122.65901,49.29481],[-122.65901,49.29481],[-122.65901,49.29481],[-122.65901,49.29481],[-122.65901,49.2948],[-122.65901,49.2948],[-122.65901,49.2948],[-122.65901,49.2948],[-122.65901,49.2948],[-122.65901,49.2948],[-122.65901,49.2948],[-122.65901,49.2948],[-122.65901,49.2948],[-122.65901,49.29479],[-122.65901,49.29479],[-122.65901,49.29479],[-122.65901,49.29479],[-122.65901,49.29479],[-122.65901,49.29479],[-122.65901,49.29479],[-122.65901,49.29479],[-122.65901,49.29479],[-122.65901,49.29478],[-122.65901,49.29478],[-122.65901,49.29478],[-122.65901,49.29478],[-122.65902,49.29478],[-122.65902,49.29478],[-122.65902,49.29478],[-122.65902,49.29478],[-122.65902,49.29478],[-122.65902,49.29477],[-122.65902,49.29477],[-122.65902,49.29477],[-122.65902,49.29477],[-122.65902,49.29477],[-122.65902,49.29477],[-122.65902,49.29477],[-122.65902,49.29477],[-122.65902,49.29476],[-122.65902,49.29476],[-122.65902,49.29476],[-122.65902,49.29476],[-122.65902,49.29476],[-122.65902,49.29476],[-122.65902,49.29476],[-122.65902,49.29476],[-122.65902,49.29476],[-122.65902,49.29475],[-122.65902,49.29475],[-122.65902,49.29475],[-122.65903,49.29475],[-122.65903,49.29475],[-122.65903,49.29475],[-122.65903,49.29475],[-122.65903,49.29475],[-122.65903,49.29475],[-122.65903,49.29474],[-122.65903,49.29474],[-122.65903,49.29474],[-122.65903,49.29474],[-122.65903,49.29474],[-122.65903,49.29474],[-122.65903,49.29474],[-122.65903,49.29474],[-122.65903,49.29474],[-122.65903,49.29473],[-122.65903,49.29473],[-122.65903,49.29473],[-122.65903,49.29473],[-122.65903,49.29473],[-122.65903,49.29473],[-122.65903,49.29473],[-122.65903,49.29473],[-122.65903,49.29472],[-122.65903,49.29472],[-122.65904,49.29472],[-122.65904,49.29472],[-122.65904,49.29472],[-122.65904,49.29472],[-122.65904,49.29472],[-122.65904,49.29472],[-122.65904,49.29472],[-122.65904,49.29471],[-122.65904,49.29471],[-122.65904,49.29471],[-122.65904,49.29471],[-122.65904,49.29471],[-122.65904,49.29471],[-122.65904,49.29471],[-122.65904,49.29471],[-122.65904,49.29471],[-122.65904,49.2947],[-122.65904,49.2947],[-122.65904,49.2947],[-122.65904,49.2947],[-122.65904,49.2947],[-122.65904,49.2947],[-122.65904,49.2947],[-122.65904,49.2947],[-122.65905,49.2947],[-122.65905,49.29469],[-122.65905,49.29469],[-122.65905,49.29469],[-122.65905,49.29469],[-122.65905,49.29469],[-122.65905,49.29469],[-122.65905,49.29469],[-122.65905,49.29469],[-122.65905,49.29469],[-122.65905,49.29468],[-122.65905,49.29468],[-122.65905,49.29468],[-122.65905,49.29468],[-122.65905,49.29468],[-122.65905,49.29468],[-122.65905,49.29468],[-122.65905,49.29468],[-122.65905,49.29467],[-122.65905,49.29467],[-122.65905,49.29467],[-122.65905,49.29467],[-122.65905,49.29467],[-122.65905,49.29467],[-122.65906,49.29467],[-122.65906,49.29467],[-122.65906,49.29467],[-122.65906,49.29466],[-122.65906,49.29466],[-122.65906,49.29466],[-122.65906,49.29466],[-122.65906,49.29466],[-122.65906,49.29466],[-122.65906,49.29466],[-122.65906,49.29466],[-122.65906,49.29466],[-122.65906,49.29465],[-122.65906,49.29465],[-122.65906,49.29465],[-122.65906,49.29465],[-122.65906,49.29465],[-122.65906,49.29465],[-122.65906,49.29465],[-122.65906,49.29465],[-122.65906,49.29465],[-122.65906,49.29464],[-122.65906,49.29464],[-122.65907,49.29464],[-122.65907,49.29464],[-122.65907,49.29464],[-122.65907,49.29464],[-122.65907,49.29464],[-122.65907,49.29464],[-122.65907,49.29463],[-122.65907,49.29463],[-122.65907,49.29463],[-122.65907,49.29463],[-122.65907,49.29463],[-122.65907,49.29463],[-122.65907,49.29463],[-122.65907,49.29463],[-122.65907,49.29463],[-122.65907,49.29462],[-122.65907,49.29462],[-122.65907,49.29462],[-122.65907,49.29462],[-122.65907,49.29462],[-122.65907,49.29462],[-122.65907,49.29462],[-122.65908,49.29462],[-122.65908,49.29462],[-122.65908,49.29461],[-122.65908,49.29461],[-122.65908,49.29461],[-122.65908,49.29461],[-122.65908,49.29461],[-122.65908,49.29461],[-122.65908,49.29461],[-122.65908,49.29461],[-122.65908,49.29461],[-122.65908,49.2946],[-122.65908,49.2946],[-122.65908,49.2946],[-122.65908,49.2946],[-122.65908,49.2946],[-122.65908,49.2946],[-122.65908,49.2946],[-122.65908,49.2946],[-122.65908,49.29459],[-122.65908,49.29459],[-122.65908,49.29459],[-122.65909,49.29459],[-122.65909,49.29459],[-122.65909,49.29459],[-122.65909,49.29459],[-122.65909,49.29459],[-122.65909,49.29459],[-122.65909,49.29458],[-122.65909,49.29458],[-122.65909,49.29458],[-122.65909,49.29458],[-122.65909,49.29458],[-122.65909,49.29458],[-122.65909,49.29458],[-122.65909,49.29458],[-122.65909,49.29458],[-122.65909,49.29457],[-122.65909,49.29457],[-122.65909,49.29457],[-122.65909,49.29457],[-122.65909,49.29457],[-122.65909,49.29457],[-122.6591,49.29457],[-122.6591,49.29457],[-122.6591,49.29457],[-122.6591,49.29456],[-122.6591,49.29456],[-122.6591,49.29456],[-122.6591,49.29456],[-122.6591,49.29456],[-122.6591,49.29456],[-122.6591,49.29456],[-122.6591,49.29456],[-122.6591,49.29455],[-122.6591,49.29455],[-122.6591,49.29455],[-122.6591,49.29455],[-122.6591,49.29455],[-122.6591,49.29455],[-122.6591,49.29455],[-122.6591,49.29455],[-122.6591,49.29455],[-122.6591,49.29454],[-122.65911,49.29454],[-122.65911,49.29454],[-122.65911,49.29454],[-122.65911,49.29454],[-122.65911,49.29454],[-122.65911,49.29454],[-122.65911,49.29454],[-122.65911,49.29454],[-122.65911,49.29453],[-122.65911,49.29453],[-122.65911,49.29453],[-122.65911,49.29453],[-122.65911,49.29453],[-122.65911,49.29453],[-122.65911,49.29453],[-122.65911,49.29453],[-122.65911,49.29453],[-122.65911,49.29452],[-122.65911,49.29452],[-122.65911,49.29452],[-122.65912,49.29452],[-122.65912,49.29452],[-122.65912,49.29452],[-122.65912,49.29452],[-122.65912,49.29452],[-122.65912,49.29451],[-122.65912,49.29451],[-122.65912,49.29451],[-122.65912,49.29451],[-122.65912,49.29451],[-122.65912,49.29451],[-122.65912,49.29451],[-122.65912,49.29451],[-122.65912,49.29451],[-122.65912,49.2945],[-122.65912,49.2945],[-122.65912,49.2945],[-122.65912,49.2945],[-122.65912,49.2945],[-122.65912,49.2945],[-122.65912,49.2945],[-122.65913,49.2945],[-122.65913,49.2945],[-122.65913,49.29449],[-122.65913,49.29449],[-122.65913,49.29449],[-122.65913,49.29449],[-122.65913,49.29449],[-122.65913,49.29449],[-122.65913,49.29449],[-122.65913,49.29449],[-122.65913,49.29449],[-122.65913,49.29448],[-122.65913,49.29448],[-122.65913,49.29448],[-122.65913,49.29448],[-122.65913,49.29448],[-122.65913,49.29448],[-122.65913,49.29448],[-122.65913,49.29448],[-122.65914,49.29448],[-122.65914,49.29447],[-122.65914,49.29447],[-122.65914,49.29447],[-122.65914,49.29447],[-122.65914,49.29447],[-122.65914,49.29447],[-122.65914,49.29447],[-122.65914,49.29447],[-122.65914,49.29447],[-122.65914,49.29447],[-122.65914,49.29446],[-122.65914,49.29446],[-122.65914,49.29446],[-122.65914,49.29446],[-122.65914,49.29446],[-122.65914,49.29446],[-122.65914,49.29446],[-122.65914,49.29446],[-122.65914,49.29446],[-122.65915,49.29445],[-122.65915,49.29445],[-122.65915,49.29445],[-122.65915,49.29445],[-122.65915,49.29445],[-122.65915,49.29445],[-122.65915,49.29445],[-122.65915,49.29445],[-122.65915,49.29445],[-122.65915,49.29444],[-122.65915,49.29444],[-122.65915,49.29444],[-122.65915,49.29444],[-122.65915,49.29444],[-122.65915,49.29444],[-122.65915,49.29444],[-122.65915,49.29444],[-122.65915,49.29444],[-122.65915,49.29443],[-122.65916,49.29443],[-122.65916,49.29443],[-122.65916,49.29443],[-122.65916,49.29443],[-122.65916,49.29443],[-122.65916,49.29443],[-122.65916,49.29443],[-122.65916,49.29443],[-122.65916,49.29442],[-122.65916,49.29442],[-122.65916,49.29442],[-122.65916,49.29442],[-122.65916,49.29442],[-122.65916,49.29442],[-122.65916,49.29442],[-122.65916,49.29442],[-122.65916,49.29442],[-122.65916,49.29441],[-122.65916,49.29441],[-122.65917,49.29441],[-122.65917,49.29441],[-122.65917,49.29441],[-122.65917,49.29441],[-122.65917,49.29441],[-122.65917,49.29441],[-122.65917,49.29441],[-122.65917,49.29441],[-122.65917,49.2944],[-122.65917,49.2944],[-122.65917,49.2944],[-122.65917,49.2944],[-122.65917,49.2944],[-122.65917,49.2944],[-122.65917,49.2944],[-122.65917,49.2944],[-122.65917,49.2944],[-122.65917,49.29439],[-122.65918,49.29439],[-122.65918,49.29439],[-122.65918,49.29439],[-122.65918,49.29439],[-122.65918,49.29439],[-122.65918,49.29439],[-122.65918,49.29439],[-122.65918,49.29439],[-122.65918,49.29438],[-122.65918,49.29438],[-122.65918,49.29438],[-122.65918,49.29438],[-122.65918,49.29438],[-122.65918,49.29438],[-122.65918,49.29438],[-122.65918,49.29438],[-122.65918,49.29438],[-122.65918,49.29437],[-122.65919,49.29437],[-122.65919,49.29437],[-122.65919,49.29437],[-122.65919,49.29437],[-122.65919,49.29437],[-122.65919,49.29437],[-122.65919,49.29437],[-122.65919,49.29437],[-122.65919,49.29436],[-122.65919,49.29436],[-122.65919,49.29436],[-122.65919,49.29436],[-122.65919,49.29436],[-122.65919,49.29436],[-122.65919,49.29436],[-122.65919,49.29436],[-122.65919,49.29436],[-122.65919,49.29436],[-122.6592,49.29435],[-122.6592,49.29435],[-122.6592,49.29435],[-122.6592,49.29435],[-122.6592,49.29435],[-122.6592,49.29435],[-122.6592,49.29435],[-122.6592,49.29435],[-122.6592,49.29435],[-122.6592,49.29434],[-122.6592,49.29434],[-122.6592,49.29434],[-122.6592,49.29434],[-122.6592,49.29434],[-122.6592,49.29434],[-122.6592,49.29434],[-122.6592,49.29434],[-122.6592,49.29434],[-122.65921,49.29433],[-122.65921,49.29433],[-122.65921,49.29433],[-122.65921,49.29433],[-122.65921,49.29433],[-122.65921,49.29433],[-122.65921,49.29433],[-122.65921,49.29433],[-122.65921,49.29433],[-122.65921,49.29432],[-122.65921,49.29432],[-122.65921,49.29432],[-122.65921,49.29432],[-122.65921,49.29432],[-122.65921,49.29432],[-122.65921,49.29432],[-122.65921,49.29432],[-122.65922,49.29432],[-122.65922,49.29432],[-122.65922,49.29431],[-122.65922,49.29431],[-122.65922,49.29431],[-122.65922,49.29431],[-122.65922,49.29431],[-122.65922,49.29431],[-122.65922,49.29431],[-122.65922,49.29431],[-122.65922,49.29431],[-122.65922,49.2943],[-122.65922,49.2943],[-122.65922,49.2943],[-122.65922,49.2943],[-122.65922,49.2943],[-122.65922,49.2943],[-122.65922,49.2943],[-122.65923,49.2943],[-122.65923,49.2943],[-122.65923,49.29429],[-122.65923,49.29429],[-122.65923,49.29429],[-122.65923,49.29429],[-122.65923,49.29429],[-122.65923,49.29429],[-122.65923,49.29429],[-122.65923,49.29429],[-122.65923,49.29429],[-122.65923,49.29429],[-122.65923,49.29428],[-122.65923,49.29428],[-122.65923,49.29428],[-122.65923,49.29428],[-122.65923,49.29428],[-122.65924,49.29428],[-122.65924,49.29428],[-122.65924,49.29428],[-122.65924,49.29428],[-122.65924,49.29427],[-122.65924,49.29427],[-122.65924,49.29427],[-122.65924,49.29427],[-122.65924,49.29427],[-122.65924,49.29427],[-122.65924,49.29427],[-122.65924,49.29427],[-122.65924,49.29427],[-122.65924,49.29426],[-122.65924,49.29426],[-122.65924,49.29426],[-122.65924,49.29426],[-122.65925,49.29426],[-122.65925,49.29426],[-122.65925,49.29426],[-122.65925,49.29426],[-122.65925,49.29426],[-122.65925,49.29425],[-122.65925,49.29425],[-122.65925,49.29425],[-122.65925,49.29425],[-122.65925,49.29425],[-122.65925,49.29425],[-122.65925,49.29425],[-122.65925,49.29425],[-122.65925,49.29425],[-122.65925,49.29425],[-122.65925,49.29424],[-122.65926,49.29424],[-122.65926,49.29424],[-122.65926,49.29424],[-122.65926,49.29424],[-122.65926,49.29424],[-122.65926,49.29424],[-122.65926,49.29424],[-122.65926,49.29424],[-122.65926,49.29423],[-122.65926,49.29423],[-122.65926,49.29423],[-122.65926,49.29423],[-122.65926,49.29423],[-122.65926,49.29423],[-122.65926,49.29423],[-122.65926,49.29423],[-122.65926,49.29423],[-122.65927,49.29422],[-122.65927,49.29422],[-122.65927,49.29422],[-122.65927,49.29422],[-122.65927,49.29422],[-122.65927,49.29422],[-122.65927,49.29422],[-122.65927,49.29422],[-122.65927,49.29422],[-122.65927,49.29422],[-122.65927,49.29421],[-122.65927,49.29421],[-122.65927,49.29421],[-122.65927,49.29421],[-122.65927,49.29421],[-122.65927,49.29421],[-122.65928,49.29421],[-122.65928,49.29421],[-122.65928,49.29421],[-122.65928,49.2942],[-122.65928,49.2942],[-122.65928,49.2942],[-122.65928,49.2942],[-122.65928,49.2942],[-122.65928,49.2942],[-122.65928,49.2942],[-122.65928,49.2942],[-122.65928,49.2942],[-122.65928,49.29419],[-122.65928,49.29419],[-122.65928,49.29419],[-122.65928,49.29419],[-122.65929,49.29419],[-122.65929,49.29419],[-122.65929,49.29419],[-122.65929,49.29419],[-122.65929,49.29419],[-122.65929,49.29419],[-122.65929,49.29418],[-122.65929,49.29418],[-122.65929,49.29418],[-122.65929,49.29418],[-122.65929,49.29418],[-122.65929,49.29418],[-122.65929,49.29418],[-122.65929,49.29418],[-122.65929,49.29418],[-122.65929,49.29417],[-122.6593,49.29417],[-122.6593,49.29417],[-122.6593,49.29417],[-122.6593,49.29417],[-122.6593,49.29417],[-122.6593,49.29417],[-122.6593,49.29417],[-122.6593,49.29417],[-122.6593,49.29416],[-122.6593,49.29416],[-122.6593,49.29416],[-122.6593,49.29416],[-122.6593,49.29416],[-122.6593,49.29416],[-122.6593,49.29416],[-122.6593,49.29416],[-122.65931,49.29416],[-122.65931,49.29416],[-122.65931,49.29415],[-122.65931,49.29415],[-122.65931,49.29415],[-122.65931,49.29415],[-122.65931,49.29415],[-122.65931,49.29415],[-122.65931,49.29415],[-122.65931,49.29415],[-122.65931,49.29415],[-122.65931,49.29414],[-122.65931,49.29414],[-122.65931,49.29414],[-122.65931,49.29414],[-122.65932,49.29414],[-122.65932,49.29414],[-122.65932,49.29414],[-122.65932,49.29414],[-122.65932,49.29414],[-122.65932,49.29413],[-122.65932,49.29413],[-122.65932,49.29413],[-122.65932,49.29413],[-122.65932,49.29413],[-122.65932,49.29413],[-122.65932,49.29413],[-122.65932,49.29413],[-122.65932,49.29413],[-122.65932,49.29413],[-122.65932,49.29412],[-122.65933,49.29412],[-122.65933,49.29412],[-122.65933,49.29412],[-122.65933,49.29412],[-122.65933,49.29412],[-122.65933,49.29412],[-122.65933,49.29412],[-122.65933,49.29412],[-122.65933,49.29411],[-122.65933,49.29411],[-122.65933,49.29411],[-122.65933,49.29411],[-122.65933,49.29411],[-122.65933,49.29411],[-122.65933,49.29411],[-122.65934,49.29411],[-122.65934,49.29411],[-122.65934,49.29411],[-122.65934,49.2941],[-122.65934,49.2941],[-122.65934,49.2941],[-122.65934,49.2941],[-122.65934,49.2941],[-122.65934,49.2941],[-122.65934,49.2941],[-122.65934,49.2941],[-122.65934,49.2941],[-122.65934,49.29409],[-122.65934,49.29409],[-122.65934,49.29409],[-122.65935,49.29409],[-122.65935,49.29409],[-122.65935,49.29409],[-122.65935,49.29409],[-122.65935,49.29409],[-122.65935,49.29409],[-122.65935,49.29408],[-122.65935,49.29408],[-122.65935,49.29408],[-122.65935,49.29408],[-122.65935,49.29408],[-122.65935,49.29408],[-122.65935,49.29408],[-122.65935,49.29408],[-122.65935,49.29408],[-122.65936,49.29408],[-122.65936,49.29407],[-122.65936,49.29407],[-122.65936,49.29407],[-122.65936,49.29407],[-122.65936,49.29407],[-122.65936,49.29407],[-122.65936,49.29407],[-122.65936,49.29407],[-122.65936,49.29407],[-122.65936,49.29406],[-122.65936,49.29406],[-122.65936,49.29406],[-122.65936,49.29406],[-122.65936,49.29406],[-122.65937,49.29406],[-122.65937,49.29406],[-122.65937,49.29406],[-122.65937,49.29406],[-122.65937,49.29406],[-122.65937,49.29405],[-122.65937,49.29405],[-122.65937,49.29405],[-122.65937,49.29405],[-122.65937,49.29405],[-122.65937,49.29405],[-122.65937,49.29405],[-122.65937,49.29405],[-122.65937,49.29405],[-122.65938,49.29404],[-122.65938,49.29404],[-122.65938,49.29404],[-122.65938,49.29404],[-122.65938,49.29404],[-122.65938,49.29404],[-122.65938,49.29404],[-122.65938,49.29404],[-122.65938,49.29404],[-122.65938,49.29404],[-122.65938,49.29403],[-122.65938,49.29403],[-122.65938,49.29403],[-122.65938,49.29403],[-122.65938,49.29403],[-122.65939,49.29403],[-122.65939,49.29403],[-122.65939,49.29403],[-122.65939,49.29403],[-122.65939,49.29402],[-122.65939,49.29402],[-122.65939,49.29402],[-122.65939,49.29402],[-122.65939,49.29402],[-122.65939,49.29402],[-122.65939,49.29402],[-122.65939,49.29402],[-122.65939,49.29402],[-122.65939,49.29401],[-122.65939,49.29401],[-122.6594,49.29401],[-122.6594,49.29401],[-122.6594,49.29401],[-122.6594,49.29401],[-122.6594,49.29401],[-122.6594,49.29401],[-122.6594,49.29401],[-122.6594,49.29401],[-122.6594,49.294],[-122.6594,49.294],[-122.6594,49.294],[-122.6594,49.294],[-122.6594,49.294],[-122.6594,49.294],[-122.65941,49.294],[-122.65941,49.294],[-122.65941,49.294],[-122.65941,49.29399],[-122.65941,49.29399],[-122.65941,49.29399],[-122.65941,49.29399],[-122.65941,49.29399],[-122.65941,49.29399],[-122.65941,49.29399],[-122.65941,49.29399],[-122.65941,49.29399],[-122.65941,49.29399],[-122.65941,49.29398],[-122.65942,49.29398],[-122.65942,49.29398],[-122.65942,49.29398],[-122.65942,49.29398],[-122.65942,49.29398],[-122.65942,49.29398],[-122.65942,49.29398],[-122.65942,49.29398],[-122.65942,49.29397],[-122.65942,49.29397],[-122.65942,49.29397],[-122.65942,49.29397],[-122.65942,49.29397],[-122.65942,49.29397],[-122.65943,49.29397],[-122.65943,49.29397],[-122.65943,49.29397],[-122.65943,49.29397],[-122.65943,49.29396],[-122.65943,49.29396],[-122.65943,49.29396],[-122.65943,49.29396],[-122.65943,49.29396],[-122.65943,49.29396],[-122.65943,49.29396],[-122.65943,49.29396],[-122.65943,49.29396],[-122.65943,49.29395],[-122.65944,49.29395],[-122.65944,49.29395],[-122.65944,49.29395],[-122.65944,49.29395],[-122.65944,49.29395],[-122.65944,49.29395],[-122.65944,49.29395],[-122.65944,49.29395],[-122.65944,49.29395],[-122.65944,49.29394],[-122.65944,49.29394],[-122.65944,49.29394],[-122.65944,49.29394],[-122.65944,49.29394],[-122.65945,49.29394],[-122.65945,49.29394],[-122.65945,49.29394],[-122.65945,49.29394],[-122.65945,49.29393],[-122.65945,49.29393],[-122.65945,49.29393],[-122.65945,49.29393],[-122.65945,49.29393],[-122.65945,49.29393],[-122.65945,49.29393],[-122.65945,49.29393],[-122.65945,49.29393],[-122.65945,49.29393],[-122.65946,49.29392],[-122.65946,49.29392],[-122.65946,49.29392],[-122.65946,49.29392],[-122.65946,49.29392],[-122.65946,49.29392],[-122.65946,49.29392],[-122.65946,49.29392],[-122.65946,49.29392],[-122.65946,49.29391],[-122.65946,49.29391],[-122.65946,49.29391],[-122.65946,49.29391],[-122.65946,49.29391],[-122.65947,49.29391],[-122.65947,49.29391],[-122.65947,49.29391],[-122.65947,49.29391],[-122.65947,49.29391],[-122.65947,49.2939],[-122.65947,49.2939],[-122.65947,49.2939],[-122.65947,49.2939],[-122.65947,49.2939],[-122.65947,49.2939],[-122.65947,49.2939],[-122.65947,49.2939],[-122.65948,49.2939],[-122.65948,49.29389],[-122.65948,49.29389],[-122.65948,49.29389],[-122.65948,49.29389],[-122.65948,49.29389],[-122.65948,49.29389],[-122.65948,49.29389],[-122.65948,49.29389],[-122.65948,49.29389],[-122.65948,49.29389],[-122.65948,49.29388],[-122.65948,49.29388],[-122.65948,49.29388],[-122.65949,49.29388],[-122.65949,49.29388],[-122.65949,49.29388],[-122.65949,49.29388],[-122.65949,49.29388],[-122.65949,49.29388],[-122.65949,49.29387],[-122.65949,49.29387],[-122.65949,49.29387],[-122.65949,49.29387],[-122.65949,49.29387],[-122.65949,49.29387],[-122.65949,49.29387],[-122.6595,49.29387],[-122.6595,49.29387],[-122.6595,49.29387],[-122.6595,49.29386],[-122.6595,49.29386],[-122.6595,49.29386],[-122.6595,49.29386],[-122.6595,49.29386],[-122.6595,49.29386],[-122.6595,49.29386],[-122.6595,49.29386],[-122.6595,49.29386],[-122.6595,49.29386],[-122.6595,49.29385],[-122.65951,49.29385],[-122.65951,49.29385],[-122.65951,49.29385],[-122.65951,49.29385],[-122.65951,49.29385],[-122.65951,49.29385],[-122.65951,49.29385],[-122.65951,49.29385],[-122.65951,49.29384],[-122.65951,49.29384],[-122.65951,49.29384],[-122.65951,49.29384],[-122.65951,49.29384],[-122.65952,49.29384],[-122.65952,49.29384],[-122.65952,49.29384],[-122.65952,49.29384],[-122.65952,49.29384],[-122.65952,49.29383],[-122.65952,49.29383],[-122.65952,49.29383],[-122.65952,49.29383],[-122.65952,49.29383],[-122.65952,49.29383],[-122.65952,49.29383],[-122.65952,49.29383],[-122.65953,49.29383],[-122.65953,49.29382],[-122.65953,49.29382],[-122.65953,49.29382],[-122.65953,49.29382],[-122.65953,49.29382],[-122.65953,49.29382],[-122.65953,49.29382],[-122.65953,49.29382],[-122.65953,49.29382],[-122.65953,49.29382],[-122.65953,49.29381],[-122.65953,49.29381],[-122.65954,49.29381],[-122.65954,49.29381],[-122.65954,49.29381],[-122.65954,49.29381],[-122.65954,49.29381],[-122.65954,49.29381],[-122.65954,49.29381],[-122.65954,49.2938],[-122.65954,49.2938],[-122.65954,49.2938],[-122.65954,49.2938],[-122.65954,49.2938],[-122.65954,49.2938],[-122.65955,49.2938],[-122.65955,49.2938],[-122.65955,49.2938],[-122.65955,49.2938],[-122.65955,49.29379],[-122.65955,49.29379],[-122.65955,49.29379],[-122.65955,49.29379],[-122.65955,49.29379],[-122.65955,49.29379],[-122.65955,49.29379],[-122.65955,49.29379],[-122.65955,49.29379],[-122.65956,49.29379],[-122.65956,49.29378],[-122.65956,49.29378],[-122.65956,49.29378],[-122.65956,49.29378],[-122.65956,49.29378],[-122.65956,49.29378],[-122.65956,49.29378],[-122.65956,49.29378],[-122.65956,49.29378],[-122.65956,49.29377],[-122.65956,49.29377],[-122.65956,49.29377],[-122.65957,49.29377],[-122.65957,49.29377],[-122.65957,49.29377],[-122.65957,49.29377],[-122.65957,49.29377],[-122.65957,49.29377],[-122.65957,49.29377],[-122.65957,49.29376],[-122.65957,49.29376],[-122.65957,49.29376],[-122.65957,49.29376],[-122.65957,49.29376],[-122.65957,49.29376],[-122.65958,49.29376],[-122.65958,49.29376],[-122.65958,49.29376],[-122.65958,49.29375],[-122.65958,49.29375],[-122.65958,49.29375],[-122.65958,49.29375],[-122.65958,49.29375],[-122.65958,49.29375],[-122.65958,49.29375],[-122.65958,49.29375],[-122.65958,49.29375],[-122.65959,49.29375],[-122.65959,49.29374],[-122.65959,49.29374],[-122.65959,49.29374],[-122.65959,49.29374],[-122.65959,49.29374],[-122.65959,49.29374],[-122.65959,49.29374],[-122.65959,49.29374],[-122.65959,49.29374],[-122.65959,49.29374],[-122.65959,49.29373],[-122.65959,49.29373],[-122.6596,49.29373],[-122.6596,49.29373],[-122.6596,49.29373],[-122.6596,49.29373],[-122.6596,49.29373],[-122.6596,49.29373],[-122.6596,49.29373],[-122.6596,49.29372],[-122.6596,49.29372],[-122.6596,49.29372],[-122.6596,49.29372],[-122.6596,49.29372],[-122.65961,49.29372],[-122.65961,49.29372],[-122.65961,49.29372],[-122.65961,49.29372],[-122.65961,49.29372],[-122.65961,49.29371],[-122.65961,49.29371],[-122.65961,49.29371],[-122.65961,49.29371],[-122.65961,49.29371],[-122.65961,49.29371],[-122.65961,49.29371],[-122.65961,49.29371],[-122.65962,49.29371],[-122.65962,49.29371],[-122.65962,49.2937],[-122.65962,49.2937],[-122.65962,49.2937],[-122.65962,49.2937],[-122.65962,49.2937],[-122.65962,49.2937],[-122.65962,49.2937],[-122.65962,49.2937],[-122.65962,49.2937],[-122.65962,49.29369],[-122.65963,49.29369],[-122.65963,49.29369],[-122.65963,49.29369],[-122.65963,49.29369],[-122.65963,49.29369],[-122.65963,49.29369],[-122.65963,49.29369],[-122.65963,49.29369],[-122.65963,49.29369],[-122.65963,49.29368],[-122.65963,49.29368],[-122.65963,49.29368],[-122.65963,49.29368],[-122.65964,49.29368],[-122.65964,49.29368],[-122.65964,49.29368],[-122.65964,49.29368],[-122.65964,49.29368],[-122.65964,49.29368],[-122.65964,49.29367],[-122.65964,49.29367],[-122.65964,49.29367],[-122.65964,49.29367],[-122.65964,49.29367],[-122.65964,49.29367],[-122.65965,49.29367],[-122.65965,49.29367],[-122.65965,49.29367],[-122.65965,49.29366],[-122.65965,49.29366],[-122.65965,49.29366],[-122.65965,49.29366],[-122.65965,49.29366],[-122.65965,49.29366],[-122.65965,49.29366],[-122.65965,49.29366],[-122.65965,49.29366],[-122.65966,49.29366],[-122.65966,49.29365],[-122.65966,49.29365],[-122.65966,49.29365],[-122.65966,49.29365],[-122.65966,49.29365],[-122.65966,49.29365],[-122.65966,49.29365],[-122.65966,49.29365],[-122.65966,49.29365],[-122.65966,49.29365],[-122.65966,49.29364],[-122.65967,49.29364],[-122.65967,49.29364],[-122.65967,49.29364],[-122.65967,49.29364],[-122.65967,49.29364],[-122.65967,49.29364],[-122.65967,49.29364],[-122.65967,49.29364],[-122.65967,49.29363],[-122.65967,49.29363],[-122.65967,49.29363],[-122.65967,49.29363],[-122.65968,49.29363],[-122.65968,49.29363],[-122.65968,49.29363],[-122.65968,49.29363],[-122.65968,49.29363],[-122.65968,49.29363],[-122.65968,49.29362],[-122.65968,49.29362],[-122.65968,49.29362],[-122.65968,49.29362],[-122.65968,49.29362],[-122.65968,49.29362],[-122.65969,49.29362],[-122.65969,49.29362],[-122.65969,49.29362],[-122.65969,49.29362],[-122.65969,49.29361],[-122.65969,49.29361],[-122.65969,49.29361],[-122.65969,49.29361],[-122.65969,49.29361],[-122.65969,49.29361],[-122.65969,49.29361],[-122.65969,49.29361],[-122.6597,49.29361],[-122.6597,49.2936],[-122.6597,49.2936],[-122.6597,49.2936],[-122.6597,49.2936],[-122.6597,49.2936],[-122.6597,49.2936],[-122.6597,49.2936],[-122.6597,49.2936],[-122.6597,49.2936],[-122.6597,49.2936],[-122.6597,49.29359],[-122.65971,49.29359],[-122.65971,49.29359],[-122.65971,49.29359],[-122.65971,49.29359],[-122.65971,49.29359],[-122.65971,49.29359],[-122.65971,49.29359],[-122.65971,49.29359],[-122.65971,49.29359],[-122.65971,49.29358],[-122.65971,49.29358],[-122.65971,49.29358],[-122.65972,49.29358],[-122.65972,49.29358],[-122.65972,49.29358],[-122.65972,49.29358],[-122.65972,49.29358],[-122.65972,49.29358],[-122.65972,49.29357],[-122.65972,49.29357],[-122.65972,49.29357],[-122.65972,49.29357],[-122.65972,49.29357],[-122.65972,49.29357],[-122.65973,49.29357],[-122.65973,49.29357],[-122.65973,49.29357],[-122.65973,49.29357],[-122.65973,49.29356],[-122.65973,49.29356],[-122.65973,49.29356],[-122.65973,49.29356],[-122.65973,49.29356],[-122.65973,49.29356],[-122.65973,49.29356],[-122.65974,49.29356],[-122.65974,49.29356],[-122.65974,49.29356],[-122.65974,49.29355],[-122.65974,49.29355],[-122.65974,49.29355],[-122.65974,49.29355],[-122.65974,49.29355],[-122.65974,49.29355],[-122.65974,49.29355],[-122.65974,49.29355],[-122.65974,49.29355],[-122.65975,49.29355],[-122.65975,49.29354],[-122.65975,49.29354],[-122.65975,49.29354],[-122.65975,49.29354],[-122.65975,49.29354],[-122.65975,49.29354],[-122.65975,49.29354],[-122.65975,49.29354],[-122.65975,49.29354],[-122.65975,49.29353],[-122.65975,49.29353],[-122.65976,49.29353],[-122.65976,49.29353],[-122.65976,49.29353],[-122.65976,49.29353],[-122.65976,49.29353],[-122.65976,49.29353],[-122.65976,49.29353],[-122.65976,49.29353],[-122.65976,49.29352],[-122.65976,49.29352],[-122.65976,49.29352],[-122.65977,49.29352],[-122.65977,49.29352],[-122.65977,49.29352],[-122.65977,49.29352],[-122.65977,49.29352],[-122.65977,49.29352],[-122.65977,49.29352],[-122.65977,49.29351],[-122.65977,49.29351],[-122.65977,49.29351],[-122.65977,49.29351],[-122.65977,49.29351],[-122.65978,49.29351],[-122.65978,49.29351],[-122.65978,49.29351],[-122.65978,49.29351],[-122.65978,49.29351],[-122.65978,49.2935],[-122.65978,49.2935],[-122.65978,49.2935],[-122.65978,49.2935],[-122.65978,49.2935],[-122.65978,49.2935],[-122.65979,49.2935],[-122.65979,49.2935],[-122.65979,49.2935],[-122.65979,49.2935],[-122.65979,49.29349],[-122.65979,49.29349],[-122.65979,49.29349],[-122.65979,49.29349],[-122.65979,49.29349],[-122.65979,49.29349],[-122.65979,49.29349],[-122.65979,49.29349],[-122.6598,49.29349],[-122.6598,49.29348],[-122.6598,49.29348],[-122.6598,49.29348],[-122.6598,49.29348],[-122.6598,49.29348],[-122.6598,49.29348],[-122.6598,49.29348],[-122.6598,49.29348],[-122.6598,49.29348],[-122.6598,49.29348],[-122.65981,49.29347],[-122.65981,49.29347],[-122.65981,49.29347],[-122.65981,49.29347],[-122.65981,49.29347],[-122.65981,49.29347],[-122.65981,49.29347],[-122.65981,49.29347],[-122.65981,49.29347],[-122.65981,49.29347],[-122.65981,49.29346],[-122.65982,49.29346],[-122.65982,49.29346],[-122.65982,49.29346],[-122.65982,49.29346],[-122.65982,49.29346],[-122.65982,49.29346],[-122.65982,49.29346],[-122.65982,49.29346],[-122.65982,49.29346],[-122.65982,49.29345],[-122.65982,49.29345],[-122.65983,49.29345],[-122.65983,49.29345],[-122.65983,49.29345],[-122.65983,49.29345],[-122.65983,49.29345],[-122.65983,49.29345],[-122.65983,49.29345],[-122.65983,49.29344],[-122.65983,49.29344],[-122.65983,49.29344],[-122.65983,49.29344],[-122.65983,49.29344],[-122.65984,49.29344],[-122.65984,49.29344],[-122.65984,49.29344],[-122.65984,49.29344],[-122.65984,49.29344],[-122.65984,49.29343],[-122.65984,49.29343],[-122.65984,49.29343],[-122.65984,49.29343],[-122.65984,49.29343],[-122.65984,49.29343],[-122.65985,49.29343],[-122.65985,49.29343],[-122.65985,49.29343],[-122.65985,49.29343],[-122.65985,49.29342],[-122.65985,49.29342],[-122.65985,49.29342],[-122.65985,49.29342],[-122.65985,49.29342],[-122.65985,49.29342],[-122.65985,49.29342],[-122.65986,49.29342],[-122.65986,49.29342],[-122.65986,49.29342],[-122.65986,49.29341],[-122.65986,49.29341],[-122.65986,49.29341],[-122.65986,49.29341],[-122.65986,49.29341],[-122.65986,49.29341],[-122.65986,49.29341],[-122.65986,49.29341],[-122.65987,49.29341],[-122.65987,49.29341],[-122.65987,49.2934],[-122.65987,49.2934],[-122.65987,49.2934],[-122.65987,49.2934],[-122.65987,49.2934],[-122.65987,49.2934],[-122.65987,49.2934],[-122.65987,49.2934],[-122.65987,49.2934],[-122.65988,49.2934],[-122.65988,49.29339],[-122.65988,49.29339],[-122.65988,49.29339],[-122.65988,49.29339],[-122.65988,49.29339],[-122.65988,49.29339],[-122.65988,49.29339],[-122.65988,49.29339],[-122.65988,49.29339],[-122.65988,49.29338],[-122.65989,49.29338],[-122.65989,49.29338],[-122.65989,49.29338],[-122.65989,49.29338],[-122.65989,49.29338],[-122.65989,49.29338],[-122.65989,49.29338],[-122.65989,49.29338],[-122.65989,49.29338],[-122.65989,49.29337],[-122.65989,49.29337],[-122.6599,49.29337],[-122.6599,49.29337],[-122.6599,49.29337],[-122.6599,49.29337],[-122.6599,49.29337],[-122.6599,49.29337],[-122.6599,49.29337],[-122.6599,49.29337],[-122.6599,49.29336],[-122.6599,49.29336],[-122.6599,49.29336],[-122.65991,49.29336],[-122.65991,49.29336],[-122.65991,49.29336],[-122.65991,49.29336],[-122.65991,49.29336],[-122.65991,49.29336],[-122.65991,49.29336],[-122.65991,49.29335],[-122.65991,49.29335],[-122.65991,49.29335],[-122.65991,49.29335],[-122.65992,49.29335],[-122.65992,49.29335],[-122.65992,49.29335],[-122.65992,49.29335],[-122.65992,49.29335],[-122.65992,49.29335],[-122.65992,49.29334],[-122.65992,49.29334],[-122.65992,49.29334],[-122.65992,49.29334],[-122.65993,49.29334],[-122.65993,49.29334],[-122.65993,49.29334],[-122.65993,49.29334],[-122.65993,49.29334],[-122.65993,49.29334],[-122.65993,49.29333],[-122.65993,49.29333],[-122.65993,49.29333],[-122.65993,49.29333],[-122.65993,49.29333],[-122.65994,49.29333],[-122.65994,49.29333],[-122.65994,49.29333],[-122.65994,49.29333],[-122.65994,49.29333],[-122.65994,49.29332],[-122.65994,49.29332],[-122.65994,49.29332],[-122.65994,49.29332],[-122.65994,49.29332],[-122.65994,49.29332],[-122.65995,49.29332],[-122.65995,49.29332],[-122.65995,49.29332],[-122.65995,49.29332],[-122.65995,49.29331],[-122.65995,49.29331],[-122.65995,49.29331],[-122.65995,49.29331],[-122.65995,49.29331],[-122.65995,49.29331],[-122.65996,49.29331],[-122.65996,49.29331],[-122.65996,49.29331],[-122.65996,49.29331],[-122.65996,49.2933],[-122.65996,49.2933],[-122.65996,49.2933],[-122.65996,49.2933],[-122.65996,49.2933],[-122.65996,49.2933],[-122.65996,49.2933],[-122.65997,49.2933],[-122.65997,49.2933],[-122.65997,49.2933],[-122.65997,49.29329],[-122.65997,49.29329],[-122.65997,49.29329],[-122.65997,49.29329],[-122.65997,49.29329],[-122.65997,49.29329],[-122.65997,49.29329],[-122.65998,49.29329],[-122.65998,49.29329],[-122.65998,49.29329],[-122.65998,49.29328],[-122.65998,49.29328],[-122.65998,49.29328],[-122.65998,49.29328],[-122.65998,49.29328],[-122.65998,49.29328],[-122.65998,49.29328],[-122.65998,49.29328],[-122.65999,49.29328],[-122.65999,49.29328],[-122.65999,49.29327],[-122.65999,49.29327],[-122.65999,49.29327],[-122.65999,49.29327],[-122.65999,49.29327],[-122.65999,49.29327],[-122.65999,49.29327],[-122.65999,49.29327],[-122.66,49.29327],[-122.66,49.29327],[-122.66,49.29327],[-122.66,49.29326],[-122.66,49.29326],[-122.66,49.29326],[-122.66,49.29326],[-122.66,49.29326],[-122.66,49.29326],[-122.66,49.29326],[-122.66,49.29326],[-122.66001,49.29326],[-122.66001,49.29326],[-122.66001,49.29325],[-122.66001,49.29325],[-122.66001,49.29325],[-122.66001,49.29325],[-122.66001,49.29325],[-122.66001,49.29325],[-122.66001,49.29325],[-122.66001,49.29325],[-122.66002,49.29325],[-122.66002,49.29325],[-122.66002,49.29324],[-122.66002,49.29324],[-122.66002,49.29324],[-122.66002,49.29324],[-122.66002,49.29324],[-122.66002,49.29324],[-122.66002,49.29324],[-122.66002,49.29324],[-122.66003,49.29324],[-122.66003,49.29324],[-122.66003,49.29323],[-122.66003,49.29323],[-122.66003,49.29323],[-122.66003,49.29323],[-122.66003,49.29323],[-122.66003,49.29323],[-122.66003,49.29323],[-122.66003,49.29323],[-122.66003,49.29323],[-122.66004,49.29323],[-122.66004,49.29323],[-122.66004,49.29322],[-122.66004,49.29322],[-122.66004,49.29322],[-122.66004,49.29322],[-122.66004,49.29322],[-122.66004,49.29322],[-122.66004,49.29322],[-122.66004,49.29322],[-122.66005,49.29322],[-122.66005,49.29322],[-122.66005,49.29321],[-122.66005,49.29321],[-122.66005,49.29321],[-122.66005,49.29321],[-122.66005,49.29321],[-122.66005,49.29321],[-122.66005,49.29321],[-122.66005,49.29321],[-122.66006,49.29321],[-122.66006,49.29321],[-122.66006,49.2932],[-122.66006,49.2932],[-122.66006,49.2932],[-122.66006,49.2932],[-122.66006,49.2932],[-122.66006,49.2932],[-122.66006,49.2932],[-122.66006,49.2932],[-122.66007,49.2932],[-122.66007,49.2932],[-122.66007,49.2932],[-122.66007,49.29319],[-122.66007,49.29319],[-122.66007,49.29319],[-122.66007,49.29319],[-122.66007,49.29319],[-122.66007,49.29319],[-122.66007,49.29319],[-122.66008,49.29319],[-122.66008,49.29319],[-122.66008,49.29319],[-122.66008,49.29318],[-122.66008,49.29318],[-122.66008,49.29318],[-122.66008,49.29318],[-122.66008,49.29318],[-122.66008,49.29318],[-122.66008,49.29318],[-122.66009,49.29318],[-122.66009,49.29318],[-122.66009,49.29318],[-122.66009,49.29317],[-122.66009,49.29317],[-122.66009,49.29317],[-122.66009,49.29317],[-122.66009,49.29317],[-122.66009,49.29317],[-122.66009,49.29317],[-122.6601,49.29317],[-122.6601,49.29317],[-122.6601,49.29317],[-122.6601,49.29317],[-122.6601,49.29316],[-122.6601,49.29316],[-122.6601,49.29316],[-122.6601,49.29316],[-122.6601,49.29316],[-122.6601,49.29316],[-122.66011,49.29316],[-122.66011,49.29316],[-122.66011,49.29316],[-122.66011,49.29316],[-122.66011,49.29315],[-122.66011,49.29315],[-122.66011,49.29315],[-122.66011,49.29315],[-122.66011,49.29315],[-122.66011,49.29315],[-122.66012,49.29315],[-122.66012,49.29315],[-122.66012,49.29315],[-122.66012,49.29315],[-122.66012,49.29315],[-122.66012,49.29314],[-122.66012,49.29314],[-122.66012,49.29314],[-122.66012,49.29314],[-122.66012,49.29314],[-122.66013,49.29314],[-122.66013,49.29314],[-122.66013,49.29314],[-122.66013,49.29314],[-122.66013,49.29314],[-122.66013,49.29313],[-122.66013,49.29313],[-122.66013,49.29313],[-122.66013,49.29313],[-122.66013,49.29313],[-122.66014,49.29313],[-122.66014,49.29313],[-122.66014,49.29313],[-122.66014,49.29313],[-122.66014,49.29313],[-122.66014,49.29313],[-122.66014,49.29312],[-122.66014,49.29312],[-122.66014,49.29312],[-122.66015,49.29312],[-122.66015,49.29312],[-122.66015,49.29312],[-122.66015,49.29312],[-122.66015,49.29312],[-122.66015,49.29312],[-122.66015,49.29312],[-122.66015,49.29312],[-122.66015,49.29311],[-122.66015,49.29311],[-122.66016,49.29311],[-122.66016,49.29311],[-122.66016,49.29311],[-122.66016,49.29311],[-122.66016,49.29311],[-122.66016,49.29311],[-122.66016,49.29311],[-122.66016,49.29311],[-122.66016,49.2931],[-122.66016,49.2931],[-122.66017,49.2931],[-122.66017,49.2931],[-122.66017,49.2931],[-122.66017,49.2931],[-122.66017,49.2931],[-122.66017,49.2931],[-122.66017,49.2931],[-122.66017,49.2931],[-122.66017,49.2931],[-122.66017,49.29309],[-122.66018,49.29309],[-122.66018,49.29309],[-122.66018,49.29309],[-122.66018,49.29309],[-122.66018,49.29309],[-122.66018,49.29309],[-122.66018,49.29309],[-122.66018,49.29309],[-122.66018,49.29309],[-122.66019,49.29309],[-122.66019,49.29308],[-122.66019,49.29308],[-122.66019,49.29308],[-122.66019,49.29308],[-122.66019,49.29308],[-122.66019,49.29308],[-122.66019,49.29308],[-122.66019,49.29308],[-122.66019,49.29308],[-122.6602,49.29308],[-122.6602,49.29307],[-122.6602,49.29307],[-122.6602,49.29307],[-122.6602,49.29307],[-122.6602,49.29307],[-122.6602,49.29307],[-122.6602,49.29307],[-122.6602,49.29307],[-122.6602,49.29307],[-122.66021,49.29307],[-122.66021,49.29307],[-122.66021,49.29306],[-122.66021,49.29306],[-122.66021,49.29306],[-122.66021,49.29306],[-122.66021,49.29306],[-122.66021,49.29306],[-122.66021,49.29306],[-122.66022,49.29306],[-122.66022,49.29306],[-122.66022,49.29306],[-122.66022,49.29306],[-122.66022,49.29305],[-122.66022,49.29305],[-122.66022,49.29305],[-122.66022,49.29305],[-122.66022,49.29305],[-122.66022,49.29305],[-122.66023,49.29305],[-122.66023,49.29305],[-122.66023,49.29305],[-122.66023,49.29305],[-122.66023,49.29305],[-122.66023,49.29304],[-122.66023,49.29304],[-122.66023,49.29304],[-122.66023,49.29304],[-122.66024,49.29304],[-122.66024,49.29304],[-122.66024,49.29304],[-122.66024,49.29304],[-122.66024,49.29304],[-122.66024,49.29304],[-122.66024,49.29303],[-122.66024,49.29303],[-122.66024,49.29303],[-122.66024,49.29303],[-122.66025,49.29303],[-122.66025,49.29303],[-122.66025,49.29303],[-122.66025,49.29303],[-122.66025,49.29303],[-122.66025,49.29303],[-122.66025,49.29303],[-122.66025,49.29302],[-122.66025,49.29302],[-122.66026,49.29302],[-122.66026,49.29302],[-122.66026,49.29302],[-122.66026,49.29302],[-122.66026,49.29302],[-122.66026,49.29302],[-122.66026,49.29302],[-122.66026,49.29302],[-122.66026,49.29302],[-122.66027,49.29301],[-122.66027,49.29301],[-122.66027,49.29301],[-122.66027,49.29301],[-122.66027,49.29301],[-122.66027,49.29301],[-122.66027,49.29301],[-122.66027,49.29301],[-122.66027,49.29301],[-122.66027,49.29301],[-122.66028,49.29301],[-122.66028,49.293],[-122.66028,49.293],[-122.66028,49.293],[-122.66028,49.293],[-122.66028,49.293],[-122.66028,49.293],[-122.66028,49.293],[-122.66028,49.293],[-122.66029,49.293],[-122.66029,49.293],[-122.66029,49.293],[-122.66029,49.29299],[-122.66029,49.29299],[-122.66029,49.29299],[-122.66029,49.29299],[-122.66029,49.29299],[-122.66029,49.29299],[-122.66029,49.29299],[-122.6603,49.29299],[-122.6603,49.29299],[-122.6603,49.29299],[-122.6603,49.29299],[-122.6603,49.29298],[-122.6603,49.29298],[-122.6603,49.29298],[-122.6603,49.29298],[-122.6603,49.29298],[-122.66031,49.29298],[-122.66031,49.29298],[-122.66031,49.29298],[-122.66031,49.29298],[-122.66031,49.29298],[-122.66031,49.29298],[-122.66031,49.29297],[-122.66031,49.29297],[-122.66031,49.29297],[-122.66032,49.29297],[-122.66032,49.29297],[-122.66032,49.29297],[-122.66032,49.29297],[-122.66032,49.29297],[-122.66032,49.29297],[-122.66032,49.29297],[-122.66032,49.29297],[-122.66032,49.29296],[-122.66033,49.29296],[-122.66033,49.29296],[-122.66033,49.29296],[-122.66033,49.29296],[-122.66033,49.29296],[-122.66033,49.29296],[-122.66033,49.29296],[-122.66033,49.29296],[-122.66033,49.29296],[-122.66033,49.29296],[-122.66034,49.29295],[-122.66034,49.29295],[-122.66034,49.29295],[-122.66034,49.29295],[-122.66034,49.29295],[-122.66034,49.29295],[-122.66034,49.29295],[-122.66034,49.29295],[-122.66034,49.29295],[-122.66035,49.29295],[-122.66035,49.29295],[-122.66035,49.29294],[-122.66035,49.29294],[-122.66035,49.29294],[-122.66035,49.29294],[-122.66035,49.29294],[-122.66035,49.29294],[-122.66035,49.29294],[-122.66036,49.29294],[-122.66036,49.29294],[-122.66036,49.29294],[-122.66036,49.29294],[-122.66036,49.29293],[-122.66036,49.29293],[-122.66036,49.29293],[-122.66036,49.29293],[-122.66036,49.29293],[-122.66037,49.29293],[-122.66037,49.29293],[-122.66037,49.29293],[-122.66037,49.29293],[-122.66037,49.29293],[-122.66037,49.29293],[-122.66037,49.29293],[-122.66037,49.29292],[-122.66037,49.29292],[-122.66038,49.29292],[-122.66038,49.29292],[-122.66038,49.29292],[-122.66038,49.29292],[-122.66038,49.29292],[-122.66038,49.29292],[-122.66038,49.29292],[-122.66038,49.29292],[-122.66038,49.29292],[-122.66039,49.29291],[-122.66039,49.29291],[-122.66039,49.29291],[-122.66039,49.29291],[-122.66039,49.29291],[-122.66039,49.29291],[-122.66039,49.29291],[-122.66039,49.29291],[-122.66039,49.29291],[-122.6604,49.29291],[-122.6604,49.29291],[-122.6604,49.2929],[-122.6604,49.2929],[-122.6604,49.2929],[-122.6604,49.2929],[-122.6604,49.2929],[-122.6604,49.2929],[-122.6604,49.2929],[-122.66041,49.2929],[-122.66041,49.2929],[-122.66041,49.2929],[-122.66041,49.2929],[-122.66041,49.29289],[-122.66041,49.29289],[-122.66041,49.29289],[-122.66041,49.29289],[-122.66041,49.29289],[-122.66042,49.29289],[-122.66042,49.29289],[-122.66042,49.29289],[-122.66042,49.29289],[-122.66042,49.29289],[-122.66042,49.29289],[-122.66042,49.29288],[-122.66042,49.29288],[-122.66042,49.29288],[-122.66043,49.29288],[-122.66043,49.29288],[-122.66043,49.29288],[-122.66043,49.29288],[-122.66043,49.29288],[-122.66043,49.29288],[-122.66043,49.29288],[-122.66043,49.29288],[-122.66043,49.29288],[-122.66044,49.29287],[-122.66044,49.29287],[-122.66044,49.29287],[-122.66044,49.29287],[-122.66044,49.29287],[-122.66044,49.29287],[-122.66044,49.29287],[-122.66044,49.29287],[-122.66044,49.29287],[-122.66045,49.29287],[-122.66045,49.29287],[-122.66045,49.29286],[-122.66045,49.29286],[-122.66045,49.29286],[-122.66045,49.29286],[-122.66045,49.29286],[-122.66045,49.29286],[-122.66045,49.29286],[-122.66046,49.29286],[-122.66046,49.29286],[-122.66046,49.29286],[-122.66046,49.29286],[-122.66046,49.29286],[-122.66046,49.29285],[-122.66046,49.29285],[-122.66046,49.29285],[-122.66046,49.29285],[-122.66047,49.29285],[-122.66047,49.29285],[-122.66047,49.29285],[-122.66047,49.29285],[-122.66047,49.29285],[-122.66047,49.29285],[-122.66047,49.29285],[-122.66047,49.29284],[-122.66047,49.29284],[-122.66048,49.29284],[-122.66048,49.29284],[-122.66048,49.29284],[-122.66048,49.29284],[-122.66048,49.29284],[-122.66048,49.29284],[-122.66048,49.29284],[-122.66048,49.29284],[-122.66048,49.29284],[-122.66049,49.29283],[-122.66049,49.29283],[-122.66049,49.29283],[-122.66049,49.29283],[-122.66049,49.29283],[-122.66049,49.29283],[-122.66049,49.29283],[-122.66049,49.29283],[-122.6605,49.29283],[-122.6605,49.29283],[-122.6605,49.29283],[-122.6605,49.29283],[-122.6605,49.29282],[-122.6605,49.29282],[-122.6605,49.29282],[-122.6605,49.29282],[-122.6605,49.29282],[-122.66051,49.29282],[-122.66051,49.29282],[-122.66051,49.29282],[-122.66051,49.29282],[-122.66051,49.29282],[-122.66051,49.29282],[-122.66051,49.29281],[-122.66051,49.29281],[-122.66051,49.29281],[-122.66052,49.29281],[-122.66052,49.29281],[-122.66052,49.29281],[-122.66052,49.29281],[-122.66052,49.29281],[-122.66052,49.29281],[-122.66052,49.29281],[-122.66052,49.29281],[-122.66052,49.29281],[-122.66053,49.2928],[-122.66053,49.2928],[-122.66053,49.2928],[-122.66053,49.2928],[-122.66053,49.2928],[-122.66053,49.2928],[-122.66053,49.2928],[-122.66053,49.2928],[-122.66053,49.2928],[-122.66054,49.2928],[-122.66054,49.2928],[-122.66054,49.29279],[-122.66054,49.29279],[-122.66054,49.29279],[-122.66054,49.29279],[-122.66054,49.29279],[-122.66054,49.29279],[-122.66055,49.29279],[-122.66055,49.29279],[-122.66055,49.29279],[-122.66055,49.29279],[-122.66055,49.29279],[-122.66055,49.29279],[-122.66055,49.29278],[-122.66055,49.29278],[-122.66055,49.29278],[-122.66056,49.29278],[-122.66056,49.29278],[-122.66056,49.29278],[-122.66056,49.29278],[-122.66056,49.29278],[-122.66056,49.29278],[-122.66056,49.29278],[-122.66056,49.29278],[-122.66056,49.29278],[-122.66057,49.29277],[-122.66057,49.29277],[-122.66057,49.29277],[-122.66057,49.29277],[-122.66057,49.29277],[-122.66057,49.29277],[-122.66057,49.29277],[-122.66057,49.29277],[-122.66058,49.29277],[-122.66058,49.29277],[-122.66058,49.29277],[-122.66058,49.29276],[-122.66058,49.29276],[-122.66058,49.29276],[-122.66058,49.29276],[-122.66058,49.29276],[-122.66058,49.29276],[-122.66059,49.29276],[-122.66059,49.29276],[-122.66059,49.29276],[-122.66059,49.29276],[-122.66059,49.29276],[-122.66059,49.29276],[-122.66059,49.29275],[-122.66059,49.29275],[-122.6606,49.29275],[-122.6606,49.29275],[-122.6606,49.29275],[-122.6606,49.29275],[-122.6606,49.29275],[-122.6606,49.29275],[-122.6606,49.29275],[-122.6606,49.29275],[-122.6606,49.29275],[-122.66061,49.29275],[-122.66061,49.29274],[-122.66061,49.29274],[-122.66061,49.29274],[-122.66061,49.29274],[-122.66061,49.29274],[-122.66061,49.29274],[-122.66061,49.29274],[-122.66061,49.29274],[-122.66062,49.29274],[-122.66062,49.29274],[-122.66062,49.29274],[-122.66062,49.29273],[-122.66062,49.29273],[-122.66062,49.29273],[-122.66062,49.29273],[-122.66062,49.29273],[-122.66063,49.29273],[-122.66063,49.29273],[-122.66063,49.29273],[-122.66063,49.29273],[-122.66063,49.29273],[-122.66063,49.29273],[-122.66063,49.29273],[-122.66063,49.29272],[-122.66063,49.29272],[-122.66064,49.29272],[-122.66064,49.29272],[-122.66064,49.29272],[-122.66064,49.29272],[-122.66064,49.29272],[-122.66064,49.29272],[-122.66064,49.29272],[-122.66064,49.29272],[-122.66065,49.29272],[-122.66065,49.29272],[-122.66065,49.29271],[-122.66065,49.29271],[-122.66065,49.29271],[-122.66065,49.29271],[-122.66065,49.29271],[-122.66065,49.29271],[-122.66065,49.29271],[-122.66066,49.29271],[-122.66066,49.29271],[-122.66066,49.29271],[-122.66066,49.29271],[-122.66066,49.29271],[-122.66066,49.2927],[-122.66066,49.2927],[-122.66066,49.2927],[-122.66067,49.2927],[-122.66067,49.2927],[-122.66067,49.2927],[-122.66067,49.2927],[-122.66067,49.2927],[-122.66067,49.2927],[-122.66067,49.2927],[-122.66067,49.2927],[-122.66067,49.2927],[-122.66068,49.29269],[-122.66068,49.29269],[-122.66068,49.29269],[-122.66068,49.29269],[-122.66068,49.29269],[-122.66068,49.29269],[-122.66068,49.29269],[-122.66068,49.29269],[-122.66069,49.29269],[-122.66069,49.29269],[-122.66069,49.29269],[-122.66069,49.29269],[-122.66069,49.29268],[-122.66069,49.29268],[-122.66069,49.29268],[-122.66069,49.29268],[-122.66069,49.29268],[-122.6607,49.29268],[-122.6607,49.29268],[-122.6607,49.29268],[-122.6607,49.29268],[-122.6607,49.29268],[-122.6607,49.29268],[-122.6607,49.29268],[-122.6607,49.29267],[-122.66071,49.29267],[-122.66071,49.29267],[-122.66071,49.29267],[-122.66071,49.29267],[-122.66071,49.29267],[-122.66071,49.29267],[-122.66071,49.29267],[-122.66071,49.29267],[-122.66072,49.29267],[-122.66072,49.29267],[-122.66072,49.29267],[-122.66072,49.29266],[-122.66072,49.29266],[-122.66072,49.29266],[-122.66072,49.29266],[-122.66072,49.29266],[-122.66072,49.29266],[-122.66073,49.29266],[-122.66073,49.29266],[-122.66073,49.29266],[-122.66073,49.29266],[-122.66073,49.29266],[-122.66073,49.29266],[-122.66073,49.29265],[-122.66073,49.29265],[-122.66074,49.29265],[-122.66074,49.29265],[-122.66074,49.29265],[-122.66074,49.29265],[-122.66074,49.29265],[-122.66074,49.29265],[-122.66074,49.29265],[-122.66074,49.29265],[-122.66075,49.29265],[-122.66075,49.29265],[-122.66075,49.29264],[-122.66075,49.29264],[-122.66075,49.29264],[-122.66075,49.29264],[-122.66075,49.29264],[-122.66075,49.29264],[-122.66075,49.29264],[-122.66076,49.29264],[-122.66076,49.29264],[-122.66076,49.29264],[-122.66076,49.29264],[-122.66076,49.29264],[-122.66076,49.29263],[-122.66076,49.29263],[-122.66076,49.29263],[-122.66077,49.29263],[-122.66077,49.29263],[-122.66077,49.29263],[-122.66077,49.29263],[-122.66077,49.29263],[-122.66077,49.29263],[-122.66077,49.29263],[-122.66077,49.29263],[-122.66078,49.29263],[-122.66078,49.29262],[-122.66078,49.29262],[-122.66078,49.29262],[-122.66078,49.29262],[-122.66078,49.29262],[-122.66078,49.29262],[-122.66078,49.29262],[-122.66078,49.29262],[-122.66079,49.29262],[-122.66079,49.29262],[-122.66079,49.29262],[-122.66079,49.29262],[-122.66079,49.29261],[-122.66079,49.29261],[-122.66079,49.29261],[-122.66079,49.29261],[-122.6608,49.29261],[-122.6608,49.29261],[-122.6608,49.29261],[-122.6608,49.29261],[-122.6608,49.29261],[-122.6608,49.29261],[-122.6608,49.29261],[-122.6608,49.29261],[-122.66081,49.2926],[-122.66081,49.2926],[-122.66081,49.2926],[-122.66081,49.2926],[-122.66081,49.2926],[-122.66081,49.2926],[-122.66081,49.2926],[-122.66081,49.2926],[-122.66082,49.2926],[-122.66082,49.2926],[-122.66082,49.2926],[-122.66082,49.2926],[-122.66082,49.29259],[-122.66082,49.29259],[-122.66082,49.29259],[-122.66082,49.29259],[-122.66082,49.29259],[-122.66083,49.29259],[-122.66083,49.29259],[-122.66083,49.29259],[-122.66083,49.29259],[-122.66083,49.29259],[-122.66083,49.29259],[-122.66083,49.29259],[-122.66083,49.29259],[-122.66084,49.29258],[-122.66084,49.29258],[-122.66084,49.29258],[-122.66084,49.29258],[-122.66084,49.29258],[-122.66084,49.29258],[-122.66084,49.29258],[-122.66084,49.29258],[-122.66085,49.29258],[-122.66085,49.29258],[-122.66085,49.29258],[-122.66085,49.29258],[-122.66085,49.29257],[-122.66085,49.29257],[-122.66085,49.29257],[-122.66085,49.29257],[-122.66086,49.29257],[-122.66086,49.29257],[-122.66086,49.29257],[-122.66086,49.29257],[-122.66086,49.29257],[-122.66086,49.29257],[-122.66086,49.29257],[-122.66086,49.29257],[-122.66087,49.29256],[-122.66087,49.29256],[-122.66087,49.29256],[-122.66087,49.29256],[-122.66087,49.29256],[-122.66087,49.29256],[-122.66087,49.29256],[-122.66087,49.29256],[-122.66087,49.29256],[-122.66088,49.29256],[-122.66088,49.29256],[-122.66088,49.29256],[-122.66088,49.29255],[-122.66088,49.29255],[-122.66088,49.29255],[-122.66088,49.29255],[-122.66088,49.29255],[-122.66089,49.29255],[-122.66089,49.29255],[-122.66089,49.29255],[-122.66089,49.29255],[-122.66089,49.29255],[-122.66089,49.29255],[-122.66089,49.29255],[-122.66089,49.29255],[-122.6609,49.29254],[-122.6609,49.29254],[-122.6609,49.29254],[-122.6609,49.29254],[-122.6609,49.29254],[-122.6609,49.29254],[-122.6609,49.29254],[-122.6609,49.29254],[-122.66091,49.29254],[-122.66091,49.29254],[-122.66091,49.29254],[-122.66091,49.29254],[-122.66091,49.29253],[-122.66091,49.29253],[-122.66091,49.29253],[-122.66091,49.29253],[-122.66092,49.29253],[-122.66092,49.29253],[-122.66092,49.29253],[-122.66092,49.29253],[-122.66092,49.29253],[-122.66092,49.29253],[-122.66092,49.29253],[-122.66092,49.29253],[-122.66093,49.29252],[-122.66093,49.29252],[-122.66093,49.29252],[-122.66093,49.29252],[-122.66093,49.29252],[-122.66093,49.29252],[-122.66093,49.29252],[-122.66093,49.29252],[-122.66094,49.29252],[-122.66094,49.29252],[-122.66094,49.29252],[-122.66094,49.29252],[-122.66094,49.29252],[-122.66094,49.29251],[-122.66094,49.29251],[-122.66094,49.29251],[-122.66095,49.29251],[-122.66095,49.29251],[-122.66095,49.29251],[-122.66095,49.29251],[-122.66095,49.29251],[-122.66095,49.29251],[-122.66095,49.29251],[-122.66095,49.29251],[-122.66096,49.29251],[-122.66096,49.2925],[-122.66096,49.2925],[-122.66096,49.2925],[-122.66096,49.2925],[-122.66096,49.2925],[-122.66096,49.2925],[-122.66096,49.2925],[-122.66097,49.2925],[-122.66097,49.2925],[-122.66097,49.2925],[-122.66097,49.2925],[-122.66097,49.2925],[-122.66097,49.2925],[-122.66097,49.29249],[-122.66097,49.29249],[-122.66098,49.29249],[-122.66098,49.29249],[-122.66098,49.29249],[-122.66098,49.29249],[-122.66098,49.29249],[-122.66098,49.29249],[-122.66098,49.29249],[-122.66098,49.29249],[-122.66099,49.29249],[-122.66099,49.29249],[-122.66099,49.29248],[-122.66099,49.29248],[-122.66099,49.29248],[-122.66099,49.29248],[-122.66099,49.29248],[-122.66099,49.29248],[-122.661,49.29248],[-122.661,49.29248],[-122.661,49.29248],[-122.661,49.29248],[-122.661,49.29248],[-122.661,49.29248],[-122.661,49.29248],[-122.661,49.29247],[-122.66101,49.29247],[-122.66101,49.29247],[-122.66101,49.29247],[-122.66101,49.29247],[-122.66101,49.29247],[-122.66101,49.29247],[-122.66101,49.29247],[-122.66101,49.29247],[-122.66102,49.29247],[-122.66102,49.29247],[-122.66102,49.29247],[-122.66102,49.29247],[-122.66102,49.29246],[-122.66102,49.29246],[-122.66102,49.29246],[-122.66102,49.29246],[-122.66103,49.29246],[-122.66103,49.29246],[-122.66103,49.29246],[-122.66103,49.29246],[-122.66103,49.29246],[-122.66103,49.29246],[-122.66103,49.29246],[-122.66103,49.29246],[-122.66104,49.29245],[-122.66104,49.29245],[-122.66104,49.29245],[-122.66104,49.29245],[-122.66104,49.29245],[-122.66104,49.29245],[-122.66104,49.29245],[-122.66104,49.29245],[-122.66105,49.29245],[-122.66105,49.29245],[-122.66105,49.29245],[-122.66105,49.29245],[-122.66105,49.29245],[-122.66105,49.29244],[-122.66105,49.29244],[-122.66105,49.29244],[-122.66106,49.29244],[-122.66106,49.29244],[-122.66106,49.29244],[-122.66106,49.29244],[-122.66106,49.29244],[-122.66106,49.29244],[-122.66106,49.29244],[-122.66106,49.29244],[-122.66107,49.29244],[-122.66107,49.29244],[-122.66107,49.29243],[-122.66107,49.29243],[-122.66107,49.29243],[-122.66107,49.29243],[-122.66107,49.29243],[-122.66107,49.29243],[-122.66108,49.29243],[-122.66108,49.29243],[-122.66108,49.29243],[-122.66108,49.29243],[-122.66108,49.29243],[-122.66108,49.29243],[-122.66108,49.29242],[-122.66108,49.29242],[-122.66109,49.29242],[-122.66109,49.29242],[-122.66109,49.29242],[-122.66109,49.29242],[-122.66109,49.29242],[-122.66109,49.29242],[-122.66109,49.29242],[-122.6611,49.29242],[-122.6611,49.29242],[-122.6611,49.29242],[-122.6611,49.29242],[-122.6611,49.29241],[-122.6611,49.29241],[-122.6611,49.29241],[-122.6611,49.29241],[-122.66111,49.29241],[-122.66111,49.29241],[-122.66111,49.29241],[-122.66111,49.29241],[-122.66111,49.29241],[-122.66111,49.29241],[-122.66111,49.29241],[-122.66111,49.29241],[-122.66112,49.29241],[-122.66112,49.2924],[-122.66112,49.2924],[-122.66112,49.2924],[-122.66112,49.2924],[-122.66112,49.2924],[-122.66112,49.2924],[-122.66112,49.2924],[-122.66113,49.2924],[-122.66113,49.2924],[-122.66113,49.2924],[-122.66113,49.2924],[-122.66113,49.2924],[-122.66113,49.2924],[-122.66113,49.29239],[-122.66113,49.29239],[-122.66114,49.29239],[-122.66114,49.29239],[-122.66114,49.29239],[-122.66114,49.29239],[-122.66114,49.29239],[-122.66114,49.29239],[-122.66114,49.29239],[-122.66114,49.29239],[-122.66115,49.29239],[-122.66115,49.29239],[-122.66115,49.29239],[-122.66115,49.29238],[-122.66115,49.29238],[-122.66115,49.29238],[-122.66115,49.29238],[-122.66116,49.29238],[-122.66116,49.29238],[-122.66116,49.29238],[-122.66116,49.29238],[-122.66116,49.29238],[-122.66116,49.29238],[-122.66116,49.29238],[-122.66116,49.29238],[-122.66117,49.29237],[-122.66117,49.29237],[-122.66117,49.29237],[-122.66117,49.29237],[-122.66117,49.29237],[-122.66117,49.29237],[-122.66117,49.29237],[-122.66117,49.29237],[-122.66118,49.29237],[-122.66118,49.29237],[-122.66118,49.29237],[-122.66118,49.29237],[-122.66118,49.29237],[-122.66118,49.29236],[-122.66118,49.29236],[-122.66118,49.29236],[-122.66119,49.29236],[-122.66119,49.29236],[-122.66119,49.29236],[-122.66119,49.29236],[-122.66119,49.29236],[-122.66119,49.29236],[-122.66119,49.29236],[-122.66119,49.29236],[-122.6612,49.29236],[-122.6612,49.29236],[-122.6612,49.29235],[-122.6612,49.29235],[-122.6612,49.29235],[-122.6612,49.29235],[-122.6612,49.29235],[-122.66121,49.29235],[-122.66121,49.29235],[-122.66121,49.29235],[-122.66121,49.29235],[-122.66121,49.29235],[-122.66121,49.29235],[-122.66121,49.29235],[-122.66121,49.29235],[-122.66122,49.29234],[-122.66122,49.29234],[-122.66122,49.29234],[-122.66122,49.29234],[-122.66122,49.29234],[-122.66122,49.29234],[-122.66122,49.29234],[-122.66122,49.29234],[-122.66123,49.29234],[-122.66123,49.29234],[-122.66123,49.29234],[-122.66123,49.29234],[-122.66123,49.29234],[-122.66123,49.29233],[-122.66123,49.29233],[-122.66123,49.29233],[-122.66124,49.29233],[-122.66124,49.29233],[-122.66124,49.29233],[-122.66124,49.29233],[-122.66124,49.29233],[-122.66124,49.29233],[-122.66124,49.29233],[-122.66125,49.29233],[-122.66125,49.29233],[-122.66125,49.29233],[-122.66125,49.29232],[-122.66125,49.29232],[-122.66125,49.29232],[-122.66125,49.29232],[-122.66125,49.29232],[-122.66126,49.29232],[-122.66126,49.29232],[-122.66126,49.29232],[-122.66126,49.29232],[-122.66126,49.29232],[-122.66126,49.29232],[-122.66126,49.29232],[-122.66126,49.29232],[-122.66127,49.29231],[-122.66127,49.29231],[-122.66127,49.29231],[-122.66127,49.29231],[-122.66127,49.29231],[-122.66127,49.29231],[-122.66127,49.29231],[-122.66128,49.29231],[-122.66128,49.29231],[-122.66128,49.29231],[-122.66128,49.29231],[-122.66128,49.29231],[-122.66128,49.29231],[-122.66128,49.2923],[-122.66128,49.2923],[-122.66129,49.2923],[-122.66129,49.2923],[-122.66129,49.2923],[-122.66129,49.2923],[-122.66129,49.2923],[-122.66129,49.2923],[-122.66129,49.2923],[-122.66129,49.2923],[-122.6613,49.2923],[-122.6613,49.2923],[-122.6613,49.2923],[-122.6613,49.29229],[-122.6613,49.29229],[-122.6613,49.29229],[-122.6613,49.29229],[-122.66131,49.29229],[-122.66131,49.29229],[-122.66131,49.29229],[-122.66131,49.29229],[-122.66131,49.29229],[-122.66131,49.29229],[-122.66131,49.29229],[-122.66131,49.29229],[-122.66132,49.29229],[-122.66132,49.29229],[-122.66132,49.29228],[-122.66132,49.29228],[-122.66132,49.29228],[-122.66132,49.29228],[-122.66132,49.29228],[-122.66132,49.29228],[-122.66133,49.29228],[-122.66133,49.29228],[-122.66133,49.29228],[-122.66133,49.29228],[-122.66133,49.29228],[-122.66133,49.29228],[-122.66133,49.29228],[-122.66134,49.29227],[-122.66134,49.29227],[-122.66134,49.29227],[-122.66134,49.29227],[-122.66134,49.29227],[-122.66134,49.29227],[-122.66134,49.29227],[-122.66134,49.29227],[-122.66135,49.29227],[-122.66135,49.29227],[-122.66135,49.29227],[-122.66135,49.29227],[-122.66135,49.29227],[-122.66135,49.29226],[-122.66135,49.29226],[-122.66136,49.29226],[-122.66136,49.29226],[-122.66136,49.29226],[-122.66136,49.29226],[-122.66136,49.29226],[-122.66136,49.29226],[-122.66136,49.29226],[-122.66136,49.29226],[-122.66137,49.29226],[-122.66137,49.29226],[-122.66137,49.29226],[-122.66137,49.29225],[-122.66137,49.29225],[-122.66137,49.29225],[-122.66137,49.29225],[-122.66137,49.29225],[-122.66138,49.29225],[-122.66138,49.29225],[-122.66138,49.29225],[-122.66138,49.29225],[-122.66138,49.29225],[-122.66138,49.29225],[-122.66138,49.29225],[-122.66139,49.29225],[-122.66139,49.29224],[-122.66139,49.29224],[-122.66139,49.29224],[-122.66139,49.29224],[-122.66139,49.29224],[-122.66139,49.29224],[-122.66139,49.29224],[-122.6614,49.29224],[-122.6614,49.29224],[-122.6614,49.29224],[-122.6614,49.29224],[-122.6614,49.29224],[-122.6614,49.29224],[-122.6614,49.29224],[-122.66141,49.29223],[-122.66141,49.29223],[-122.66141,49.29223],[-122.66141,49.29223],[-122.66141,49.29223],[-122.66141,49.29223],[-122.66141,49.29223],[-122.66141,49.29223],[-122.66142,49.29223],[-122.66142,49.29223],[-122.66142,49.29223],[-122.66142,49.29223],[-122.66142,49.29223],[-122.66142,49.29222],[-122.66142,49.29222],[-122.66142,49.29222],[-122.66143,49.29222],[-122.66143,49.29222],[-122.66143,49.29222],[-122.66143,49.29222],[-122.66143,49.29222],[-122.66143,49.29222],[-122.66143,49.29222],[-122.66144,49.29222],[-122.66144,49.29222],[-122.66144,49.29222],[-122.66144,49.29221],[-122.66144,49.29221],[-122.66144,49.29221],[-122.66144,49.29221],[-122.66144,49.29221],[-122.66145,49.29221],[-122.66145,49.29221],[-122.66145,49.29221],[-122.66145,49.29221],[-122.66145,49.29221],[-122.66145,49.29221],[-122.66145,49.29221],[-122.66146,49.29221],[-122.66146,49.29221],[-122.66146,49.2922],[-122.66146,49.2922],[-122.66146,49.2922],[-122.66146,49.2922],[-122.66146,49.2922],[-122.66146,49.2922],[-122.66147,49.2922],[-122.66147,49.2922],[-122.66147,49.2922],[-122.66147,49.2922],[-122.66147,49.2922],[-122.66147,49.2922],[-122.66147,49.2922],[-122.66148,49.29219],[-122.66148,49.29219],[-122.66148,49.29219],[-122.66148,49.29219],[-122.66148,49.29219],[-122.66148,49.29219],[-122.66148,49.29219],[-122.66148,49.29219],[-122.66149,49.29219],[-122.66149,49.29219],[-122.66149,49.29219],[-122.66149,49.29219],[-122.66149,49.29219],[-122.66149,49.29218],[-122.66149,49.29218],[-122.6615,49.29218],[-122.6615,49.29218],[-122.6615,49.29218],[-122.6615,49.29218],[-122.6615,49.29218],[-122.6615,49.29218],[-122.6615,49.29218],[-122.6615,49.29218],[-122.66151,49.29218],[-122.66151,49.29218],[-122.66151,49.29218],[-122.66151,49.29218],[-122.66151,49.29217],[-122.66151,49.29217],[-122.66151,49.29217],[-122.66152,49.29217],[-122.66152,49.29217],[-122.66152,49.29217],[-122.66152,49.29217],[-122.66152,49.29217],[-122.66152,49.29217],[-122.66152,49.29217],[-122.66152,49.29217],[-122.66153,49.29217],[-122.66153,49.29217],[-122.66153,49.29216],[-122.66153,49.29216],[-122.66153,49.29216],[-122.66153,49.29216],[-122.66153,49.29216],[-122.66154,49.29216],[-122.66154,49.29216],[-122.66154,49.29216],[-122.66154,49.29216],[-122.66154,49.29216],[-122.66154,49.29216],[-122.66154,49.29216],[-122.66154,49.29216],[-122.66155,49.29216],[-122.66155,49.29215],[-122.66155,49.29215],[-122.66155,49.29215],[-122.66155,49.29215],[-122.66155,49.29215],[-122.66155,49.29215],[-122.66156,49.29215],[-122.66156,49.29215],[-122.66156,49.29215],[-122.66156,49.29215],[-122.66156,49.29215],[-122.66156,49.29215],[-122.66156,49.29215],[-122.66156,49.29214],[-122.66157,49.29214],[-122.66157,49.29214],[-122.66157,49.29214],[-122.66157,49.29214],[-122.66157,49.29214],[-122.66157,49.29214],[-122.66157,49.29214],[-122.66158,49.29214],[-122.66158,49.29214],[-122.66158,49.29214],[-122.66158,49.29214],[-122.66158,49.29214],[-122.66158,49.29214],[-122.66158,49.29213],[-122.66158,49.29213],[-122.66159,49.29213],[-122.66159,49.29213],[-122.66159,49.29213],[-122.66159,49.29213],[-122.66159,49.29213],[-122.66159,49.29213],[-122.66159,49.29213],[-122.6616,49.29213],[-122.6616,49.29213],[-122.6616,49.29213],[-122.6616,49.29213],[-122.6616,49.29213],[-122.6616,49.29212],[-122.6616,49.29212],[-122.66161,49.29212],[-122.66161,49.29212],[-122.66161,49.29212],[-122.66161,49.29212],[-122.66161,49.29212],[-122.66161,49.29212],[-122.66161,49.29212],[-122.66161,49.29212],[-122.66162,49.29212],[-122.66162,49.29212],[-122.66162,49.29212],[-122.66162,49.29211],[-122.66162,49.29211],[-122.66162,49.29211],[-122.66162,49.29211],[-122.66163,49.29211],[-122.66163,49.29211],[-122.66163,49.29211],[-122.66163,49.29211],[-122.66163,49.29211],[-122.66163,49.29211],[-122.66163,49.29211],[-122.66163,49.29211],[-122.66164,49.29211],[-122.66164,49.29211],[-122.66164,49.2921],[-122.66164,49.2921],[-122.66164,49.2921],[-122.66164,49.2921],[-122.66164,49.2921],[-122.66165,49.2921],[-122.66165,49.2921],[-122.66165,49.2921],[-122.66165,49.2921],[-122.66165,49.2921],[-122.66165,49.2921],[-122.66165,49.2921],[-122.66166,49.2921],[-122.66166,49.29209],[-122.66166,49.29209],[-122.66166,49.29209],[-122.66166,49.29209],[-122.66166,49.29209],[-122.66166,49.29209],[-122.66166,49.29209],[-122.66167,49.29209],[-122.66167,49.29209],[-122.66167,49.29209],[-122.66167,49.29209],[-122.66167,49.29209],[-122.66167,49.29209],[-122.66167,49.29209],[-122.66168,49.29208],[-122.66168,49.29208],[-122.66168,49.29208],[-122.66168,49.29208],[-122.66168,49.29208],[-122.66168,49.29208],[-122.66168,49.29208],[-122.66168,49.29208],[-122.66169,49.29208],[-122.66169,49.29208],[-122.66169,49.29208],[-122.66169,49.29208],[-122.66169,49.29208],[-122.66169,49.29208],[-122.66169,49.29207],[-122.6617,49.29207],[-122.6617,49.29207],[-122.6617,49.29207],[-122.6617,49.29207],[-122.6617,49.29207],[-122.6617,49.29207],[-122.6617,49.29207],[-122.66171,49.29207],[-122.66171,49.29207],[-122.66171,49.29207],[-122.66171,49.29207],[-122.66171,49.29207],[-122.66171,49.29207],[-122.66171,49.29206],[-122.66171,49.29206],[-122.66172,49.29206],[-122.66172,49.29206],[-122.66172,49.29206],[-122.66172,49.29206],[-122.66172,49.29206],[-122.66172,49.29206],[-122.66172,49.29206],[-122.66173,49.29206],[-122.66173,49.29206],[-122.66173,49.29206],[-122.66173,49.29206],[-122.66173,49.29205],[-122.66173,49.29205],[-122.66173,49.29205],[-122.66174,49.29205],[-122.66174,49.29205],[-122.66174,49.29205],[-122.66174,49.29205],[-122.66174,49.29205],[-122.66174,49.29205],[-122.66174,49.29205],[-122.66174,49.29205],[-122.66175,49.29205],[-122.66175,49.29205],[-122.66175,49.29205],[-122.66175,49.29204],[-122.66175,49.29204],[-122.66175,49.29204],[-122.66175,49.29204],[-122.66176,49.29204],[-122.66176,49.29204],[-122.66176,49.29204],[-122.66176,49.29204],[-122.66176,49.29204],[-122.66176,49.29204],[-122.66176,49.29204],[-122.66177,49.29204],[-122.66177,49.29204],[-122.66177,49.29204],[-122.66177,49.29203],[-122.66177,49.29203],[-122.66177,49.29203],[-122.66177,49.29203],[-122.66177,49.29203],[-122.66178,49.29203],[-122.66178,49.29203],[-122.66178,49.29203],[-122.66178,49.29203],[-122.66178,49.29203],[-122.66178,49.29203],[-122.66178,49.29203],[-122.66179,49.29203],[-122.66179,49.29203],[-122.66179,49.29202],[-122.66179,49.29202],[-122.66179,49.29202],[-122.66179,49.29202],[-122.66179,49.29202],[-122.6618,49.29202],[-122.6618,49.29202],[-122.6618,49.29202],[-122.6618,49.29202],[-122.6618,49.29202],[-122.6618,49.29202],[-122.6618,49.29202],[-122.6618,49.29202],[-122.66181,49.29201],[-122.66181,49.29201],[-122.66181,49.29201],[-122.66181,49.29201],[-122.66181,49.29201],[-122.66181,49.29201],[-122.66181,49.29201],[-122.66182,49.29201],[-122.66182,49.29201],[-122.66182,49.29201],[-122.66182,49.29201],[-122.66182,49.29201],[-122.66182,49.29201],[-122.66182,49.29201],[-122.66183,49.292],[-122.66183,49.292],[-122.66183,49.292],[-122.66183,49.292],[-122.66183,49.292],[-122.66183,49.292],[-122.66183,49.292],[-122.66183,49.292],[-122.66184,49.292],[-122.66184,49.292],[-122.66184,49.292],[-122.66184,49.292],[-122.66184,49.292],[-122.66184,49.292],[-122.66184,49.29199],[-122.66185,49.29199],[-122.66185,49.29199],[-122.66185,49.29199],[-122.66185,49.29199],[-122.66185,49.29199],[-122.66185,49.29199],[-122.66185,49.29199],[-122.66186,49.29199],[-122.66186,49.29199],[-122.66186,49.29199],[-122.66186,49.29199],[-122.66186,49.29199],[-122.66186,49.29199],[-122.66186,49.29198],[-122.66186,49.29198],[-122.66187,49.29198],[-122.66187,49.29198],[-122.66187,49.29198],[-122.66187,49.29198],[-122.66187,49.29198],[-122.66187,49.29198],[-122.66187,49.29198],[-122.66188,49.29198],[-122.66188,49.29198],[-122.66188,49.29198],[-122.66188,49.29198],[-122.66188,49.29198],[-122.66188,49.29197],[-122.66188,49.29197],[-122.66189,49.29197],[-122.66189,49.29197],[-122.66189,49.29197],[-122.66189,49.29197],[-122.66189,49.29197],[-122.66189,49.29197],[-122.66189,49.29197],[-122.6619,49.29197],[-122.6619,49.29197],[-122.6619,49.29197],[-122.6619,49.29197],[-122.6619,49.29197],[-122.6619,49.29196],[-122.6619,49.29196],[-122.6619,49.29196],[-122.66191,49.29196],[-122.66191,49.29196],[-122.66191,49.29196],[-122.66191,49.29196],[-122.66191,49.29196],[-122.66191,49.29196],[-122.66191,49.29196],[-122.66192,49.29196],[-122.66192,49.29196],[-122.66192,49.29196],[-122.66192,49.29196],[-122.66192,49.29195],[-122.66192,49.29195],[-122.66192,49.29195],[-122.66193,49.29195],[-122.66193,49.29195],[-122.66193,49.29195],[-122.66193,49.29195],[-122.66193,49.29195],[-122.66193,49.29195],[-122.66193,49.29195],[-122.66194,49.29195],[-122.66194,49.29195],[-122.66194,49.29195],[-122.66194,49.29195],[-122.66194,49.29194],[-122.66194,49.29194],[-122.66194,49.29194],[-122.66194,49.29194],[-122.66195,49.29194],[-122.66195,49.29194],[-122.66195,49.29194],[-122.66195,49.29194],[-122.66195,49.29194],[-122.66195,49.29194],[-122.66195,49.29194],[-122.66196,49.29194],[-122.66196,49.29194],[-122.66196,49.29194],[-122.66196,49.29193],[-122.66196,49.29193],[-122.66196,49.29193],[-122.66196,49.29193],[-122.66197,49.29193],[-122.66197,49.29193],[-122.66197,49.29193],[-122.66197,49.29193],[-122.66197,49.29193],[-122.66197,49.29193],[-122.66197,49.29193],[-122.66198,49.29193],[-122.66198,49.29193],[-122.66198,49.29193],[-122.66198,49.29192],[-122.66198,49.29192],[-122.66198,49.29192],[-122.66198,49.29192],[-122.66198,49.29192],[-122.66199,49.29192],[-122.66199,49.29192],[-122.66199,49.29192],[-122.66199,49.29192],[-122.66199,49.29192],[-122.66199,49.29192],[-122.66199,49.29192],[-122.662,49.29192],[-122.662,49.29192],[-122.662,49.29191],[-122.662,49.29191],[-122.662,49.29191],[-122.662,49.29191],[-122.662,49.29191],[-122.66201,49.29191],[-122.66201,49.29191],[-122.66201,49.29191],[-122.66201,49.29191],[-122.66201,49.29191],[-122.66201,49.29191],[-122.66201,49.29191],[-122.66202,49.29191],[-122.66202,49.29191],[-122.66202,49.2919],[-122.66202,49.2919],[-122.66202,49.2919],[-122.66202,49.2919],[-122.66202,49.2919],[-122.66203,49.2919],[-122.66203,49.2919],[-122.66203,49.2919],[-122.66203,49.2919],[-122.66203,49.2919],[-122.66203,49.2919],[-122.66203,49.2919],[-122.66203,49.2919],[-122.66204,49.2919],[-122.66204,49.29189],[-122.66204,49.29189],[-122.66204,49.29189],[-122.66204,49.29189],[-122.66204,49.29189],[-122.66204,49.29189],[-122.66205,49.29189],[-122.66205,49.29189],[-122.66205,49.29189],[-122.66205,49.29189],[-122.66205,49.29189],[-122.66205,49.29189],[-122.66205,49.29189],[-122.66206,49.29189],[-122.66206,49.29188],[-122.66206,49.29188],[-122.66206,49.29188],[-122.66206,49.29188],[-122.66206,49.29188],[-122.66206,49.29188],[-122.66207,49.29188],[-122.66207,49.29188],[-122.66207,49.29188],[-122.66207,49.29188],[-122.66207,49.29188],[-122.66207,49.29188],[-122.66207,49.29188],[-122.66208,49.29188],[-122.66208,49.29187],[-122.66208,49.29187],[-122.66208,49.29187],[-122.66208,49.29187],[-122.66208,49.29187],[-122.66208,49.29187],[-122.66208,49.29187],[-122.66209,49.29187],[-122.66209,49.29187],[-122.66209,49.29187],[-122.66209,49.29187],[-122.66209,49.29187],[-122.66209,49.29187],[-122.66209,49.29187],[-122.6621,49.29186],[-122.6621,49.29186],[-122.6621,49.29186],[-122.6621,49.29186],[-122.6621,49.29186],[-122.6621,49.29186],[-122.6621,49.29186],[-122.66211,49.29186],[-122.66211,49.29186],[-122.66211,49.29186],[-122.66211,49.29186],[-122.66211,49.29186],[-122.66211,49.29186],[-122.66211,49.29186],[-122.66212,49.29186],[-122.66212,49.29185],[-122.66212,49.29185],[-122.66212,49.29185],[-122.66212,49.29185],[-122.66212,49.29185],[-122.66212,49.29185],[-122.66213,49.29185],[-122.66213,49.29185],[-122.66213,49.29185],[-122.66213,49.29185],[-122.66213,49.29185],[-122.66213,49.29185],[-122.66213,49.29185],[-122.66213,49.29185],[-122.66214,49.29184],[-122.66214,49.29184],[-122.66214,49.29184],[-122.66214,49.29184],[-122.66214,49.29184],[-122.66214,49.29184],[-122.66214,49.29184],[-122.66215,49.29184],[-122.66215,49.29184],[-122.66215,49.29184],[-122.66215,49.29184],[-122.66215,49.29184],[-122.66215,49.29184],[-122.66215,49.29184],[-122.66216,49.29183],[-122.66216,49.29183],[-122.66216,49.29183],[-122.66216,49.29183],[-122.66216,49.29183],[-122.66216,49.29183],[-122.66216,49.29183],[-122.66217,49.29183],[-122.66217,49.29183],[-122.66217,49.29183],[-122.66217,49.29183],[-122.66217,49.29183],[-122.66217,49.29183],[-122.66217,49.29183],[-122.66218,49.29182],[-122.66218,49.29182],[-122.66218,49.29182],[-122.66218,49.29182],[-122.66218,49.29182],[-122.66218,49.29182],[-122.66218,49.29182],[-122.66219,49.29182],[-122.66219,49.29182],[-122.66219,49.29182],[-122.66219,49.29182],[-122.66219,49.29182],[-122.66219,49.29182],[-122.66219,49.29182],[-122.66219,49.29181],[-122.6622,49.29181],[-122.6622,49.29181],[-122.6622,49.29181],[-122.6622,49.29181],[-122.6622,49.29181],[-122.6622,49.29181],[-122.6622,49.29181],[-122.66221,49.29181],[-122.66221,49.29181],[-122.66221,49.29181],[-122.66221,49.29181],[-122.66221,49.29181],[-122.66221,49.29181],[-122.66221,49.29181],[-122.66222,49.2918],[-122.66222,49.2918],[-122.66222,49.2918],[-122.66222,49.2918],[-122.66222,49.2918],[-122.66222,49.2918],[-122.66222,49.2918],[-122.66223,49.2918],[-122.66223,49.2918],[-122.66223,49.2918],[-122.66223,49.2918],[-122.66223,49.2918],[-122.66223,49.2918],[-122.66223,49.2918],[-122.66224,49.29179],[-122.66224,49.29179],[-122.66224,49.29179],[-122.66224,49.29179],[-122.66224,49.29179],[-122.66224,49.29179],[-122.66224,49.29179],[-122.66225,49.29179],[-122.66225,49.29179],[-122.66225,49.29179],[-122.66225,49.29179],[-122.66225,49.29179],[-122.66225,49.29179],[-122.66225,49.29179],[-122.66225,49.29178],[-122.66226,49.29178],[-122.66226,49.29178],[-122.66226,49.29178],[-122.66226,49.29178],[-122.66226,49.29178],[-122.66226,49.29178],[-122.66226,49.29178],[-122.66227,49.29178],[-122.66227,49.29178],[-122.66227,49.29178],[-122.66227,49.29178],[-122.66227,49.29178],[-122.66227,49.29178],[-122.66227,49.29177],[-122.66228,49.29177],[-122.66228,49.29177],[-122.66228,49.29177],[-122.66228,49.29177],[-122.66228,49.29177],[-122.66228,49.29177],[-122.66228,49.29177],[-122.66229,49.29177],[-122.66229,49.29177],[-122.66229,49.29177],[-122.66229,49.29177],[-122.66229,49.29177],[-122.66229,49.29177],[-122.66229,49.29177],[-122.6623,49.29176],[-122.6623,49.29176],[-122.6623,49.29176],[-122.6623,49.29176],[-122.6623,49.29176],[-122.6623,49.29176],[-122.6623,49.29176],[-122.66231,49.29176],[-122.66231,49.29176],[-122.66231,49.29176],[-122.66231,49.29176],[-122.66231,49.29176],[-122.66231,49.29176],[-122.66231,49.29176],[-122.66232,49.29175],[-122.66232,49.29175],[-122.66232,49.29175],[-122.66232,49.29175],[-122.66232,49.29175],[-122.66232,49.29175],[-122.66232,49.29175],[-122.66233,49.29175],[-122.66233,49.29175],[-122.66233,49.29175],[-122.66233,49.29175],[-122.66233,49.29175],[-122.66233,49.29175],[-122.66233,49.29175],[-122.66233,49.29174],[-122.66234,49.29174],[-122.66234,49.29174],[-122.66234,49.29174],[-122.66234,49.29174],[-122.66234,49.29174],[-122.66234,49.29174],[-122.66234,49.29174],[-122.66235,49.29174],[-122.66235,49.29174],[-122.66235,49.29174],[-122.66235,49.29174],[-122.66235,49.29174],[-122.66235,49.29174],[-122.66235,49.29174],[-122.66236,49.29173],[-122.66236,49.29173],[-122.66236,49.29173],[-122.66236,49.29173],[-122.66236,49.29173],[-122.66236,49.29173],[-122.66236,49.29173],[-122.66237,49.29173],[-122.66237,49.29173],[-122.66237,49.29173],[-122.66237,49.29173],[-122.66237,49.29173],[-122.66237,49.29173],[-122.66237,49.29173],[-122.66238,49.29172],[-122.66238,49.29172],[-122.66238,49.29172],[-122.66238,49.29172],[-122.66238,49.29172],[-122.66238,49.29172],[-122.66238,49.29172],[-122.66239,49.29172],[-122.66239,49.29172],[-122.66239,49.29172],[-122.66239,49.29172],[-122.66239,49.29172],[-122.66239,49.29172],[-122.66239,49.29172],[-122.6624,49.29171],[-122.6624,49.29171],[-122.6624,49.29171],[-122.6624,49.29171],[-122.6624,49.29171],[-122.6624,49.29171],[-122.6624,49.29171],[-122.66241,49.29171],[-122.66241,49.29171],[-122.66241,49.29171],[-122.66241,49.29171],[-122.66241,49.29171],[-122.66241,49.29171],[-122.66241,49.29171],[-122.66241,49.29171],[-122.66242,49.2917],[-122.66242,49.2917],[-122.66242,49.2917],[-122.66242,49.2917],[-122.66242,49.2917],[-122.66242,49.2917],[-122.66242,49.2917],[-122.66243,49.2917],[-122.66243,49.2917],[-122.66243,49.2917],[-122.66243,49.2917],[-122.66243,49.2917],[-122.66243,49.2917],[-122.66243,49.2917],[-122.66244,49.29169],[-122.66244,49.29169],[-122.66244,49.29169],[-122.66244,49.29169],[-122.66244,49.29169],[-122.66244,49.29169],[-122.66244,49.29169],[-122.66245,49.29169],[-122.66245,49.29169],[-122.66245,49.29169],[-122.66245,49.29169],[-122.66245,49.29169],[-122.66245,49.29169],[-122.66245,49.29169],[-122.66246,49.29168],[-122.66246,49.29168],[-122.66246,49.29168],[-122.66246,49.29168],[-122.66246,49.29168],[-122.66246,49.29168],[-122.66246,49.29168],[-122.66247,49.29168],[-122.66247,49.29168],[-122.66247,49.29168],[-122.66247,49.29168],[-122.66247,49.29168],[-122.66247,49.29168],[-122.66247,49.29168],[-122.66248,49.29167],[-122.66248,49.29167],[-122.66248,49.29167],[-122.66248,49.29167],[-122.66248,49.29167],[-122.66248,49.29167],[-122.66248,49.29167],[-122.66249,49.29167],[-122.66249,49.29167],[-122.66249,49.29167],[-122.66249,49.29167],[-122.66249,49.29167],[-122.66249,49.29167],[-122.6625,49.29167],[-122.6625,49.29167],[-122.6625,49.29166],[-122.6625,49.29166],[-122.6625,49.29166],[-122.6625,49.29166],[-122.6625,49.29166],[-122.66251,49.29166],[-122.66251,49.29166],[-122.66251,49.29166],[-122.66251,49.29166],[-122.66251,49.29166],[-122.66251,49.29166],[-122.66251,49.29166],[-122.66252,49.29166],[-122.66252,49.29166],[-122.66252,49.29165],[-122.66252,49.29165],[-122.66252,49.29165],[-122.66252,49.29165],[-122.66252,49.29165],[-122.66253,49.29165],[-122.66253,49.29165],[-122.66253,49.29165],[-122.66253,49.29165],[-122.66253,49.29165],[-122.66253,49.29165],[-122.66253,49.29165],[-122.66254,49.29165],[-122.66254,49.29165],[-122.66254,49.29165],[-122.66254,49.29164],[-122.66254,49.29164],[-122.66254,49.29164],[-122.66254,49.29164],[-122.66255,49.29164],[-122.66255,49.29164],[-122.66255,49.29164],[-122.66255,49.29164],[-122.66255,49.29164],[-122.66255,49.29164],[-122.66255,49.29164],[-122.66256,49.29164],[-122.66256,49.29164],[-122.66256,49.29164],[-122.66256,49.29163],[-122.66256,49.29163],[-122.66256,49.29163],[-122.66256,49.29163],[-122.66257,49.29163],[-122.66257,49.29163],[-122.66257,49.29163],[-122.66257,49.29163],[-122.66257,49.29163],[-122.66257,49.29163],[-122.66257,49.29163],[-122.66258,49.29163],[-122.66258,49.29163],[-122.66258,49.29163],[-122.66258,49.29163],[-122.66258,49.29162],[-122.66258,49.29162],[-122.66258,49.29162],[-122.66259,49.29162],[-122.66259,49.29162],[-122.66259,49.29162],[-122.66259,49.29162],[-122.66259,49.29162],[-122.66259,49.29162],[-122.66259,49.29162],[-122.6626,49.29162],[-122.6626,49.29162],[-122.6626,49.29162],[-122.6626,49.29162],[-122.6626,49.29162],[-122.6626,49.29161],[-122.6626,49.29161],[-122.66261,49.29161],[-122.66261,49.29161],[-122.66261,49.29161],[-122.66261,49.29161],[-122.66261,49.29161],[-122.66261,49.29161],[-122.66261,49.29161],[-122.66262,49.29161],[-122.66262,49.29161],[-122.66262,49.29161],[-122.66262,49.29161],[-122.66262,49.29161],[-122.66262,49.29161],[-122.66262,49.2916],[-122.66263,49.2916],[-122.66263,49.2916],[-122.66263,49.2916],[-122.66263,49.2916],[-122.66263,49.2916],[-122.66263,49.2916],[-122.66263,49.2916],[-122.66264,49.2916],[-122.66264,49.2916],[-122.66264,49.2916],[-122.66264,49.2916],[-122.66264,49.2916],[-122.66264,49.2916],[-122.66265,49.2916],[-122.66265,49.29159],[-122.66265,49.29159],[-122.66265,49.29159],[-122.66265,49.29159],[-122.66265,49.29159],[-122.66265,49.29159],[-122.66266,49.29159],[-122.66266,49.29159],[-122.66266,49.29159],[-122.66266,49.29159],[-122.66266,49.29159],[-122.66266,49.29159],[-122.66266,49.29159],[-122.66267,49.29159],[-122.66267,49.29159],[-122.66267,49.29158],[-122.66267,49.29158],[-122.66267,49.29158],[-122.66267,49.29158],[-122.66267,49.29158],[-122.66268,49.29158],[-122.66268,49.29158],[-122.66268,49.29158],[-122.66268,49.29158],[-122.66268,49.29158],[-122.66268,49.29158],[-122.66268,49.29158],[-122.66269,49.29158],[-122.66269,49.29158],[-122.66269,49.29158],[-122.66269,49.29157],[-122.66269,49.29157],[-122.66269,49.29157],[-122.66269,49.29157],[-122.6627,49.29157],[-122.6627,49.29157],[-122.6627,49.29157],[-122.6627,49.29157],[-122.6627,49.29157],[-122.6627,49.29157],[-122.6627,49.29157],[-122.66271,49.29157],[-122.66271,49.29157],[-122.66271,49.29157],[-122.66271,49.29157],[-122.66271,49.29156],[-122.66271,49.29156],[-122.66271,49.29156],[-122.66272,49.29156],[-122.66272,49.29156],[-122.66272,49.29156],[-122.66272,49.29156],[-122.66272,49.29156],[-122.66272,49.29156],[-122.66272,49.29156],[-122.66273,49.29156],[-122.66273,49.29156],[-122.66273,49.29156],[-122.66273,49.29156],[-122.66273,49.29156],[-122.66273,49.29155],[-122.66274,49.29155],[-122.66274,49.29155],[-122.66274,49.29155],[-122.66274,49.29155],[-122.66274,49.29155],[-122.66274,49.29155],[-122.66274,49.29155],[-122.66275,49.29155],[-122.66275,49.29155],[-122.66275,49.29155],[-122.66275,49.29155],[-122.66275,49.29155],[-122.66275,49.29155],[-122.66275,49.29155],[-122.66276,49.29154],[-122.66276,49.29154],[-122.66276,49.29154],[-122.66276,49.29154],[-122.66276,49.29154],[-122.66276,49.29154],[-122.66276,49.29154],[-122.66277,49.29154],[-122.66277,49.29154],[-122.66277,49.29154],[-122.66277,49.29154],[-122.66277,49.29154],[-122.66277,49.29154],[-122.66277,49.29154],[-122.66278,49.29154],[-122.66278,49.29154],[-122.66278,49.29153],[-122.66278,49.29153],[-122.66278,49.29153],[-122.66278,49.29153],[-122.66278,49.29153],[-122.66279,49.29153],[-122.66279,49.29153],[-122.66279,49.29153],[-122.66279,49.29153],[-122.66279,49.29153],[-122.66279,49.29153],[-122.6628,49.29153],[-122.6628,49.29153],[-122.6628,49.29153],[-122.6628,49.29153],[-122.6628,49.29152],[-122.6628,49.29152],[-122.6628,49.29152],[-122.66281,49.29152],[-122.66281,49.29152],[-122.66281,49.29152],[-122.66281,49.29152],[-122.66281,49.29152],[-122.66281,49.29152],[-122.66281,49.29152],[-122.66282,49.29152],[-122.66282,49.29152],[-122.66282,49.29152],[-122.66282,49.29152],[-122.66282,49.29152],[-122.66282,49.29152],[-122.66282,49.29151],[-122.66283,49.29151],[-122.66283,49.29151],[-122.66283,49.29151],[-122.66283,49.29151],[-122.66283,49.29151],[-122.66283,49.29151],[-122.66283,49.29151],[-122.66284,49.29151],[-122.66284,49.29151],[-122.66284,49.29151],[-122.66284,49.29151],[-122.66284,49.29151],[-122.66284,49.29151],[-122.66285,49.29151],[-122.66285,49.2915],[-122.66285,49.2915],[-122.66285,49.2915],[-122.66285,49.2915],[-122.66285,49.2915],[-122.66285,49.2915],[-122.66286,49.2915],[-122.66286,49.2915],[-122.66286,49.2915],[-122.66286,49.2915],[-122.66286,49.2915],[-122.66286,49.2915],[-122.66286,49.2915],[-122.66287,49.2915],[-122.66287,49.2915],[-122.66287,49.2915],[-122.66287,49.29149],[-122.66287,49.29149],[-122.66287,49.29149],[-122.66287,49.29149],[-122.66288,49.29149],[-122.66288,49.29149],[-122.66288,49.29149],[-122.66288,49.29149],[-122.66288,49.29149],[-122.66288,49.29149],[-122.66288,49.29149],[-122.66289,49.29149],[-122.66289,49.29149],[-122.66289,49.29149],[-122.66289,49.29149],[-122.66289,49.29149],[-122.66289,49.29148],[-122.6629,49.29148],[-122.6629,49.29148],[-122.6629,49.29148],[-122.6629,49.29148],[-122.6629,49.29148],[-122.6629,49.29148],[-122.6629,49.29148],[-122.66291,49.29148],[-122.66291,49.29148],[-122.66291,49.29148],[-122.66291,49.29148],[-122.66291,49.29148],[-122.66291,49.29148],[-122.66291,49.29148],[-122.66292,49.29147],[-122.66292,49.29147],[-122.66292,49.29147],[-122.66292,49.29147],[-122.66292,49.29147],[-122.66292,49.29147],[-122.66292,49.29147],[-122.66293,49.29147],[-122.66293,49.29147],[-122.66293,49.29147],[-122.66293,49.29147],[-122.66293,49.29147],[-122.66293,49.29147],[-122.66294,49.29147],[-122.66294,49.29147],[-122.66294,49.29147],[-122.66294,49.29146],[-122.66294,49.29146],[-122.66294,49.29146],[-122.66294,49.29146],[-122.66295,49.29146],[-122.66295,49.29146],[-122.66295,49.29146],[-122.66295,49.29146],[-122.66295,49.29146],[-122.66295,49.29146],[-122.66295,49.29146],[-122.66296,49.29146],[-122.66296,49.29146],[-122.66296,49.29146],[-122.66296,49.29146],[-122.66296,49.29146],[-122.66296,49.29145],[-122.66296,49.29145],[-122.66297,49.29145],[-122.66297,49.29145],[-122.66297,49.29145],[-122.66297,49.29145],[-122.66297,49.29145],[-122.66297,49.29145],[-122.66298,49.29145],[-122.66298,49.29145],[-122.66298,49.29145],[-122.66298,49.29145],[-122.66298,49.29145],[-122.66298,49.29145],[-122.66298,49.29145],[-122.66299,49.29145],[-122.66299,49.29144],[-122.66299,49.29144],[-122.66299,49.29144],[-122.66299,49.29144],[-122.66299,49.29144],[-122.66299,49.29144],[-122.663,49.29144],[-122.663,49.29144],[-122.663,49.29144],[-122.663,49.29144],[-122.663,49.29144],[-122.663,49.29144],[-122.663,49.29144],[-122.66301,49.29144],[-122.66301,49.29144],[-122.66301,49.29144],[-122.66301,49.29144],[-122.66301,49.29143],[-122.66301,49.29143],[-122.66302,49.29143],[-122.66302,49.29143],[-122.66302,49.29143],[-122.66302,49.29143],[-122.66302,49.29143],[-122.66302,49.29143],[-122.66302,49.29143],[-122.66303,49.29143],[-122.66303,49.29143],[-122.66303,49.29143],[-122.66303,49.29143],[-122.66303,49.29143],[-122.66303,49.29143],[-122.66303,49.29143],[-122.66304,49.29142],[-122.66304,49.29142],[-122.66304,49.29142],[-122.66304,49.29142],[-122.66304,49.29142],[-122.66304,49.29142],[-122.66305,49.29142],[-122.66305,49.29142],[-122.66305,49.29142],[-122.66305,49.29142],[-122.66305,49.29142],[-122.66305,49.29142],[-122.66305,49.29142],[-122.66306,49.29142],[-122.66306,49.29142],[-122.66306,49.29142],[-122.66306,49.29141],[-122.66306,49.29141],[-122.66306,49.29141],[-122.66306,49.29141],[-122.66307,49.29141],[-122.66307,49.29141],[-122.66307,49.29141],[-122.66307,49.29141],[-122.66307,49.29141],[-122.66307,49.29141],[-122.66307,49.29141],[-122.66308,49.29141],[-122.66308,49.29141],[-122.66308,49.29141],[-122.66308,49.29141],[-122.66308,49.29141],[-122.66308,49.29141],[-122.66309,49.2914],[-122.66309,49.2914],[-122.66309,49.2914],[-122.66309,49.2914],[-122.66309,49.2914],[-122.66309,49.2914],[-122.66309,49.2914],[-122.6631,49.2914],[-122.6631,49.2914],[-122.6631,49.2914],[-122.6631,49.2914],[-122.6631,49.2914],[-122.6631,49.2914],[-122.6631,49.2914],[-122.66311,49.2914],[-122.66311,49.2914],[-122.66311,49.29139],[-122.66311,49.29139],[-122.66311,49.29139],[-122.66311,49.29139],[-122.66312,49.29139],[-122.66312,49.29139],[-122.66312,49.29139],[-122.66312,49.29139],[-122.66312,49.29139],[-122.66312,49.29139],[-122.66312,49.29139],[-122.66313,49.29139],[-122.66313,49.29139],[-122.66313,49.29139],[-122.66313,49.29139],[-122.66313,49.29139],[-122.66313,49.29139],[-122.66313,49.29138],[-122.66314,49.29138],[-122.66314,49.29138],[-122.66314,49.29138],[-122.66314,49.29138],[-122.66314,49.29138],[-122.66314,49.29138],[-122.66315,49.29138],[-122.66315,49.29138],[-122.66315,49.29138],[-122.66315,49.29138],[-122.66315,49.29138],[-122.66315,49.29138],[-122.66315,49.29138],[-122.66316,49.29138],[-122.66316,49.29138],[-122.66316,49.29137],[-122.66316,49.29137],[-122.66316,49.29137],[-122.66316,49.29137],[-122.66316,49.29137],[-122.66317,49.29137],[-122.66317,49.29137],[-122.66317,49.29137],[-122.66317,49.29137],[-122.66317,49.29137],[-122.66317,49.29137],[-122.66318,49.29137],[-122.66318,49.29137],[-122.66318,49.29137],[-122.66318,49.29137],[-122.66318,49.29137],[-122.66318,49.29137],[-122.66318,49.29136],[-122.66319,49.29136],[-122.66319,49.29136],[-122.66319,49.29136],[-122.66319,49.29136],[-122.66319,49.29136],[-122.66319,49.29136],[-122.66319,49.29136],[-122.6632,49.29136],[-122.6632,49.29136],[-122.6632,49.29136],[-122.6632,49.29136],[-122.6632,49.29136],[-122.6632,49.29136],[-122.66321,49.29136],[-122.66321,49.29136],[-122.66321,49.29136],[-122.66321,49.29135],[-122.66321,49.29135],[-122.66321,49.29135],[-122.66321,49.29135],[-122.66322,49.29135],[-122.66322,49.29135],[-122.66322,49.29135],[-122.66322,49.29135],[-122.66322,49.29135],[-122.66322,49.29135],[-122.66322,49.29135],[-122.66323,49.29135],[-122.66323,49.29135],[-122.66323,49.29135],[-122.66323,49.29135],[-122.66323,49.29135],[-122.66323,49.29135],[-122.66324,49.29134],[-122.66324,49.29134],[-122.66324,49.29134],[-122.66324,49.29134],[-122.66324,49.29134],[-122.66324,49.29134],[-122.66324,49.29134],[-122.66325,49.29134],[-122.66325,49.29134],[-122.66325,49.29134],[-122.66325,49.29134],[-122.66325,49.29134],[-122.66325,49.29134],[-122.66326,49.29134],[-122.66326,49.29134],[-122.66326,49.29134],[-122.66326,49.29134],[-122.66326,49.29133],[-122.66326,49.29133],[-122.66326,49.29133],[-122.66327,49.29133],[-122.66327,49.29133],[-122.66327,49.29133],[-122.66327,49.29133],[-122.66327,49.29133],[-122.66327,49.29133],[-122.66327,49.29133],[-122.66328,49.29133],[-122.66328,49.29133],[-122.66328,49.29133],[-122.66328,49.29133],[-122.66328,49.29133],[-122.66328,49.29133],[-122.66329,49.29133],[-122.66329,49.29132],[-122.66329,49.29132],[-122.66329,49.29132],[-122.66329,49.29132],[-122.66329,49.29132],[-122.66329,49.29132],[-122.6633,49.29132],[-122.6633,49.29132],[-122.6633,49.29132],[-122.6633,49.29132],[-122.6633,49.29132],[-122.6633,49.29132],[-122.6633,49.29132],[-122.66331,49.29132],[-122.66331,49.29132],[-122.66331,49.29132],[-122.66331,49.29132],[-122.66331,49.29131],[-122.66331,49.29131],[-122.66332,49.29131],[-122.66332,49.29131],[-122.66332,49.29131],[-122.66332,49.29131],[-122.66332,49.29131],[-122.66332,49.29131],[-122.66332,49.29131],[-122.66333,49.29131],[-122.66333,49.29131],[-122.66333,49.29131],[-122.66333,49.29131],[-122.66333,49.29131],[-122.66333,49.29131],[-122.66334,49.29131],[-122.66334,49.29131],[-122.66334,49.29131],[-122.66334,49.2913],[-122.66334,49.2913],[-122.66334,49.2913],[-122.66334,49.2913],[-122.66335,49.2913],[-122.66335,49.2913],[-122.66335,49.2913],[-122.66335,49.2913],[-122.66335,49.2913],[-122.66335,49.2913],[-122.66335,49.2913],[-122.66336,49.2913],[-122.66336,49.2913],[-122.66336,49.2913],[-122.66336,49.2913],[-122.66336,49.2913],[-122.66336,49.2913],[-122.66337,49.29129],[-122.66337,49.29129],[-122.66337,49.29129],[-122.66337,49.29129],[-122.66337,49.29129],[-122.66337,49.29129],[-122.66337,49.29129],[-122.66338,49.29129],[-122.66338,49.29129],[-122.66338,49.29129],[-122.66338,49.29129],[-122.66338,49.29129],[-122.66338,49.29129],[-122.66339,49.29129],[-122.66339,49.29129],[-122.66339,49.29129],[-122.66339,49.29129],[-122.66339,49.29128],[-122.66339,49.29128],[-122.66339,49.29128],[-122.6634,49.29128],[-122.6634,49.29128],[-122.6634,49.29128],[-122.6634,49.29128],[-122.6634,49.29128],[-122.6634,49.29128],[-122.66341,49.29128],[-122.66341,49.29128],[-122.66341,49.29128],[-122.66341,49.29128],[-122.66341,49.29128],[-122.66341,49.29128],[-122.66341,49.29128],[-122.66342,49.29128],[-122.66342,49.29128],[-122.66342,49.29127],[-122.66342,49.29127],[-122.66342,49.29127],[-122.66342,49.29127],[-122.66342,49.29127],[-122.66343,49.29127],[-122.66343,49.29127],[-122.66343,49.29127],[-122.66343,49.29127],[-122.66343,49.29127],[-122.66343,49.29127],[-122.66344,49.29127],[-122.66344,49.29127],[-122.66344,49.29127],[-122.66344,49.29127],[-122.66344,49.29127],[-122.66344,49.29127],[-122.66344,49.29127],[-122.66345,49.29126],[-122.66345,49.29126],[-122.66345,49.29126],[-122.66345,49.29126],[-122.66345,49.29126],[-122.66345,49.29126],[-122.66346,49.29126],[-122.66346,49.29126],[-122.66346,49.29126],[-122.66346,49.29126],[-122.66346,49.29126],[-122.66346,49.29126],[-122.66346,49.29126],[-122.66347,49.29126],[-122.66347,49.29126],[-122.66347,49.29126],[-122.66347,49.29126],[-122.66347,49.29126],[-122.66347,49.29125],[-122.66348,49.29125],[-122.66348,49.29125],[-122.66348,49.29125],[-122.66348,49.29125],[-122.66348,49.29125],[-122.66348,49.29125],[-122.66348,49.29125],[-122.66349,49.29125],[-122.66349,49.29125],[-122.66349,49.29125],[-122.66349,49.29125],[-122.66349,49.29125],[-122.66349,49.29125],[-122.6635,49.29125],[-122.6635,49.29125],[-122.6635,49.29125],[-122.6635,49.29124],[-122.6635,49.29124],[-122.6635,49.29124],[-122.6635,49.29124],[-122.66351,49.29124],[-122.66351,49.29124],[-122.66351,49.29124],[-122.66351,49.29124],[-122.66351,49.29124],[-122.66351,49.29124],[-122.66352,49.29124],[-122.66352,49.29124],[-122.66352,49.29124],[-122.66352,49.29124],[-122.66352,49.29124],[-122.66352,49.29124],[-122.66352,49.29124],[-122.66353,49.29124],[-122.66353,49.29123],[-122.66353,49.29123],[-122.66353,49.29123],[-122.66353,49.29123],[-122.66353,49.29123],[-122.66353,49.29123],[-122.66354,49.29123],[-122.66354,49.29123],[-122.66354,49.29123],[-122.66354,49.29123],[-122.66354,49.29123],[-122.66354,49.29123],[-122.66355,49.29123],[-122.66355,49.29123],[-122.66355,49.29123],[-122.66355,49.29123],[-122.66355,49.29123],[-122.66355,49.29123],[-122.66355,49.29123],[-122.66356,49.29122],[-122.66356,49.29122],[-122.66356,49.29122],[-122.66356,49.29122],[-122.66356,49.29122],[-122.66356,49.29122],[-122.66357,49.29122],[-122.66357,49.29122],[-122.66357,49.29122],[-122.66357,49.29122],[-122.66357,49.29122],[-122.66357,49.29122],[-122.66357,49.29122],[-122.66358,49.29122],[-122.66358,49.29122],[-122.66358,49.29122],[-122.66358,49.29122],[-122.66358,49.29122],[-122.66358,49.29121],[-122.66359,49.29121],[-122.66359,49.29121],[-122.66359,49.29121],[-122.66359,49.29121],[-122.66359,49.29121],[-122.66359,49.29121],[-122.66359,49.29121],[-122.6636,49.29121],[-122.6636,49.29121],[-122.6636,49.29121],[-122.6636,49.29121],[-122.6636,49.29121],[-122.6636,49.29121],[-122.66361,49.29121],[-122.66361,49.29121],[-122.66361,49.29121],[-122.66361,49.29121],[-122.66361,49.2912],[-122.66361,49.2912],[-122.66361,49.2912],[-122.66362,49.2912],[-122.66362,49.2912],[-122.66362,49.2912],[-122.66362,49.2912],[-122.66362,49.2912],[-122.66362,49.2912],[-122.66363,49.2912],[-122.66363,49.2912],[-122.66363,49.2912],[-122.66363,49.2912],[-122.66363,49.2912],[-122.66363,49.2912],[-122.66363,49.2912],[-122.66364,49.2912],[-122.66364,49.2912],[-122.66364,49.29119],[-122.66364,49.29119],[-122.66364,49.29119],[-122.66364,49.29119],[-122.66365,49.29119],[-122.66365,49.29119],[-122.66365,49.29119],[-122.66365,49.29119],[-122.66365,49.29119],[-122.66365,49.29119],[-122.66365,49.29119],[-122.66366,49.29119],[-122.66366,49.29119],[-122.66366,49.29119],[-122.66366,49.29119],[-122.66366,49.29119],[-122.66366,49.29119],[-122.66367,49.29119],[-122.66367,49.29119],[-122.66367,49.29118],[-122.66367,49.29118],[-122.66367,49.29118],[-122.66367,49.29118],[-122.66367,49.29118],[-122.66368,49.29118],[-122.66368,49.29118],[-122.66368,49.29118],[-122.66368,49.29118],[-122.66368,49.29118],[-122.66368,49.29118],[-122.66369,49.29118],[-122.66369,49.29118],[-122.66369,49.29118],[-122.66369,49.29118],[-122.66369,49.29118],[-122.66369,49.29118],[-122.66369,49.29118],[-122.6637,49.29117],[-122.6637,49.29117],[-122.6637,49.29117],[-122.6637,49.29117],[-122.6637,49.29117],[-122.6637,49.29117],[-122.66371,49.29117],[-122.66371,49.29117],[-122.66371,49.29117],[-122.66371,49.29117],[-122.66371,49.29117],[-122.66371,49.29117],[-122.66372,49.29117],[-122.66372,49.29117],[-122.66372,49.29117],[-122.66372,49.29117],[-122.66372,49.29117],[-122.66372,49.29117],[-122.66372,49.29117],[-122.66373,49.29116],[-122.66373,49.29116],[-122.66373,49.29116],[-122.66373,49.29116],[-122.66373,49.29116],[-122.66373,49.29116],[-122.66374,49.29116],[-122.66374,49.29116],[-122.66374,49.29116],[-122.66374,49.29116],[-122.66374,49.29116],[-122.66374,49.29116],[-122.66374,49.29116],[-122.66375,49.29116],[-122.66375,49.29116],[-122.66375,49.29116],[-122.66375,49.29116],[-122.66375,49.29116],[-122.66375,49.29116],[-122.66376,49.29115],[-122.66376,49.29115],[-122.66376,49.29115],[-122.66376,49.29115],[-122.66376,49.29115],[-122.66376,49.29115],[-122.66376,49.29115],[-122.66377,49.29115],[-122.66377,49.29115],[-122.66377,49.29115],[-122.66377,49.29115],[-122.66377,49.29115],[-122.66377,49.29115],[-122.66378,49.29115],[-122.66378,49.29115],[-122.66378,49.29115],[-122.66378,49.29115],[-122.66378,49.29115],[-122.66378,49.29115],[-122.66378,49.29114],[-122.66379,49.29114],[-122.66379,49.29114],[-122.66379,49.29114],[-122.66379,49.29114],[-122.66379,49.29114],[-122.66379,49.29114],[-122.6638,49.29114],[-122.6638,49.29114],[-122.6638,49.29114],[-122.6638,49.29114],[-122.6638,49.29114],[-122.6638,49.29114],[-122.6638,49.29114],[-122.66381,49.29114],[-122.66381,49.29114],[-122.66381,49.29114],[-122.66381,49.29114],[-122.66381,49.29114],[-122.66381,49.29113],[-122.66382,49.29113],[-122.66382,49.29113],[-122.66382,49.29113],[-122.66382,49.29113],[-122.66382,49.29113],[-122.66382,49.29113],[-122.66383,49.29113],[-122.66383,49.29113],[-122.66383,49.29113],[-122.66383,49.29113],[-122.66383,49.29113],[-122.66383,49.29113],[-122.66383,49.29113],[-122.66384,49.29113],[-122.66384,49.29113],[-122.66384,49.29113],[-122.66384,49.29113],[-122.66384,49.29113],[-122.66384,49.29112],[-122.66385,49.29112],[-122.66385,49.29112],[-122.66385,49.29112],[-122.66385,49.29112],[-122.66385,49.29112],[-122.66385,49.29112],[-122.66385,49.29112],[-122.66386,49.29112],[-122.66386,49.29112],[-122.66386,49.29112],[-122.66386,49.29112],[-122.66386,49.29112],[-122.66386,49.29112],[-122.66387,49.29112],[-122.66387,49.29112],[-122.66387,49.29112],[-122.66387,49.29112],[-122.66387,49.29112],[-122.66387,49.29111],[-122.66387,49.29111],[-122.66388,49.29111],[-122.66388,49.29111],[-122.66388,49.29111],[-122.66388,49.29111],[-122.66388,49.29111],[-122.66388,49.29111],[-122.66389,49.29111],[-122.66389,49.29111],[-122.66389,49.29111],[-122.66389,49.29111],[-122.66389,49.29111],[-122.66389,49.29111],[-122.6639,49.29111],[-122.6639,49.29111],[-122.6639,49.29111],[-122.6639,49.29111],[-122.6639,49.29111],[-122.6639,49.29111],[-122.6639,49.2911],[-122.66391,49.2911],[-122.66391,49.2911],[-122.66391,49.2911],[-122.66391,49.2911],[-122.66391,49.2911],[-122.66391,49.2911],[-122.66392,49.2911],[-122.66392,49.2911],[-122.66392,49.2911],[-122.66392,49.2911],[-122.66392,49.2911],[-122.66392,49.2911],[-122.66392,49.2911],[-122.66393,49.2911],[-122.66393,49.2911],[-122.66393,49.2911],[-122.66393,49.2911],[-122.66393,49.2911],[-122.66393,49.29109],[-122.66394,49.29109],[-122.66394,49.29109],[-122.66394,49.29109],[-122.66394,49.29109],[-122.66394,49.29109],[-122.66394,49.29109],[-122.66395,49.29109],[-122.66395,49.29109],[-122.66395,49.29109],[-122.66395,49.29109],[-122.66395,49.29109],[-122.66395,49.29109],[-122.66395,49.29109],[-122.66396,49.29109],[-122.66396,49.29109],[-122.66396,49.29109],[-122.66396,49.29109],[-122.66396,49.29109],[-122.66396,49.29109],[-122.66397,49.29108],[-122.66397,49.29108],[-122.66397,49.29108],[-122.66397,49.29108],[-122.66397,49.29108],[-122.66397,49.29108],[-122.66397,49.29108],[-122.66398,49.29108],[-122.66398,49.29108],[-122.66398,49.29108],[-122.66398,49.29108],[-122.66398,49.29108],[-122.66398,49.29108],[-122.66399,49.29108],[-122.66399,49.29108],[-122.66399,49.29108],[-122.66399,49.29108],[-122.66399,49.29108],[-122.66399,49.29108],[-122.664,49.29107],[-122.664,49.29107],[-122.664,49.29107],[-122.664,49.29107],[-122.664,49.29107],[-122.664,49.29107],[-122.664,49.29107],[-122.66401,49.29107],[-122.66401,49.29107],[-122.66401,49.29107],[-122.66401,49.29107],[-122.66401,49.29107],[-122.66401,49.29107],[-122.66402,49.29107],[-122.66402,49.29107],[-122.66402,49.29107],[-122.66402,49.29107],[-122.66402,49.29107],[-122.66402,49.29107],[-122.66402,49.29107],[-122.66403,49.29106],[-122.66403,49.29106],[-122.66403,49.29106],[-122.66403,49.29106],[-122.66403,49.29106],[-122.66403,49.29106],[-122.66404,49.29106],[-122.66404,49.29106],[-122.66404,49.29106],[-122.66404,49.29106],[-122.66404,49.29106],[-122.66404,49.29106],[-122.66405,49.29106],[-122.66405,49.29106],[-122.66405,49.29106],[-122.66405,49.29106],[-122.66405,49.29106],[-122.66405,49.29106],[-122.66405,49.29106],[-122.66406,49.29106],[-122.66406,49.29105],[-122.66406,49.29105],[-122.66406,49.29105],[-122.66406,49.29105],[-122.66406,49.29105],[-122.66407,49.29105],[-122.66407,49.29105],[-122.66407,49.29105],[-122.66407,49.29105],[-122.66407,49.29105],[-122.66407,49.29105],[-122.66408,49.29105],[-122.66408,49.29105],[-122.66408,49.29105],[-122.66408,49.29105],[-122.66408,49.29105],[-122.66408,49.29105],[-122.66408,49.29105],[-122.66409,49.29105],[-122.66409,49.29105],[-122.66409,49.29104],[-122.66409,49.29104],[-122.66409,49.29104],[-122.66409,49.29104],[-122.6641,49.29104],[-122.6641,49.29104],[-122.6641,49.29104],[-122.6641,49.29104],[-122.6641,49.29104],[-122.6641,49.29104],[-122.6641,49.29104],[-122.66411,49.29104],[-122.66411,49.29104],[-122.66411,49.29104],[-122.66411,49.29104],[-122.66411,49.29104],[-122.66411,49.29104],[-122.66412,49.29104],[-122.66412,49.29104],[-122.66412,49.29104],[-122.66412,49.29103],[-122.66412,49.29103],[-122.66412,49.29103],[-122.66413,49.29103],[-122.66413,49.29103],[-122.66413,49.29103],[-122.66413,49.29103],[-122.66413,49.29103],[-122.66413,49.29103],[-122.66413,49.29103],[-122.66414,49.29103],[-122.66414,49.29103],[-122.66414,49.29103],[-122.66414,49.29103],[-122.66414,49.29103],[-122.66414,49.29103],[-122.66415,49.29103],[-122.66415,49.29103],[-122.66415,49.29103],[-122.66415,49.29103],[-122.66415,49.29102],[-122.66415,49.29102],[-122.66416,49.29102],[-122.66416,49.29102],[-122.66416,49.29102],[-122.66416,49.29102],[-122.66416,49.29102],[-122.66416,49.29102],[-122.66416,49.29102],[-122.66417,49.29102],[-122.66417,49.29102],[-122.66417,49.29102],[-122.66417,49.29102],[-122.66417,49.29102],[-122.66417,49.29102],[-122.66418,49.29102],[-122.66418,49.29102],[-122.66418,49.29102],[-122.66418,49.29102],[-122.66418,49.29102],[-122.66418,49.29102],[-122.66419,49.29101],[-122.66419,49.29101],[-122.66419,49.29101],[-122.66419,49.29101],[-122.66419,49.29101],[-122.66419,49.29101],[-122.66419,49.29101],[-122.6642,49.29101],[-122.6642,49.29101],[-122.6642,49.29101],[-122.6642,49.29101],[-122.6642,49.29101],[-122.6642,49.29101],[-122.66421,49.29101],[-122.66421,49.29101],[-122.66421,49.29101],[-122.66421,49.29101],[-122.66421,49.29101],[-122.66421,49.29101],[-122.66422,49.29101],[-122.66422,49.291],[-122.66422,49.291],[-122.66422,49.291],[-122.66422,49.291],[-122.66422,49.291],[-122.66422,49.291],[-122.66423,49.291],[-122.66423,49.291],[-122.66423,49.291],[-122.66423,49.291],[-122.66423,49.291],[-122.66423,49.291],[-122.66424,49.291],[-122.66424,49.291],[-122.66424,49.291],[-122.66424,49.291],[-122.66424,49.291],[-122.66424,49.291],[-122.66425,49.291],[-122.66425,49.291],[-122.66425,49.291],[-122.66425,49.29099],[-122.66425,49.29099],[-122.66425,49.29099],[-122.66425,49.29099],[-122.66426,49.29099],[-122.66426,49.29099],[-122.66426,49.29099],[-122.66426,49.29099],[-122.66426,49.29099],[-122.66426,49.29099],[-122.66427,49.29099],[-122.66427,49.29099],[-122.66427,49.29099],[-122.66427,49.29099],[-122.66427,49.29099],[-122.66427,49.29099],[-122.66428,49.29099],[-122.66428,49.29099],[-122.66428,49.29099],[-122.66428,49.29099],[-122.66428,49.29098],[-122.66428,49.29098],[-122.66428,49.29098],[-122.66429,49.29098],[-122.66429,49.29098],[-122.66429,49.29098],[-122.66429,49.29098],[-122.66429,49.29098],[-122.66429,49.29098],[-122.6643,49.29098],[-122.6643,49.29098],[-122.6643,49.29098],[-122.6643,49.29098],[-122.6643,49.29098],[-122.6643,49.29098],[-122.66431,49.29098],[-122.66431,49.29098],[-122.66431,49.29098],[-122.66431,49.29098],[-122.66431,49.29098],[-122.66431,49.29098],[-122.66431,49.29097],[-122.66432,49.29097],[-122.66432,49.29097],[-122.66432,49.29097],[-122.66432,49.29097],[-122.66432,49.29097],[-122.66432,49.29097],[-122.66433,49.29097],[-122.66433,49.29097],[-122.66433,49.29097],[-122.66433,49.29097],[-122.66433,49.29097],[-122.66433,49.29097],[-122.66434,49.29097],[-122.66434,49.29097],[-122.66434,49.29097],[-122.66434,49.29097],[-122.66434,49.29097],[-122.66434,49.29097],[-122.66435,49.29097],[-122.66435,49.29097],[-122.66435,49.29096],[-122.66435,49.29096],[-122.66435,49.29096],[-122.66435,49.29096],[-122.66435,49.29096],[-122.66436,49.29096],[-122.66436,49.29096],[-122.66436,49.29096],[-122.66436,49.29096],[-122.66436,49.29096],[-122.66436,49.29096],[-122.66437,49.29096],[-122.66437,49.29096],[-122.66437,49.29096],[-122.66437,49.29096],[-122.66437,49.29096],[-122.66437,49.29096],[-122.66438,49.29096],[-122.66438,49.29096],[-122.66438,49.29096],[-122.66438,49.29096],[-122.66438,49.29095],[-122.66438,49.29095],[-122.66438,49.29095],[-122.66439,49.29095],[-122.66439,49.29095],[-122.66439,49.29095],[-122.66439,49.29095],[-122.66439,49.29095],[-122.66439,49.29095],[-122.6644,49.29095],[-122.6644,49.29095],[-122.6644,49.29095],[-122.6644,49.29095],[-122.6644,49.29095],[-122.6644,49.29095],[-122.66441,49.29095],[-122.66441,49.29095],[-122.66441,49.29095],[-122.66441,49.29095],[-122.66441,49.29095],[-122.66441,49.29095],[-122.66442,49.29094],[-122.66442,49.29094],[-122.66442,49.29094],[-122.66442,49.29094],[-122.66442,49.29094],[-122.66442,49.29094],[-122.66442,49.29094],[-122.66443,49.29094],[-122.66443,49.29094],[-122.66443,49.29094],[-122.66443,49.29094],[-122.66443,49.29094],[-122.66443,49.29094],[-122.66444,49.29094],[-122.66444,49.29094],[-122.66444,49.29094],[-122.66444,49.29094],[-122.66444,49.29094],[-122.66444,49.29094],[-122.66445,49.29094],[-122.66445,49.29094],[-122.66445,49.29094],[-122.66445,49.29093],[-122.66445,49.29093],[-122.66445,49.29093],[-122.66445,49.29093],[-122.66446,49.29093],[-122.66446,49.29093],[-122.66446,49.29093],[-122.66446,49.29093],[-122.66446,49.29093],[-122.66446,49.29093],[-122.66447,49.29093],[-122.66447,49.29093],[-122.66447,49.29093],[-122.66447,49.29093],[-122.66447,49.29093],[-122.66447,49.29093],[-122.66448,49.29093],[-122.66448,49.29093],[-122.66448,49.29093],[-122.66448,49.29093],[-122.66448,49.29093],[-122.66448,49.29092],[-122.66449,49.29092],[-122.66449,49.29092],[-122.66449,49.29092],[-122.66449,49.29092],[-122.66449,49.29092],[-122.66449,49.29092],[-122.66449,49.29092],[-122.6645,49.29092],[-122.6645,49.29092],[-122.6645,49.29092],[-122.6645,49.29092],[-122.6645,49.29092],[-122.6645,49.29092],[-122.66451,49.29092],[-122.66451,49.29092],[-122.66451,49.29092],[-122.66451,49.29092],[-122.66451,49.29092],[-122.66451,49.29092],[-122.66452,49.29092],[-122.66452,49.29091],[-122.66452,49.29091],[-122.66452,49.29091],[-122.66452,49.29091],[-122.66452,49.29091],[-122.66452,49.29091],[-122.66453,49.29091],[-122.66453,49.29091],[-122.66453,49.29091],[-122.66453,49.29091],[-122.66453,49.29091],[-122.66453,49.29091],[-122.66454,49.29091],[-122.66454,49.29091],[-122.66454,49.29091],[-122.66454,49.29091],[-122.66454,49.29091],[-122.66454,49.29091],[-122.66455,49.29091],[-122.66455,49.29091],[-122.66455,49.29091],[-122.66455,49.29091],[-122.66455,49.2909],[-122.66455,49.2909],[-122.66456,49.2909],[-122.66456,49.2909],[-122.66456,49.2909],[-122.66456,49.2909],[-122.66456,49.2909],[-122.66456,49.2909],[-122.66456,49.2909],[-122.66457,49.2909],[-122.66457,49.2909],[-122.66457,49.2909],[-122.66457,49.2909],[-122.66457,49.2909],[-122.66457,49.2909],[-122.66458,49.2909],[-122.66458,49.2909],[-122.66458,49.2909],[-122.66458,49.2909],[-122.66458,49.2909],[-122.66458,49.2909],[-122.66459,49.2909],[-122.66459,49.29089],[-122.66459,49.29089],[-122.66459,49.29089],[-122.66459,49.29089],[-122.66459,49.29089],[-122.6646,49.29089],[-122.6646,49.29089],[-122.6646,49.29089],[-122.6646,49.29089],[-122.6646,49.29089],[-122.6646,49.29089],[-122.6646,49.29089],[-122.66461,49.29089],[-122.66461,49.29089],[-122.66461,49.29089],[-122.66461,49.29089],[-122.66461,49.29089],[-122.66461,49.29089],[-122.66462,49.29089],[-122.66462,49.29089],[-122.66462,49.29089],[-122.66462,49.29089],[-122.66462,49.29088],[-122.66462,49.29088],[-122.66463,49.29088],[-122.66463,49.29088],[-122.66463,49.29088],[-122.66463,49.29088],[-122.66463,49.29088],[-122.66463,49.29088],[-122.66464,49.29088],[-122.66464,49.29088],[-122.66464,49.29088],[-122.66464,49.29088],[-122.66464,49.29088],[-122.66464,49.29088],[-122.66464,49.29088],[-122.66465,49.29088],[-122.66465,49.29088],[-122.66465,49.29088],[-122.66465,49.29088],[-122.66465,49.29088],[-122.66465,49.29088],[-122.66466,49.29088],[-122.66466,49.29087],[-122.66466,49.29087],[-122.66466,49.29087],[-122.66466,49.29087],[-122.66466,49.29087],[-122.66467,49.29087],[-122.66467,49.29087],[-122.66467,49.29087],[-122.66467,49.29087],[-122.66467,49.29087],[-122.66467,49.29087],[-122.66468,49.29087],[-122.66468,49.29087],[-122.66468,49.29087],[-122.66468,49.29087],[-122.66468,49.29087],[-122.66468,49.29087],[-122.66469,49.29087],[-122.66469,49.29087],[-122.66469,49.29087],[-122.66469,49.29087],[-122.66469,49.29087],[-122.66469,49.29086],[-122.66469,49.29086],[-122.6647,49.29086],[-122.6647,49.29086],[-122.6647,49.29086],[-122.6647,49.29086],[-122.6647,49.29086],[-122.6647,49.29086],[-122.66471,49.29086],[-122.66471,49.29086],[-122.66471,49.29086],[-122.66471,49.29086],[-122.66471,49.29086],[-122.66471,49.29086],[-122.66472,49.29086],[-122.66472,49.29086],[-122.66472,49.29086],[-122.66472,49.29086],[-122.66472,49.29086],[-122.66472,49.29086],[-122.66473,49.29086],[-122.66473,49.29086],[-122.66473,49.29085],[-122.66473,49.29085],[-122.66473,49.29085],[-122.66473,49.29085],[-122.66473,49.29085],[-122.66474,49.29085],[-122.66474,49.29085],[-122.66474,49.29085],[-122.66474,49.29085],[-122.66474,49.29085],[-122.66474,49.29085],[-122.66475,49.29085],[-122.66475,49.29085],[-122.66475,49.29085],[-122.66475,49.29085],[-122.66475,49.29085],[-122.66475,49.29085],[-122.66476,49.29085],[-122.66476,49.29085],[-122.66476,49.29085],[-122.66476,49.29085],[-122.66476,49.29085],[-122.66476,49.29084],[-122.66477,49.29084],[-122.66477,49.29084],[-122.66477,49.29084],[-122.66477,49.29084],[-122.66477,49.29084],[-122.66477,49.29084],[-122.66478,49.29084],[-122.66478,49.29084],[-122.66478,49.29084],[-122.66478,49.29084],[-122.66478,49.29084],[-122.66478,49.29084],[-122.66478,49.29084],[-122.66479,49.29084],[-122.66479,49.29084],[-122.66479,49.29084],[-122.66479,49.29084],[-122.66479,49.29084],[-122.66479,49.29084],[-122.6648,49.29084],[-122.6648,49.29084],[-122.6648,49.29084],[-122.6648,49.29083],[-122.6648,49.29083],[-122.6648,49.29083],[-122.66481,49.29083],[-122.66481,49.29083],[-122.66481,49.29083],[-122.66481,49.29083],[-122.66481,49.29083],[-122.66481,49.29083],[-122.66482,49.29083],[-122.66482,49.29083],[-122.66482,49.29083],[-122.66482,49.29083],[-122.66482,49.29083],[-122.66482,49.29083],[-122.66482,49.29083],[-122.66483,49.29083],[-122.66483,49.29083],[-122.66483,49.29083],[-122.66483,49.29083],[-122.66483,49.29083],[-122.66483,49.29083],[-122.66484,49.29082],[-122.66484,49.29082],[-122.66484,49.29082],[-122.66484,49.29082],[-122.66484,49.29082],[-122.66484,49.29082],[-122.66485,49.29082],[-122.66485,49.29082],[-122.66485,49.29082],[-122.66485,49.29082],[-122.66485,49.29082],[-122.66485,49.29082],[-122.66486,49.29082],[-122.66486,49.29082],[-122.66486,49.29082],[-122.66486,49.29082],[-122.66486,49.29082],[-122.66486,49.29082],[-122.66487,49.29082],[-122.66487,49.29082],[-122.66487,49.29082],[-122.66487,49.29082],[-122.66487,49.29082],[-122.66487,49.29081],[-122.66487,49.29081],[-122.66488,49.29081],[-122.66488,49.29081],[-122.66488,49.29081],[-122.66488,49.29081],[-122.66488,49.29081],[-122.66488,49.29081],[-122.66489,49.29081],[-122.66489,49.29081],[-122.66489,49.29081],[-122.66489,49.29081],[-122.66489,49.29081],[-122.66489,49.29081],[-122.6649,49.29081],[-122.6649,49.29081],[-122.6649,49.29081],[-122.6649,49.29081],[-122.6649,49.29081],[-122.6649,49.29081],[-122.66491,49.29081],[-122.66491,49.29081],[-122.66491,49.29081],[-122.66491,49.2908],[-122.66491,49.2908],[-122.66491,49.2908],[-122.66492,49.2908],[-122.66492,49.2908],[-122.66492,49.2908],[-122.66492,49.2908],[-122.66492,49.2908],[-122.66492,49.2908],[-122.66492,49.2908],[-122.66493,49.2908],[-122.66493,49.2908],[-122.66493,49.2908],[-122.66493,49.2908],[-122.66493,49.2908],[-122.66493,49.2908],[-122.66494,49.2908],[-122.66494,49.2908],[-122.66494,49.2908],[-122.66494,49.2908],[-122.66494,49.2908],[-122.66494,49.2908],[-122.66495,49.29079],[-122.66495,49.29079],[-122.66495,49.29079],[-122.66495,49.29079],[-122.66495,49.29079],[-122.66495,49.29079],[-122.66496,49.29079],[-122.66496,49.29079],[-122.66496,49.29079],[-122.66496,49.29079],[-122.66496,49.29079],[-122.66496,49.29079],[-122.66497,49.29079],[-122.66497,49.29079],[-122.66497,49.29079],[-122.66497,49.29079],[-122.66497,49.29079],[-122.66497,49.29079],[-122.66498,49.29079],[-122.66498,49.29079],[-122.66498,49.29079],[-122.66498,49.29079],[-122.66498,49.29079],[-122.66498,49.29078],[-122.66498,49.29078],[-122.66499,49.29078],[-122.66499,49.29078],[-122.66499,49.29078],[-122.66499,49.29078],[-122.66499,49.29078],[-122.66499,49.29078],[-122.665,49.29078],[-122.665,49.29078],[-122.665,49.29078],[-122.665,49.29078],[-122.665,49.29078],[-122.665,49.29078],[-122.66501,49.29078],[-122.66501,49.29078],[-122.66501,49.29078],[-122.66501,49.29078],[-122.66501,49.29078],[-122.66501,49.29078],[-122.66502,49.29078],[-122.66502,49.29078],[-122.66502,49.29078],[-122.66502,49.29078],[-122.66502,49.29077],[-122.66502,49.29077],[-122.66503,49.29077],[-122.66503,49.29077],[-122.66503,49.29077],[-122.66503,49.29077],[-122.66503,49.29077],[-122.66503,49.29077],[-122.66503,49.29077],[-122.66504,49.29077],[-122.66504,49.29077],[-122.66504,49.29077],[-122.66504,49.29077],[-122.66504,49.29077],[-122.66504,49.29077],[-122.66505,49.29077],[-122.66505,49.29077],[-122.66505,49.29077],[-122.66505,49.29077],[-122.66505,49.29077],[-122.66505,49.29077],[-122.66506,49.29077],[-122.66506,49.29077],[-122.66506,49.29076],[-122.66506,49.29076],[-122.66506,49.29076],[-122.66506,49.29076],[-122.66507,49.29076],[-122.66507,49.29076],[-122.66507,49.29076],[-122.66507,49.29076],[-122.66507,49.29076],[-122.66507,49.29076],[-122.66508,49.29076],[-122.66508,49.29076],[-122.66508,49.29076],[-122.66508,49.29076],[-122.66508,49.29076],[-122.66508,49.29076],[-122.66509,49.29076],[-122.66509,49.29076],[-122.66509,49.29076],[-122.66509,49.29076],[-122.66509,49.29076],[-122.66509,49.29076],[-122.66509,49.29076],[-122.6651,49.29075],[-122.6651,49.29075],[-122.6651,49.29075],[-122.6651,49.29075],[-122.6651,49.29075],[-122.6651,49.29075],[-122.66511,49.29075],[-122.66511,49.29075],[-122.66511,49.29075],[-122.66511,49.29075],[-122.66511,49.29075],[-122.66511,49.29075],[-122.66512,49.29075],[-122.66512,49.29075],[-122.66512,49.29075],[-122.66512,49.29075],[-122.66512,49.29075],[-122.66512,49.29075],[-122.66513,49.29075],[-122.66513,49.29075],[-122.66513,49.29075],[-122.66513,49.29075],[-122.66513,49.29075],[-122.66513,49.29075],[-122.66514,49.29074],[-122.66514,49.29074],[-122.66514,49.29074],[-122.66514,49.29074],[-122.66514,49.29074],[-122.66514,49.29074],[-122.66515,49.29074],[-122.66515,49.29074],[-122.66515,49.29074],[-122.66515,49.29074],[-122.66515,49.29074],[-122.66515,49.29074],[-122.66515,49.29074],[-122.66516,49.29074],[-122.66516,49.29074],[-122.66516,49.29074],[-122.66516,49.29074],[-122.66516,49.29074],[-122.66516,49.29074],[-122.66517,49.29074],[-122.66517,49.29074],[-122.66517,49.29074],[-122.66517,49.29074],[-122.66517,49.29073],[-122.66517,49.29073],[-122.66518,49.29073],[-122.66518,49.29073],[-122.66518,49.29073],[-122.66518,49.29073],[-122.66518,49.29073],[-122.66518,49.29073],[-122.66519,49.29073],[-122.66519,49.29073],[-122.66519,49.29073],[-122.66519,49.29073],[-122.66519,49.29073],[-122.66519,49.29073],[-122.6652,49.29073],[-122.6652,49.29073],[-122.6652,49.29073],[-122.6652,49.29073],[-122.6652,49.29073],[-122.6652,49.29073],[-122.66521,49.29073],[-122.66521,49.29073],[-122.66521,49.29073],[-122.66521,49.29073],[-122.66521,49.29072],[-122.66521,49.29072],[-122.66522,49.29072],[-122.66522,49.29072],[-122.66522,49.29072],[-122.66522,49.29072],[-122.66522,49.29072],[-122.66522,49.29072],[-122.66522,49.29072],[-122.66523,49.29072],[-122.66523,49.29072],[-122.66523,49.29072],[-122.66523,49.29072],[-122.66523,49.29072],[-122.66523,49.29072],[-122.66524,49.29072],[-122.66524,49.29072],[-122.66524,49.29072],[-122.66524,49.29072],[-122.66524,49.29072],[-122.66524,49.29072],[-122.66525,49.29072],[-122.66525,49.29072],[-122.66525,49.29072],[-122.66525,49.29071],[-122.66525,49.29071],[-122.66525,49.29071],[-122.66526,49.29071],[-122.66526,49.29071],[-122.66526,49.29071],[-122.66526,49.29071],[-122.66526,49.29071],[-122.66526,49.29071],[-122.66527,49.29071],[-122.66527,49.29071],[-122.66527,49.29071],[-122.66527,49.29071],[-122.66527,49.29071],[-122.66527,49.29071],[-122.66528,49.29071],[-122.66528,49.29071],[-122.66528,49.29071],[-122.66528,49.29071],[-122.66528,49.29071],[-122.66528,49.29071],[-122.66529,49.29071],[-122.66529,49.29071],[-122.66529,49.2907],[-122.66529,49.2907],[-122.66529,49.2907],[-122.66529,49.2907],[-122.66529,49.2907],[-122.6653,49.2907],[-122.6653,49.2907],[-122.6653,49.2907],[-122.6653,49.2907],[-122.6653,49.2907],[-122.6653,49.2907],[-122.66531,49.2907],[-122.66531,49.2907],[-122.66531,49.2907],[-122.66531,49.2907],[-122.66531,49.2907],[-122.66531,49.2907],[-122.66532,49.2907],[-122.66532,49.2907],[-122.66532,49.2907],[-122.66532,49.2907],[-122.66532,49.2907],[-122.66532,49.2907],[-122.66533,49.2907],[-122.66533,49.29069],[-122.66533,49.29069],[-122.66533,49.29069],[-122.66533,49.29069],[-122.66533,49.29069],[-122.66534,49.29069],[-122.66534,49.29069],[-122.66534,49.29069],[-122.66534,49.29069],[-122.66534,49.29069],[-122.66534,49.29069],[-122.66535,49.29069],[-122.66535,49.29069],[-122.66535,49.29069],[-122.66535,49.29069],[-122.66535,49.29069],[-122.66535,49.29069],[-122.66536,49.29069],[-122.66536,49.29069],[-122.66536,49.29069],[-122.66536,49.29069],[-122.66536,49.29069],[-122.66536,49.29069],[-122.66536,49.29069],[-122.66537,49.29069],[-122.66537,49.29068],[-122.66537,49.29068],[-122.66537,49.29068],[-122.66537,49.29068],[-122.66537,49.29068],[-122.66538,49.29068],[-122.66538,49.29068],[-122.66538,49.29068],[-122.66538,49.29068],[-122.66538,49.29068],[-122.66538,49.29068],[-122.66539,49.29068],[-122.66539,49.29068],[-122.66539,49.29068],[-122.66539,49.29068],[-122.66539,49.29068],[-122.66539,49.29068],[-122.6654,49.29068],[-122.6654,49.29068],[-122.6654,49.29068],[-122.6654,49.29068],[-122.6654,49.29068],[-122.6654,49.29068],[-122.66541,49.29068],[-122.66541,49.29067],[-122.66541,49.29067],[-122.66541,49.29067],[-122.66541,49.29067],[-122.66541,49.29067],[-122.66542,49.29067],[-122.66542,49.29067],[-122.66542,49.29067],[-122.66542,49.29067],[-122.66542,49.29067],[-122.66542,49.29067],[-122.66543,49.29067],[-122.66543,49.29067],[-122.66543,49.29067],[-122.66543,49.29067],[-122.66543,49.29067],[-122.66543,49.29067],[-122.66544,49.29067],[-122.66544,49.29067],[-122.66544,49.29067],[-122.66544,49.29067],[-122.66544,49.29067],[-122.66544,49.29067],[-122.66544,49.29067],[-122.66545,49.29066],[-122.66545,49.29066],[-122.66545,49.29066],[-122.66545,49.29066],[-122.66545,49.29066],[-122.66545,49.29066],[-122.66546,49.29066],[-122.66546,49.29066],[-122.66546,49.29066],[-122.66546,49.29066],[-122.66546,49.29066],[-122.66546,49.29066],[-122.66547,49.29066],[-122.66547,49.29066],[-122.66547,49.29066],[-122.66547,49.29066],[-122.66547,49.29066],[-122.66547,49.29066],[-122.66548,49.29066],[-122.66548,49.29066],[-122.66548,49.29066],[-122.66548,49.29066],[-122.66548,49.29066],[-122.66548,49.29066],[-122.66549,49.29065],[-122.66549,49.29065],[-122.66549,49.29065],[-122.66549,49.29065],[-122.66549,49.29065],[-122.66549,49.29065],[-122.6655,49.29065],[-122.6655,49.29065],[-122.6655,49.29065],[-122.6655,49.29065],[-122.6655,49.29065],[-122.6655,49.29065],[-122.66551,49.29065],[-122.66551,49.29065],[-122.66551,49.29065],[-122.66551,49.29065],[-122.66551,49.29065],[-122.66551,49.29065],[-122.66552,49.29065],[-122.66552,49.29065],[-122.66552,49.29065],[-122.66552,49.29065],[-122.66552,49.29065],[-122.66552,49.29065],[-122.66553,49.29065],[-122.66553,49.29064],[-122.66553,49.29064],[-122.66553,49.29064],[-122.66553,49.29064],[-122.66553,49.29064],[-122.66553,49.29064],[-122.66554,49.29064],[-122.66554,49.29064],[-122.66554,49.29064],[-122.66554,49.29064],[-122.66554,49.29064],[-122.66554,49.29064],[-122.66555,49.29064],[-122.66555,49.29064],[-122.66555,49.29064],[-122.66555,49.29064],[-122.66555,49.29064],[-122.66555,49.29064],[-122.66556,49.29064],[-122.66556,49.29064],[-122.66556,49.29064],[-122.66556,49.29064],[-122.66556,49.29064],[-122.66556,49.29064],[-122.66557,49.29063],[-122.66557,49.29063],[-122.66557,49.29063],[-122.66557,49.29063],[-122.66557,49.29063],[-122.66557,49.29063],[-122.66558,49.29063],[-122.66558,49.29063],[-122.66558,49.29063],[-122.66558,49.29063],[-122.66558,49.29063],[-122.66558,49.29063],[-122.66559,49.29063],[-122.66559,49.29063],[-122.66559,49.29063],[-122.66559,49.29063],[-122.66559,49.29063],[-122.66559,49.29063],[-122.6656,49.29063],[-122.6656,49.29063],[-122.6656,49.29063],[-122.6656,49.29063],[-122.6656,49.29063],[-122.6656,49.29063],[-122.66561,49.29063],[-122.66561,49.29062],[-122.66561,49.29062],[-122.66561,49.29062],[-122.66561,49.29062],[-122.66561,49.29062],[-122.66562,49.29062],[-122.66562,49.29062],[-122.66562,49.29062],[-122.66562,49.29062],[-122.66562,49.29062],[-122.66562,49.29062],[-122.66562,49.29062],[-122.66563,49.29062],[-122.66563,49.29062],[-122.66563,49.29062],[-122.66563,49.29062],[-122.66563,49.29062],[-122.66563,49.29062],[-122.66564,49.29062],[-122.66564,49.29062],[-122.66564,49.29062],[-122.66564,49.29062],[-122.66564,49.29062],[-122.66564,49.29062],[-122.66565,49.29062],[-122.66565,49.29061],[-122.66565,49.29061],[-122.66565,49.29061],[-122.66565,49.29061],[-122.66565,49.29061],[-122.66566,49.29061],[-122.66566,49.29061],[-122.66566,49.29061],[-122.66566,49.29061],[-122.66566,49.29061],[-122.66566,49.29061],[-122.66567,49.29061],[-122.66567,49.29061],[-122.66567,49.29061],[-122.66567,49.29061],[-122.66567,49.29061],[-122.66567,49.29061],[-122.66568,49.29061],[-122.66568,49.29061],[-122.66568,49.29061],[-122.66568,49.29061],[-122.66568,49.29061],[-122.66568,49.29061],[-122.66569,49.29061],[-122.66569,49.29061],[-122.66569,49.2906],[-122.66569,49.2906],[-122.66569,49.2906],[-122.66569,49.2906],[-122.6657,49.2906],[-122.6657,49.2906],[-122.6657,49.2906],[-122.6657,49.2906],[-122.6657,49.2906],[-122.6657,49.2906],[-122.66571,49.2906],[-122.66571,49.2906],[-122.66571,49.2906],[-122.66571,49.2906],[-122.66571,49.2906],[-122.66571,49.2906],[-122.66572,49.2906],[-122.66572,49.2906],[-122.66572,49.2906],[-122.66572,49.2906],[-122.66572,49.2906],[-122.66572,49.2906],[-122.66573,49.2906],[-122.66573,49.2906],[-122.66573,49.2906],[-122.66573,49.29059],[-122.66573,49.29059],[-122.66573,49.29059],[-122.66573,49.29059],[-122.66574,49.29059],[-122.66574,49.29059],[-122.66574,49.29059],[-122.66574,49.29059],[-122.66574,49.29059],[-122.66574,49.29059],[-122.66575,49.29059],[-122.66575,49.29059],[-122.66575,49.29059],[-122.66575,49.29059],[-122.66575,49.29059],[-122.66575,49.29059],[-122.66576,49.29059],[-122.66576,49.29059],[-122.66576,49.29059],[-122.66576,49.29059],[-122.66576,49.29059],[-122.66576,49.29059],[-122.66577,49.29059],[-122.66577,49.29059],[-122.66577,49.29059],[-122.66577,49.29058],[-122.66577,49.29058],[-122.66577,49.29058],[-122.66578,49.29058],[-122.66578,49.29058],[-122.66578,49.29058],[-122.66578,49.29058],[-122.66578,49.29058],[-122.66578,49.29058],[-122.66579,49.29058],[-122.66579,49.29058],[-122.66579,49.29058],[-122.66579,49.29058],[-122.66579,49.29058],[-122.66579,49.29058],[-122.6658,49.29058],[-122.6658,49.29058],[-122.6658,49.29058],[-122.6658,49.29058],[-122.6658,49.29058],[-122.6658,49.29058],[-122.66581,49.29058],[-122.66581,49.29058],[-122.66581,49.29058],[-122.66581,49.29058],[-122.66581,49.29057],[-122.66581,49.29057],[-122.66582,49.29057],[-122.66582,49.29057],[-122.66582,49.29057],[-122.66582,49.29057],[-122.66582,49.29057],[-122.66582,49.29057],[-122.66583,49.29057],[-122.66583,49.29057],[-122.66583,49.29057],[-122.66583,49.29057],[-122.66583,49.29057],[-122.66583,49.29057],[-122.66584,49.29057],[-122.66584,49.29057],[-122.66584,49.29057],[-122.66584,49.29057],[-122.66584,49.29057],[-122.66584,49.29057],[-122.66584,49.29057],[-122.66585,49.29057],[-122.66585,49.29057],[-122.66585,49.29057],[-122.66585,49.29057],[-122.66585,49.29056],[-122.66585,49.29056],[-122.66586,49.29056],[-122.66586,49.29056],[-122.66586,49.29056],[-122.66586,49.29056],[-122.66586,49.29056],[-122.66586,49.29056],[-122.66587,49.29056],[-122.66587,49.29056],[-122.66587,49.29056],[-122.66587,49.29056],[-122.66587,49.29056],[-122.66587,49.29056],[-122.66588,49.29056],[-122.66588,49.29056],[-122.66588,49.29056],[-122.66588,49.29056],[-122.66588,49.29056],[-122.66588,49.29056],[-122.66589,49.29056],[-122.66589,49.29056],[-122.66589,49.29056],[-122.66589,49.29056],[-122.66589,49.29056],[-122.66589,49.29055],[-122.6659,49.29055],[-122.6659,49.29055],[-122.6659,49.29055],[-122.6659,49.29055],[-122.6659,49.29055],[-122.6659,49.29055],[-122.66591,49.29055],[-122.66591,49.29055],[-122.66591,49.29055],[-122.66591,49.29055],[-122.66591,49.29055],[-122.66591,49.29055],[-122.66592,49.29055],[-122.66592,49.29055],[-122.66592,49.29055],[-122.66592,49.29055],[-122.66592,49.29055],[-122.66592,49.29055],[-122.66593,49.29055],[-122.66593,49.29055],[-122.66593,49.29055],[-122.66593,49.29055],[-122.66593,49.29055],[-122.66593,49.29055],[-122.66594,49.29055],[-122.66594,49.29054],[-122.66594,49.29054],[-122.66594,49.29054],[-122.66594,49.29054],[-122.66594,49.29054],[-122.66595,49.29054],[-122.66595,49.29054],[-122.66595,49.29054],[-122.66595,49.29054],[-122.66595,49.29054],[-122.66595,49.29054],[-122.66596,49.29054],[-122.66596,49.29054],[-122.66596,49.29054],[-122.66596,49.29054],[-122.66596,49.29054],[-122.66596,49.29054],[-122.66597,49.29054],[-122.66597,49.29054],[-122.66597,49.29054],[-122.66597,49.29054],[-122.66597,49.29054],[-122.66597,49.29054],[-122.66597,49.29054],[-122.66598,49.29054],[-122.66598,49.29053],[-122.66598,49.29053],[-122.66598,49.29053],[-122.66598,49.29053],[-122.66598,49.29053],[-122.66599,49.29053],[-122.66599,49.29053],[-122.66599,49.29053],[-122.66599,49.29053],[-122.66599,49.29053],[-122.66599,49.29053],[-122.666,49.29053],[-122.666,49.29053],[-122.666,49.29053],[-122.666,49.29053],[-122.666,49.29053],[-122.666,49.29053],[-122.66601,49.29053],[-122.66601,49.29053],[-122.66601,49.29053],[-122.66601,49.29053],[-122.66601,49.29053],[-122.66601,49.29053],[-122.66602,49.29053],[-122.66602,49.29053],[-122.66602,49.29052],[-122.66602,49.29052],[-122.66602,49.29052],[-122.66602,49.29052],[-122.66603,49.29052],[-122.66603,49.29052],[-122.66603,49.29052],[-122.66603,49.29052],[-122.66603,49.29052],[-122.66603,49.29052],[-122.66604,49.29052],[-122.66604,49.29052],[-122.66604,49.29052],[-122.66604,49.29052],[-122.66604,49.29052],[-122.66604,49.29052],[-122.66605,49.29052],[-122.66605,49.29052],[-122.66605,49.29052],[-122.66605,49.29052],[-122.66605,49.29052],[-122.66605,49.29052],[-122.66606,49.29052],[-122.66606,49.29052],[-122.66606,49.29052],[-122.66606,49.29052],[-122.66606,49.29051],[-122.66606,49.29051],[-122.66607,49.29051],[-122.66607,49.29051],[-122.66607,49.29051],[-122.66607,49.29051],[-122.66607,49.29051],[-122.66607,49.29051],[-122.66608,49.29051],[-122.66608,49.29051],[-122.66608,49.29051],[-122.66608,49.29051],[-122.66608,49.29051],[-122.66608,49.29051],[-122.66609,49.29051],[-122.66609,49.29051],[-122.66609,49.29051],[-122.66609,49.29051],[-122.66609,49.29051],[-122.66609,49.29051],[-122.6661,49.29051],[-122.6661,49.29051],[-122.6661,49.29051],[-122.6661,49.29051],[-122.6661,49.29051],[-122.6661,49.2905],[-122.66611,49.2905],[-122.66611,49.2905],[-122.66611,49.2905],[-122.66611,49.2905],[-122.66611,49.2905],[-122.66611,49.2905],[-122.66611,49.2905],[-122.66612,49.2905],[-122.66612,49.2905],[-122.66612,49.2905],[-122.66612,49.2905],[-122.66612,49.2905],[-122.66612,49.2905],[-122.66613,49.2905],[-122.66613,49.2905],[-122.66613,49.2905],[-122.66613,49.2905],[-122.66613,49.2905],[-122.66613,49.2905],[-122.66614,49.2905],[-122.66614,49.2905],[-122.66614,49.2905],[-122.66614,49.2905],[-122.66614,49.2905],[-122.66614,49.2905],[-122.66615,49.29049],[-122.66615,49.29049],[-122.66615,49.29049],[-122.66615,49.29049],[-122.66615,49.29049],[-122.66615,49.29049],[-122.66616,49.29049],[-122.66616,49.29049],[-122.66616,49.29049],[-122.66616,49.29049],[-122.66616,49.29049],[-122.66616,49.29049],[-122.66617,49.29049],[-122.66617,49.29049],[-122.66617,49.29049],[-122.66617,49.29049],[-122.66617,49.29049],[-122.66617,49.29049],[-122.66618,49.29049],[-122.66618,49.29049],[-122.66618,49.29049],[-122.66618,49.29049],[-122.66618,49.29049],[-122.66618,49.29049],[-122.66619,49.29049],[-122.66619,49.29049],[-122.66619,49.29048],[-122.66619,49.29048],[-122.66619,49.29048],[-122.66619,49.29048],[-122.6662,49.29048],[-122.6662,49.29048],[-122.6662,49.29048],[-122.6662,49.29048],[-122.6662,49.29048],[-122.6662,49.29048],[-122.66621,49.29048],[-122.66621,49.29048],[-122.66621,49.29048],[-122.66621,49.29048],[-122.66621,49.29048],[-122.66621,49.29048],[-122.66622,49.29048],[-122.66622,49.29048],[-122.66622,49.29048],[-122.66622,49.29048],[-122.66622,49.29048],[-122.66622,49.29048],[-122.66623,49.29048],[-122.66623,49.29048],[-122.66623,49.29048],[-122.66623,49.29048],[-122.66623,49.29047],[-122.66623,49.29047],[-122.66624,49.29047],[-122.66624,49.29047],[-122.66624,49.29047],[-122.66624,49.29047],[-122.66624,49.29047],[-122.66624,49.29047],[-122.66625,49.29047],[-122.66625,49.29047],[-122.66625,49.29047],[-122.66625,49.29047],[-122.66625,49.29047],[-122.66625,49.29047],[-122.66626,49.29047],[-122.66626,49.29047],[-122.66626,49.29047],[-122.66626,49.29047],[-122.66626,49.29047],[-122.66626,49.29047],[-122.66627,49.29047],[-122.66627,49.29047],[-122.66627,49.29047],[-122.66627,49.29047],[-122.66627,49.29047],[-122.66627,49.29046],[-122.66627,49.29046],[-122.66628,49.29046],[-122.66628,49.29046],[-122.66628,49.29046],[-122.66628,49.29046],[-122.66628,49.29046],[-122.66628,49.29046],[-122.66629,49.29046],[-122.66629,49.29046],[-122.66629,49.29046],[-122.66629,49.29046],[-122.66629,49.29046],[-122.66629,49.29046],[-122.6663,49.29046],[-122.6663,49.29046],[-122.6663,49.29046],[-122.6663,49.29046],[-122.6663,49.29046],[-122.6663,49.29046],[-122.66631,49.29046],[-122.66631,49.29046],[-122.66631,49.29046],[-122.66631,49.29046],[-122.66631,49.29046],[-122.66631,49.29046],[-122.66632,49.29045],[-122.66632,49.29045],[-122.66632,49.29045],[-122.66632,49.29045],[-122.66632,49.29045],[-122.66632,49.29045],[-122.66633,49.29045],[-122.66633,49.29045],[-122.66633,49.29045],[-122.66633,49.29045],[-122.66633,49.29045],[-122.66633,49.29045],[-122.66634,49.29045],[-122.66634,49.29045],[-122.66634,49.29045],[-122.66634,49.29045],[-122.66634,49.29045],[-122.66634,49.29045],[-122.66635,49.29045],[-122.66635,49.29045],[-122.66635,49.29045],[-122.66635,49.29045],[-122.66635,49.29045],[-122.66635,49.29045],[-122.66636,49.29045],[-122.66636,49.29045],[-122.66636,49.29044],[-122.66636,49.29044],[-122.66636,49.29044],[-122.66636,49.29044],[-122.66637,49.29044],[-122.66637,49.29044],[-122.66637,49.29044],[-122.66637,49.29044],[-122.66637,49.29044],[-122.66637,49.29044],[-122.66638,49.29044],[-122.66638,49.29044],[-122.66638,49.29044],[-122.66638,49.29044],[-122.66638,49.29044],[-122.66638,49.29044],[-122.66639,49.29044],[-122.66639,49.29044],[-122.66639,49.29044],[-122.66639,49.29044],[-122.66639,49.29044],[-122.66639,49.29044],[-122.6664,49.29044],[-122.6664,49.29044],[-122.6664,49.29044],[-122.6664,49.29044],[-122.6664,49.29043],[-122.6664,49.29043],[-122.66641,49.29043],[-122.66641,49.29043],[-122.66641,49.29043],[-122.66641,49.29043],[-122.66641,49.29043],[-122.66641,49.29043],[-122.66642,49.29043],[-122.66642,49.29043],[-122.66642,49.29043],[-122.66642,49.29043],[-122.66642,49.29043],[-122.66642,49.29043],[-122.66643,49.29043],[-122.66643,49.29043],[-122.66643,49.29043],[-122.66643,49.29043],[-122.66643,49.29043],[-122.66643,49.29043],[-122.66644,49.29043],[-122.66644,49.29043],[-122.66644,49.29043],[-122.66644,49.29043],[-122.66644,49.29043],[-122.66644,49.29043],[-122.66645,49.29042],[-122.66645,49.29042],[-122.66645,49.29042],[-122.66645,49.29042],[-122.66645,49.29042],[-122.66645,49.29042],[-122.66645,49.29042],[-122.66646,49.29042],[-122.66646,49.29042],[-122.66646,49.29042],[-122.66646,49.29042],[-122.66646,49.29042],[-122.66646,49.29042],[-122.66647,49.29042],[-122.66647,49.29042],[-122.66647,49.29042],[-122.66647,49.29042],[-122.66647,49.29042],[-122.66647,49.29042],[-122.66648,49.29042],[-122.66648,49.29042],[-122.66648,49.29042],[-122.66648,49.29042],[-122.66648,49.29042],[-122.66648,49.29042],[-122.66649,49.29042],[-122.66649,49.29041],[-122.66649,49.29041],[-122.66649,49.29041],[-122.66649,49.29041],[-122.66649,49.29041],[-122.6665,49.29041],[-122.6665,49.29041],[-122.6665,49.29041],[-122.6665,49.29041],[-122.6665,49.29041],[-122.6665,49.29041],[-122.66651,49.29041],[-122.66651,49.29041],[-122.66651,49.29041],[-122.66651,49.29041],[-122.66651,49.29041],[-122.66651,49.29041],[-122.66652,49.29041],[-122.66652,49.29041],[-122.66652,49.29041],[-122.66652,49.29041],[-122.66652,49.29041],[-122.66652,49.29041],[-122.66653,49.29041],[-122.66653,49.29041],[-122.66653,49.29041],[-122.66653,49.2904],[-122.66653,49.2904],[-122.66653,49.2904],[-122.66654,49.2904],[-122.66654,49.2904],[-122.66654,49.2904],[-122.66654,49.2904],[-122.66654,49.2904],[-122.66654,49.2904],[-122.66655,49.2904],[-122.66655,49.2904],[-122.66655,49.2904],[-122.66655,49.2904],[-122.66655,49.2904],[-122.66655,49.2904],[-122.66656,49.2904],[-122.66656,49.2904],[-122.66656,49.2904],[-122.66656,49.2904],[-122.66656,49.2904],[-122.66656,49.2904],[-122.66657,49.2904],[-122.66657,49.2904],[-122.66657,49.2904],[-122.66657,49.2904],[-122.66657,49.2904],[-122.66657,49.29039],[-122.66658,49.29039],[-122.66658,49.29039],[-122.66658,49.29039],[-122.66658,49.29039],[-122.66658,49.29039],[-122.66658,49.29039],[-122.66659,49.29039],[-122.66659,49.29039],[-122.66659,49.29039],[-122.66659,49.29039],[-122.66659,49.29039],[-122.66659,49.29039],[-122.6666,49.29039],[-122.6666,49.29039],[-122.6666,49.29039],[-122.6666,49.29039],[-122.6666,49.29039],[-122.6666,49.29039],[-122.66661,49.29039],[-122.66661,49.29039],[-122.66661,49.29039],[-122.66661,49.29039],[-122.66661,49.29039],[-122.66661,49.29039],[-122.66662,49.29039],[-122.66662,49.29038],[-122.66662,49.29038],[-122.66662,49.29038],[-122.66662,49.29038],[-122.66662,49.29038],[-122.66663,49.29038],[-122.66663,49.29038],[-122.66663,49.29038],[-122.66663,49.29038],[-122.66663,49.29038],[-122.66663,49.29038],[-122.66664,49.29038],[-122.66664,49.29038],[-122.66664,49.29038],[-122.66664,49.29038],[-122.66664,49.29038],[-122.66664,49.29038],[-122.66665,49.29038],[-122.66665,49.29038],[-122.66665,49.29038],[-122.66665,49.29038],[-122.66665,49.29038],[-122.66665,49.29038],[-122.66665,49.29038],[-122.66666,49.29038],[-122.66666,49.29038],[-122.66666,49.29037],[-122.66666,49.29037],[-122.66666,49.29037],[-122.66666,49.29037],[-122.66667,49.29037],[-122.66667,49.29037],[-122.66667,49.29037],[-122.66667,49.29037],[-122.66667,49.29037],[-122.66667,49.29037],[-122.66668,49.29037],[-122.66668,49.29037],[-122.66668,49.29037],[-122.66668,49.29037],[-122.66668,49.29037],[-122.66668,49.29037],[-122.66669,49.29037],[-122.66669,49.29037],[-122.66669,49.29037],[-122.66669,49.29037],[-122.66669,49.29037],[-122.66669,49.29037],[-122.6667,49.29037],[-122.6667,49.29037],[-122.6667,49.29037],[-122.6667,49.29037],[-122.6667,49.29036],[-122.6667,49.29036],[-122.66671,49.29036],[-122.66671,49.29036],[-122.66671,49.29036],[-122.66671,49.29036],[-122.66671,49.29036],[-122.66671,49.29036],[-122.66672,49.29036],[-122.66672,49.29036],[-122.66672,49.29036],[-122.66672,49.29036],[-122.66672,49.29036],[-122.66672,49.29036],[-122.66673,49.29036],[-122.66673,49.29036],[-122.66673,49.29036],[-122.66673,49.29036],[-122.66673,49.29036],[-122.66673,49.29036],[-122.66674,49.29036],[-122.66674,49.29036],[-122.66674,49.29036],[-122.66674,49.29036],[-122.66674,49.29036],[-122.66674,49.29036],[-122.66675,49.29035],[-122.66675,49.29035],[-122.66675,49.29035],[-122.66675,49.29035],[-122.66675,49.29035],[-122.66675,49.29035],[-122.66676,49.29035],[-122.66676,49.29035],[-122.66676,49.29035],[-122.66676,49.29035],[-122.66676,49.29035],[-122.66676,49.29035],[-122.66677,49.29035],[-122.66677,49.29035],[-122.66677,49.29035],[-122.66677,49.29035],[-122.66677,49.29035],[-122.66677,49.29035],[-122.66678,49.29035],[-122.66678,49.29035],[-122.66678,49.29035],[-122.66678,49.29035],[-122.66678,49.29035],[-122.66678,49.29035],[-122.66679,49.29035],[-122.66679,49.29035],[-122.66679,49.29034],[-122.66679,49.29034],[-122.66679,49.29034],[-122.66679,49.29034],[-122.6668,49.29034],[-122.6668,49.29034],[-122.6668,49.29034],[-122.6668,49.29034],[-122.6668,49.29034],[-122.6668,49.29034],[-122.66681,49.29034],[-122.66681,49.29034],[-122.66681,49.29034],[-122.66681,49.29034],[-122.66681,49.29034],[-122.66681,49.29034],[-122.66682,49.29034],[-122.66682,49.29034],[-122.66682,49.29034],[-122.66682,49.29034],[-122.66682,49.29034],[-122.66682,49.29034],[-122.66683,49.29034],[-122.66683,49.29034],[-122.66683,49.29034],[-122.66683,49.29034],[-122.66683,49.29033],[-122.66683,49.29033],[-122.66684,49.29033],[-122.66684,49.29033],[-122.66684,49.29033],[-122.66684,49.29033],[-122.66684,49.29033],[-122.66684,49.29033],[-122.66685,49.29033],[-122.66685,49.29033],[-122.66685,49.29033],[-122.66685,49.29033],[-122.66685,49.29033],[-122.66685,49.29033],[-122.66686,49.29033],[-122.66686,49.29033],[-122.66686,49.29033],[-122.66686,49.29033],[-122.66686,49.29033],[-122.66686,49.29033],[-122.66686,49.29033],[-122.66687,49.29033],[-122.66687,49.29033],[-122.66687,49.29033],[-122.66687,49.29033],[-122.66687,49.29033],[-122.66687,49.29032],[-122.66688,49.29032],[-122.66688,49.29032],[-122.66688,49.29032],[-122.66688,49.29032],[-122.66688,49.29032],[-122.66688,49.29032],[-122.66689,49.29032],[-122.66689,49.29032],[-122.66689,49.29032],[-122.66689,49.29032],[-122.66689,49.29032],[-122.66689,49.29032],[-122.6669,49.29032],[-122.6669,49.29032],[-122.6669,49.29032],[-122.6669,49.29032],[-122.6669,49.29032],[-122.6669,49.29032],[-122.66691,49.29032],[-122.66691,49.29032],[-122.66691,49.29032],[-122.66691,49.29032],[-122.66691,49.29032],[-122.66691,49.29032],[-122.66692,49.29032],[-122.66692,49.29032],[-122.66692,49.29031],[-122.66692,49.29031],[-122.66692,49.29031],[-122.66692,49.29031],[-122.66693,49.29031],[-122.66693,49.29031],[-122.66693,49.29031],[-122.66693,49.29031],[-122.66693,49.29031],[-122.66693,49.29031],[-122.66694,49.29031],[-122.66694,49.29031],[-122.66694,49.29031],[-122.66694,49.29031],[-122.66694,49.29031],[-122.66694,49.29031],[-122.66695,49.29031],[-122.66695,49.29031],[-122.66695,49.29031],[-122.66695,49.29031],[-122.66695,49.29031],[-122.66695,49.29031],[-122.66696,49.29031],[-122.66696,49.29031],[-122.66696,49.29031],[-122.66696,49.29031],[-122.66696,49.2903],[-122.66696,49.2903],[-122.66697,49.2903],[-122.66697,49.2903],[-122.66697,49.2903],[-122.66697,49.2903],[-122.66697,49.2903],[-122.66697,49.2903],[-122.66698,49.2903],[-122.66698,49.2903],[-122.66698,49.2903],[-122.66698,49.2903],[-122.66698,49.2903],[-122.66698,49.2903],[-122.66699,49.2903],[-122.66699,49.2903],[-122.66699,49.2903],[-122.66699,49.2903],[-122.66699,49.2903],[-122.66699,49.2903],[-122.667,49.2903],[-122.667,49.2903],[-122.667,49.2903],[-122.667,49.2903],[-122.667,49.2903],[-122.667,49.2903],[-122.66701,49.29029],[-122.66701,49.29029],[-122.66701,49.29029],[-122.66701,49.29029],[-122.66701,49.29029],[-122.66701,49.29029],[-122.66702,49.29029],[-122.66702,49.29029],[-122.66702,49.29029],[-122.66702,49.29029],[-122.66702,49.29029],[-122.66702,49.29029],[-122.66703,49.29029],[-122.66703,49.29029],[-122.66703,49.29029],[-122.66703,49.29029],[-122.66703,49.29029],[-122.66703,49.29029],[-122.66704,49.29029],[-122.66704,49.29029],[-122.66704,49.29029],[-122.66704,49.29029],[-122.66704,49.29029],[-122.66704,49.29029],[-122.66705,49.29029],[-122.66705,49.29029],[-122.66705,49.29028],[-122.66705,49.29028],[-122.66705,49.29028],[-122.66705,49.29028],[-122.66706,49.29028],[-122.66706,49.29028],[-122.66706,49.29028],[-122.66706,49.29028],[-122.66706,49.29028],[-122.66706,49.29028],[-122.66706,49.29028],[-122.66707,49.29028],[-122.66707,49.29028],[-122.66707,49.29028],[-122.66707,49.29028],[-122.66707,49.29028],[-122.66707,49.29028],[-122.66708,49.29028],[-122.66708,49.29028],[-122.66708,49.29028],[-122.66708,49.29028],[-122.66708,49.29028],[-122.66708,49.29028],[-122.66709,49.29028],[-122.66709,49.29028],[-122.66709,49.29028],[-122.66709,49.29027],[-122.66709,49.29027],[-122.66709,49.29027],[-122.6671,49.29027],[-122.6671,49.29027],[-122.6671,49.29027],[-122.6671,49.29027],[-122.6671,49.29027],[-122.6671,49.29027],[-122.66711,49.29027],[-122.66711,49.29027],[-122.66711,49.29027],[-122.66711,49.29027],[-122.66711,49.29027],[-122.66711,49.29027],[-122.66712,49.29027],[-122.66712,49.29027],[-122.66712,49.29027],[-122.66712,49.29027],[-122.66712,49.29027],[-122.66712,49.29027],[-122.66713,49.29027],[-122.66713,49.29027],[-122.66713,49.29027],[-122.66713,49.29027],[-122.66713,49.29027],[-122.66713,49.29026],[-122.66714,49.29026],[-122.66714,49.29026],[-122.66714,49.29026],[-122.66714,49.29026],[-122.66714,49.29026],[-122.66714,49.29026],[-122.66715,49.29026],[-122.66715,49.29026],[-122.66715,49.29026],[-122.66715,49.29026],[-122.66715,49.29026],[-122.66715,49.29026],[-122.66716,49.29026],[-122.66716,49.29026],[-122.66716,49.29026],[-122.66716,49.29026],[-122.66716,49.29026],[-122.66716,49.29026],[-122.66717,49.29026],[-122.66717,49.29026],[-122.66717,49.29026],[-122.66717,49.29026],[-122.66717,49.29026],[-122.66717,49.29026],[-122.66718,49.29026],[-122.66718,49.29025],[-122.66718,49.29025],[-122.66718,49.29025],[-122.66718,49.29025],[-122.66718,49.29025],[-122.66719,49.29025],[-122.66719,49.29025],[-122.66719,49.29025],[-122.66719,49.29025],[-122.66719,49.29025],[-122.66719,49.29025],[-122.6672,49.29025],[-122.6672,49.29025],[-122.6672,49.29025],[-122.6672,49.29025],[-122.6672,49.29025],[-122.6672,49.29025],[-122.66721,49.29025],[-122.66721,49.29025],[-122.66721,49.29025],[-122.66721,49.29025],[-122.66721,49.29025],[-122.66721,49.29025],[-122.66722,49.29025],[-122.66722,49.29025],[-122.66722,49.29024],[-122.66722,49.29024],[-122.66722,49.29024],[-122.66722,49.29024],[-122.66723,49.29024],[-122.66723,49.29024],[-122.66723,49.29024],[-122.66723,49.29024],[-122.66723,49.29024],[-122.66723,49.29024],[-122.66724,49.29024],[-122.66724,49.29024],[-122.66724,49.29024],[-122.66724,49.29024],[-122.66724,49.29024],[-122.66724,49.29024],[-122.66724,49.29024],[-122.66725,49.29024],[-122.66725,49.29024],[-122.66725,49.29024],[-122.66725,49.29024],[-122.66725,49.29024],[-122.66725,49.29024],[-122.66726,49.29024],[-122.66726,49.29024],[-122.66726,49.29024],[-122.66726,49.29023],[-122.66726,49.29023],[-122.66726,49.29023],[-122.66727,49.29023],[-122.66727,49.29023],[-122.66727,49.29023],[-122.66727,49.29023],[-122.66727,49.29023],[-122.66727,49.29023],[-122.66728,49.29023],[-122.66728,49.29023],[-122.66728,49.29023],[-122.66728,49.29023],[-122.66728,49.29023],[-122.66728,49.29023],[-122.66729,49.29023],[-122.66729,49.29023],[-122.66729,49.29023],[-122.66729,49.29023],[-122.66729,49.29023],[-122.66729,49.29023],[-122.6673,49.29023],[-122.6673,49.29023],[-122.6673,49.29023],[-122.6673,49.29023],[-122.6673,49.29023],[-122.6673,49.29023],[-122.66731,49.29022],[-122.66731,49.29022],[-122.66731,49.29022],[-122.66731,49.29022],[-122.66731,49.29022],[-122.66731,49.29022],[-122.66732,49.29022],[-122.66732,49.29022],[-122.66732,49.29022],[-122.66732,49.29022],[-122.66732,49.29022],[-122.66732,49.29022],[-122.66733,49.29022],[-122.66733,49.29022],[-122.66733,49.29022],[-122.66733,49.29022],[-122.66733,49.29022],[-122.66733,49.29022],[-122.66734,49.29022],[-122.66734,49.29022],[-122.66734,49.29022],[-122.66734,49.29022],[-122.66734,49.29022],[-122.66734,49.29022],[-122.66735,49.29022],[-122.66735,49.29022],[-122.66735,49.29021],[-122.66735,49.29021],[-122.66735,49.29021],[-122.66735,49.29021],[-122.66736,49.29021],[-122.66736,49.29021],[-122.66736,49.29021],[-122.66736,49.29021],[-122.66736,49.29021],[-122.66736,49.29021],[-122.66737,49.29021],[-122.66737,49.29021],[-122.66737,49.29021],[-122.66737,49.29021],[-122.66737,49.29021],[-122.66737,49.29021],[-122.66738,49.29021],[-122.66738,49.29021],[-122.66738,49.29021],[-122.66738,49.29021],[-122.66738,49.29021],[-122.66738,49.29021],[-122.66739,49.29021],[-122.66739,49.29021],[-122.66739,49.29021],[-122.66739,49.29021],[-122.66739,49.2902],[-122.66739,49.2902],[-122.6674,49.2902],[-122.6674,49.2902],[-122.6674,49.2902],[-122.6674,49.2902],[-122.6674,49.2902],[-122.6674,49.2902],[-122.66741,49.2902],[-122.66741,49.2902],[-122.66741,49.2902],[-122.66741,49.2902],[-122.66741,49.2902],[-122.66741,49.2902],[-122.66742,49.2902],[-122.66742,49.2902],[-122.66742,49.2902],[-122.66742,49.2902],[-122.66742,49.2902],[-122.66742,49.2902],[-122.66743,49.2902],[-122.66743,49.2902],[-122.66743,49.2902],[-122.66743,49.2902],[-122.66743,49.2902],[-122.66743,49.2902],[-122.66743,49.2902],[-122.66744,49.29019],[-122.66744,49.29019],[-122.66744,49.29019],[-122.66744,49.29019],[-122.66744,49.29019],[-122.66744,49.29019],[-122.66745,49.29019],[-122.66745,49.29019],[-122.66745,49.29019],[-122.66745,49.29019],[-122.66745,49.29019],[-122.66745,49.29019],[-122.66746,49.29019],[-122.66746,49.29019],[-122.66746,49.29019],[-122.66746,49.29019],[-122.66746,49.29019],[-122.66746,49.29019],[-122.66747,49.29019],[-122.66747,49.29019],[-122.66747,49.29019],[-122.66747,49.29019],[-122.66747,49.29019],[-122.66747,49.29019],[-122.66748,49.29019],[-122.66748,49.29019],[-122.66748,49.29018],[-122.66748,49.29018],[-122.66748,49.29018],[-122.66748,49.29018],[-122.66749,49.29018],[-122.66749,49.29018],[-122.66749,49.29018],[-122.66749,49.29018],[-122.66749,49.29018],[-122.66749,49.29018],[-122.6675,49.29018],[-122.6675,49.29018],[-122.6675,49.29018],[-122.6675,49.29018],[-122.6675,49.29018],[-122.6675,49.29018],[-122.66751,49.29018],[-122.66751,49.29018],[-122.66751,49.29018],[-122.66751,49.29018],[-122.66751,49.29018],[-122.66751,49.29018],[-122.66752,49.29018],[-122.66752,49.29018],[-122.66752,49.29018],[-122.66752,49.29018],[-122.66752,49.29018],[-122.66752,49.29017],[-122.66753,49.29017],[-122.66753,49.29017],[-122.66753,49.29017],[-122.66753,49.29017],[-122.66753,49.29017],[-122.66753,49.29017],[-122.66754,49.29017],[-122.66754,49.29017],[-122.66754,49.29017],[-122.66754,49.29017],[-122.66754,49.29017],[-122.66754,49.29017],[-122.66755,49.29017],[-122.66755,49.29017],[-122.66755,49.29017],[-122.66755,49.29017],[-122.66755,49.29017],[-122.66755,49.29017],[-122.66756,49.29017],[-122.66756,49.29017],[-122.66756,49.29017],[-122.66756,49.29017],[-122.66756,49.29017],[-122.66756,49.29017],[-122.66757,49.29017],[-122.66757,49.29017],[-122.66757,49.29016],[-122.66757,49.29016],[-122.66757,49.29016],[-122.66757,49.29016],[-122.66758,49.29016],[-122.66758,49.29016],[-122.66758,49.29016],[-122.66758,49.29016],[-122.66758,49.29016],[-122.66758,49.29016],[-122.66759,49.29016],[-122.66759,49.29016],[-122.66759,49.29016],[-122.66759,49.29016],[-122.66759,49.29016],[-122.66759,49.29016],[-122.6676,49.29016],[-122.6676,49.29016],[-122.6676,49.29016],[-122.6676,49.29016],[-122.6676,49.29016],[-122.6676,49.29016],[-122.66761,49.29016],[-122.66761,49.29016],[-122.66761,49.29016],[-122.66761,49.29016],[-122.66761,49.29016],[-122.66761,49.29015],[-122.66762,49.29015],[-122.66762,49.29015],[-122.66762,49.29015],[-122.66762,49.29015],[-122.66762,49.29015],[-122.66762,49.29015],[-122.66763,49.29015],[-122.66763,49.29015],[-122.66763,49.29015],[-122.66763,49.29015],[-122.66763,49.29015],[-122.66763,49.29015],[-122.66764,49.29015],[-122.66764,49.29015],[-122.66764,49.29015],[-122.66764,49.29015],[-122.66764,49.29015],[-122.66764,49.29015],[-122.66765,49.29015],[-122.66765,49.29015],[-122.66765,49.29015],[-122.66765,49.29015],[-122.66765,49.29015],[-122.66765,49.29015],[-122.66766,49.29015],[-122.66766,49.29015],[-122.66766,49.29014],[-122.66766,49.29014],[-122.66766,49.29014],[-122.66766,49.29014],[-122.66767,49.29014],[-122.66767,49.29014],[-122.66767,49.29014],[-122.66767,49.29014],[-122.66767,49.29014],[-122.66767,49.29014],[-122.66768,49.29014],[-122.66768,49.29014],[-122.66768,49.29014],[-122.66768,49.29014],[-122.66768,49.29014],[-122.66768,49.29014],[-122.66769,49.29014],[-122.66769,49.29014],[-122.66769,49.29014],[-122.66769,49.29014],[-122.66769,49.29014],[-122.66769,49.29014],[-122.6677,49.29014],[-122.6677,49.29014],[-122.6677,49.29014],[-122.6677,49.29014],[-122.6677,49.29014],[-122.6677,49.29014],[-122.6677,49.29013],[-122.66771,49.29013],[-122.66771,49.29013],[-122.66771,49.29013],[-122.66771,49.29013],[-122.66771,49.29013],[-122.66771,49.29013],[-122.66772,49.29013],[-122.66772,49.29013],[-122.66772,49.29013],[-122.66772,49.29013],[-122.66772,49.29013],[-122.66772,49.29013],[-122.66773,49.29013],[-122.66773,49.29013],[-122.66773,49.29013],[-122.66773,49.29013],[-122.66773,49.29013],[-122.66773,49.29013],[-122.66774,49.29013],[-122.66774,49.29013],[-122.66774,49.29013],[-122.66774,49.29013],[-122.66774,49.29013],[-122.66774,49.29013],[-122.66775,49.29013],[-122.66775,49.29013],[-122.66775,49.29012],[-122.66775,49.29012],[-122.66775,49.29012],[-122.66775,49.29012],[-122.66776,49.29012],[-122.66776,49.29012],[-122.66776,49.29012],[-122.66776,49.29012],[-122.66776,49.29012],[-122.66776,49.29012],[-122.66777,49.29012],[-122.66777,49.29012],[-122.66777,49.29012],[-122.66777,49.29012],[-122.66777,49.29012],[-122.66777,49.29012],[-122.66778,49.29012],[-122.66778,49.29012],[-122.66778,49.29012],[-122.66778,49.29012],[-122.66778,49.29012],[-122.66778,49.29012],[-122.66779,49.29012],[-122.66779,49.29012],[-122.66779,49.29012],[-122.66779,49.29012],[-122.66779,49.29012],[-122.66779,49.29012],[-122.6678,49.29011],[-122.6678,49.29011],[-122.6678,49.29011],[-122.6678,49.29011],[-122.6678,49.29011],[-122.6678,49.29011],[-122.66781,49.29011],[-122.66781,49.29011],[-122.66781,49.29011],[-122.66781,49.29011],[-122.66781,49.29011],[-122.66781,49.29011],[-122.66782,49.29011],[-122.66782,49.29011],[-122.66782,49.29011],[-122.66782,49.29011],[-122.66782,49.29011],[-122.66782,49.29011],[-122.66783,49.29011],[-122.66783,49.29011],[-122.66783,49.29011],[-122.66783,49.29011],[-122.66783,49.29011],[-122.66783,49.29011],[-122.66784,49.29011],[-122.66784,49.29011],[-122.66784,49.29011],[-122.66784,49.2901],[-122.66784,49.2901],[-122.66784,49.2901],[-122.66785,49.2901],[-122.66785,49.2901],[-122.66785,49.2901],[-122.66785,49.2901],[-122.66785,49.2901],[-122.66785,49.2901],[-122.66786,49.2901],[-122.66786,49.2901],[-122.66786,49.2901],[-122.66786,49.2901],[-122.66786,49.2901],[-122.66786,49.2901],[-122.66787,49.2901],[-122.66787,49.2901],[-122.66787,49.2901],[-122.66787,49.2901],[-122.66787,49.2901],[-122.66787,49.2901],[-122.66788,49.2901],[-122.66788,49.2901],[-122.66788,49.2901],[-122.66788,49.2901],[-122.66788,49.2901],[-122.66788,49.2901],[-122.66789,49.2901],[-122.66789,49.29009],[-122.66789,49.29009],[-122.66789,49.29009],[-122.66789,49.29009],[-122.66789,49.29009],[-122.6679,49.29009],[-122.6679,49.29009],[-122.6679,49.29009],[-122.6679,49.29009],[-122.6679,49.29009],[-122.6679,49.29009],[-122.66791,49.29009],[-122.66791,49.29009],[-122.66791,49.29009],[-122.66791,49.29009],[-122.66791,49.29009],[-122.66791,49.29009],[-122.66792,49.29009],[-122.66792,49.29009],[-122.66792,49.29009],[-122.66792,49.29009],[-122.66792,49.29009],[-122.66792,49.29009],[-122.66793,49.29009],[-122.66793,49.29009],[-122.66793,49.29009],[-122.66793,49.29009],[-122.66793,49.29009],[-122.66793,49.29008],[-122.66794,49.29008],[-122.66794,49.29008],[-122.66794,49.29008],[-122.66794,49.29008],[-122.66794,49.29008],[-122.66794,49.29008],[-122.66795,49.29008],[-122.66795,49.29008],[-122.66795,49.29008],[-122.66795,49.29008],[-122.66795,49.29008],[-122.66795,49.29008],[-122.66796,49.29008],[-122.66796,49.29008],[-122.66796,49.29008],[-122.66796,49.29008],[-122.66796,49.29008],[-122.66796,49.29008],[-122.66797,49.29008],[-122.66797,49.29008],[-122.66797,49.29008],[-122.66797,49.29008],[-122.66797,49.29008],[-122.66797,49.29008],[-122.66798,49.29008],[-122.66798,49.29008],[-122.66798,49.29008],[-122.66798,49.29008],[-122.66798,49.29007],[-122.66798,49.29007],[-122.66799,49.29007],[-122.66799,49.29007],[-122.66799,49.29007],[-122.66799,49.29007],[-122.66799,49.29007],[-122.66799,49.29007],[-122.668,49.29007],[-122.668,49.29007],[-122.668,49.29007],[-122.668,49.29007],[-122.668,49.29007],[-122.668,49.29007],[-122.66801,49.29007],[-122.66801,49.29007],[-122.66801,49.29007],[-122.66801,49.29007],[-122.66801,49.29007],[-122.66801,49.29007],[-122.66802,49.29007],[-122.66802,49.29007],[-122.66802,49.29007],[-122.66802,49.29007],[-122.66802,49.29007],[-122.66802,49.29007],[-122.66803,49.29007],[-122.66803,49.29007],[-122.66803,49.29006],[-122.66803,49.29006],[-122.66803,49.29006],[-122.66803,49.29006],[-122.66804,49.29006],[-122.66804,49.29006],[-122.66804,49.29006],[-122.66804,49.29006],[-122.66804,49.29006],[-122.66804,49.29006],[-122.66805,49.29006],[-122.66805,49.29006],[-122.66805,49.29006],[-122.66805,49.29006],[-122.66805,49.29006],[-122.66805,49.29006],[-122.66806,49.29006],[-122.66806,49.29006],[-122.66806,49.29006],[-122.66806,49.29006],[-122.66806,49.29006],[-122.66806,49.29006],[-122.66807,49.29006],[-122.66807,49.29006],[-122.66807,49.29006],[-122.66807,49.29006],[-122.66807,49.29006],[-122.66807,49.29006],[-122.66808,49.29005],[-122.66808,49.29005],[-122.66808,49.29005],[-122.66808,49.29005],[-122.66808,49.29005],[-122.66808,49.29005],[-122.66809,49.29005],[-122.66809,49.29005],[-122.66809,49.29005],[-122.66809,49.29005],[-122.66809,49.29005],[-122.66809,49.29005],[-122.6681,49.29005],[-122.6681,49.29005],[-122.6681,49.29005],[-122.6681,49.29005],[-122.6681,49.29005],[-122.6681,49.29005],[-122.66811,49.29005],[-122.66811,49.29005],[-122.66811,49.29005],[-122.66811,49.29005],[-122.66811,49.29005],[-122.66811,49.29005],[-122.66812,49.29005],[-122.66812,49.29005],[-122.66812,49.29005],[-122.66812,49.29005],[-122.66812,49.29005],[-122.66812,49.29004],[-122.66813,49.29004],[-122.66813,49.29004],[-122.66813,49.29004],[-122.66813,49.29004],[-122.66813,49.29004],[-122.66813,49.29004],[-122.66814,49.29004],[-122.66814,49.29004],[-122.66814,49.29004],[-122.66814,49.29004],[-122.66814,49.29004],[-122.66814,49.29004],[-122.66815,49.29004],[-122.66815,49.29004],[-122.66815,49.29004],[-122.66815,49.29004],[-122.66815,49.29004],[-122.66815,49.29004],[-122.66816,49.29004],[-122.66816,49.29004],[-122.66816,49.29004],[-122.66816,49.29004],[-122.66816,49.29004],[-122.66816,49.29004],[-122.66817,49.29004],[-122.66817,49.29004],[-122.66817,49.29004],[-122.66817,49.29004],[-122.66817,49.29003],[-122.66817,49.29003],[-122.66818,49.29003],[-122.66818,49.29003],[-122.66818,49.29003],[-122.66818,49.29003],[-122.66818,49.29003],[-122.66818,49.29003],[-122.66819,49.29003],[-122.66819,49.29003],[-122.66819,49.29003],[-122.66819,49.29003],[-122.66819,49.29003],[-122.66819,49.29003],[-122.6682,49.29003],[-122.6682,49.29003],[-122.6682,49.29003],[-122.6682,49.29003],[-122.6682,49.29003],[-122.6682,49.29003],[-122.66821,49.29003],[-122.66821,49.29003],[-122.66821,49.29003],[-122.66821,49.29003],[-122.66821,49.29003],[-122.66821,49.29003],[-122.66822,49.29003],[-122.66822,49.29003],[-122.66822,49.29003],[-122.66822,49.29002],[-122.66822,49.29002],[-122.66822,49.29002],[-122.66823,49.29002],[-122.66823,49.29002],[-122.66823,49.29002],[-122.66823,49.29002],[-122.66823,49.29002],[-122.66823,49.29002],[-122.66824,49.29002],[-122.66824,49.29002],[-122.66824,49.29002],[-122.66824,49.29002],[-122.66824,49.29002],[-122.66824,49.29002],[-122.66825,49.29002],[-122.66825,49.29002],[-122.66825,49.29002],[-122.66825,49.29002],[-122.66825,49.29002],[-122.66825,49.29002],[-122.66826,49.29002],[-122.66826,49.29002],[-122.66826,49.29002],[-122.66826,49.29002],[-122.66826,49.29002],[-122.66826,49.29002],[-122.66827,49.29002],[-122.66827,49.29002],[-122.66827,49.29001],[-122.66827,49.29001],[-122.66827,49.29001],[-122.66827,49.29001],[-122.66828,49.29001],[-122.66828,49.29001],[-122.66828,49.29001],[-122.66828,49.29001],[-122.66828,49.29001],[-122.66828,49.29001],[-122.66829,49.29001],[-122.66829,49.29001],[-122.66829,49.29001],[-122.66829,49.29001],[-122.66829,49.29001],[-122.66829,49.29001],[-122.6683,49.29001],[-122.6683,49.29001],[-122.6683,49.29001],[-122.6683,49.29001],[-122.6683,49.29001],[-122.6683,49.29001],[-122.66831,49.29001],[-122.66831,49.29001],[-122.66831,49.29001],[-122.66831,49.29001],[-122.66831,49.29001],[-122.66831,49.29001],[-122.66832,49.29001],[-122.66832,49.29],[-122.66832,49.29],[-122.66832,49.29],[-122.66832,49.29],[-122.66832,49.29],[-122.66833,49.29],[-122.66833,49.29],[-122.66833,49.29],[-122.66833,49.29],[-122.66833,49.29],[-122.66833,49.29],[-122.66834,49.29],[-122.66834,49.29],[-122.66834,49.29],[-122.66834,49.29],[-122.66834,49.29],[-122.66834,49.29],[-122.66835,49.29],[-122.66835,49.29],[-122.66835,49.29],[-122.66835,49.29],[-122.66835,49.29],[-122.66835,49.29],[-122.66836,49.29],[-122.66836,49.29],[-122.66836,49.29],[-122.66836,49.29],[-122.66836,49.29],[-122.66836,49.29],[-122.66837,49.29],[-122.66837,49.28999],[-122.66837,49.28999],[-122.66837,49.28999],[-122.66837,49.28999],[-122.66837,49.28999],[-122.66838,49.28999],[-122.66838,49.28999],[-122.66838,49.28999],[-122.66838,49.28999],[-122.66838,49.28999],[-122.66838,49.28999],[-122.66839,49.28999],[-122.66839,49.28999],[-122.66839,49.28999],[-122.66839,49.28999],[-122.66839,49.28999],[-122.66839,49.28999],[-122.6684,49.28999],[-122.6684,49.28999],[-122.6684,49.28999],[-122.6684,49.28999],[-122.6684,49.28999],[-122.6684,49.28999],[-122.66841,49.28999],[-122.66841,49.28999],[-122.66841,49.28999],[-122.66841,49.28999],[-122.66841,49.28999],[-122.66841,49.28999],[-122.66842,49.28999],[-122.66842,49.28998],[-122.66842,49.28998],[-122.66842,49.28998],[-122.66842,49.28998],[-122.66842,49.28998],[-122.66843,49.28998],[-122.66843,49.28998],[-122.66843,49.28998],[-122.66843,49.28998],[-122.66843,49.28998],[-122.66843,49.28998],[-122.66844,49.28998],[-122.66844,49.28998],[-122.66844,49.28998],[-122.66844,49.28998],[-122.66844,49.28998],[-122.66844,49.28998],[-122.66845,49.28998],[-122.66845,49.28998],[-122.66845,49.28998],[-122.66845,49.28998],[-122.66845,49.28998],[-122.66845,49.28998],[-122.66846,49.28998],[-122.66846,49.28998],[-122.66846,49.28998],[-122.66846,49.28998],[-122.66846,49.28998],[-122.66846,49.28998],[-122.66847,49.28997],[-122.66847,49.28997],[-122.66847,49.28997],[-122.66847,49.28997],[-122.66847,49.28997],[-122.66847,49.28997],[-122.66848,49.28997],[-122.66848,49.28997],[-122.66848,49.28997],[-122.66848,49.28997],[-122.66848,49.28997],[-122.66848,49.28997],[-122.66849,49.28997],[-122.66849,49.28997],[-122.66849,49.28997],[-122.66849,49.28997],[-122.66849,49.28997],[-122.66849,49.28997],[-122.6685,49.28997],[-122.6685,49.28997],[-122.6685,49.28997],[-122.6685,49.28997],[-122.6685,49.28997],[-122.6685,49.28997],[-122.66851,49.28997],[-122.66851,49.28997],[-122.66851,49.28997],[-122.66851,49.28997],[-122.66851,49.28997],[-122.66851,49.28997],[-122.66852,49.28996],[-122.66852,49.28996],[-122.66852,49.28996],[-122.66852,49.28996],[-122.66852,49.28996],[-122.66852,49.28996],[-122.66853,49.28996],[-122.66853,49.28996],[-122.66853,49.28996],[-122.66853,49.28996],[-122.66853,49.28996],[-122.66853,49.28996],[-122.66854,49.28996],[-122.66854,49.28996],[-122.66854,49.28996],[-122.66854,49.28996],[-122.66854,49.28996],[-122.66854,49.28996],[-122.66855,49.28996],[-122.66855,49.28996],[-122.66855,49.28996],[-122.66855,49.28996],[-122.66855,49.28996],[-122.66855,49.28996],[-122.66856,49.28996],[-122.66856,49.28996],[-122.66856,49.28996],[-122.66856,49.28996],[-122.66856,49.28996],[-122.66856,49.28996],[-122.66857,49.28996],[-122.66857,49.28995],[-122.66857,49.28995],[-122.66857,49.28995],[-122.66857,49.28995],[-122.66857,49.28995],[-122.66858,49.28995],[-122.66858,49.28995],[-122.66858,49.28995],[-122.66858,49.28995],[-122.66858,49.28995],[-122.66858,49.28995],[-122.66859,49.28995],[-122.66859,49.28995],[-122.66859,49.28995],[-122.66859,49.28995],[-122.66859,49.28995],[-122.66859,49.28995],[-122.6686,49.28995],[-122.6686,49.28995],[-122.6686,49.28995],[-122.6686,49.28995],[-122.6686,49.28995],[-122.6686,49.28995],[-122.66861,49.28995],[-122.66861,49.28995],[-122.66861,49.28995],[-122.66861,49.28995],[-122.66861,49.28995],[-122.66861,49.28995],[-122.66862,49.28995],[-122.66862,49.28994],[-122.66862,49.28994],[-122.66862,49.28994],[-122.66862,49.28994],[-122.66862,49.28994],[-122.66863,49.28994],[-122.66863,49.28994],[-122.66863,49.28994],[-122.66863,49.28994],[-122.66863,49.28994],[-122.66863,49.28994],[-122.66864,49.28994],[-122.66864,49.28994],[-122.66864,49.28994],[-122.66864,49.28994],[-122.66864,49.28994],[-122.66864,49.28994],[-122.66865,49.28994],[-122.66865,49.28994],[-122.66865,49.28994],[-122.66865,49.28994],[-122.66865,49.28994],[-122.66866,49.28994],[-122.66866,49.28994],[-122.66866,49.28994],[-122.66866,49.28994],[-122.66866,49.28994],[-122.66866,49.28994],[-122.66867,49.28994],[-122.66867,49.28994],[-122.66867,49.28994],[-122.66867,49.28993],[-122.66867,49.28993],[-122.66867,49.28993],[-122.66868,49.28993],[-122.66868,49.28993],[-122.66868,49.28993],[-122.66868,49.28993],[-122.66868,49.28993],[-122.66868,49.28993],[-122.66869,49.28993],[-122.66869,49.28993],[-122.66869,49.28993],[-122.66869,49.28993],[-122.66869,49.28993],[-122.66869,49.28993],[-122.6687,49.28993],[-122.6687,49.28993],[-122.6687,49.28993],[-122.6687,49.28993],[-122.6687,49.28993],[-122.6687,49.28993],[-122.66871,49.28993],[-122.66871,49.28993],[-122.66871,49.28993],[-122.66871,49.28993],[-122.66871,49.28993],[-122.66871,49.28993],[-122.66872,49.28993],[-122.66872,49.28993],[-122.66872,49.28993],[-122.66872,49.28993],[-122.66872,49.28992],[-122.66872,49.28992],[-122.66873,49.28992],[-122.66873,49.28992],[-122.66873,49.28992],[-122.66873,49.28992],[-122.66873,49.28992],[-122.66873,49.28992],[-122.66874,49.28992],[-122.66874,49.28992],[-122.66874,49.28992],[-122.66874,49.28992],[-122.66874,49.28992],[-122.66874,49.28992],[-122.66875,49.28992],[-122.66875,49.28992],[-122.66875,49.28992],[-122.66875,49.28992],[-122.66875,49.28992],[-122.66875,49.28992],[-122.66876,49.28992],[-122.66876,49.28992],[-122.66876,49.28992],[-122.66876,49.28992],[-122.66876,49.28992],[-122.66876,49.28992],[-122.66877,49.28992],[-122.66877,49.28992],[-122.66877,49.28992],[-122.66877,49.28992],[-122.66877,49.28992],[-122.66877,49.28991],[-122.66878,49.28991],[-122.66878,49.28991],[-122.66878,49.28991],[-122.66878,49.28991],[-122.66878,49.28991],[-122.66878,49.28991],[-122.66879,49.28991],[-122.66879,49.28991],[-122.66879,49.28991],[-122.66879,49.28991],[-122.66879,49.28991],[-122.66879,49.28991],[-122.6688,49.28991],[-122.6688,49.28991],[-122.6688,49.28991],[-122.6688,49.28991],[-122.6688,49.28991],[-122.6688,49.28991],[-122.66881,49.28991],[-122.66881,49.28991],[-122.66881,49.28991],[-122.66881,49.28991],[-122.66881,49.28991],[-122.66881,49.28991],[-122.66882,49.28991],[-122.66882,49.28991],[-122.66882,49.28991],[-122.66882,49.28991],[-122.66882,49.28991],[-122.66882,49.28991],[-122.66883,49.2899],[-122.66883,49.2899],[-122.66883,49.2899],[-122.66883,49.2899],[-122.66883,49.2899],[-122.66883,49.2899],[-122.66884,49.2899],[-122.66884,49.2899],[-122.66884,49.2899],[-122.66884,49.2899],[-122.66884,49.2899],[-122.66884,49.2899],[-122.66885,49.2899],[-122.66885,49.2899],[-122.66885,49.2899],[-122.66885,49.2899],[-122.66885,49.2899],[-122.66885,49.2899],[-122.66886,49.2899],[-122.66886,49.2899],[-122.66886,49.2899],[-122.66886,49.2899],[-122.66886,49.2899],[-122.66886,49.2899],[-122.66887,49.2899],[-122.66887,49.2899],[-122.66887,49.2899],[-122.66887,49.2899],[-122.66887,49.2899],[-122.66887,49.2899],[-122.66888,49.2899],[-122.66888,49.28989],[-122.66888,49.28989],[-122.66888,49.28989],[-122.66888,49.28989],[-122.66888,49.28989],[-122.66889,49.28989],[-122.66889,49.28989],[-122.66889,49.28989],[-122.66889,49.28989],[-122.66889,49.28989],[-122.66889,49.28989],[-122.6689,49.28989],[-122.6689,49.28989],[-122.6689,49.28989],[-122.6689,49.28989],[-122.6689,49.28989],[-122.6689,49.28989],[-122.66891,49.28989],[-122.66891,49.28989],[-122.66891,49.28989],[-122.66891,49.28989],[-122.66891,49.28989],[-122.66891,49.28989],[-122.66892,49.28989],[-122.66892,49.28989],[-122.66892,49.28989],[-122.66892,49.28989],[-122.66892,49.28989],[-122.66892,49.28989],[-122.66893,49.28989],[-122.66893,49.28989],[-122.66893,49.28989],[-122.66893,49.28988],[-122.66893,49.28988],[-122.66894,49.28988],[-122.66894,49.28988],[-122.66894,49.28988],[-122.66894,49.28988],[-122.66894,49.28988],[-122.66894,49.28988],[-122.66895,49.28988],[-122.66895,49.28988],[-122.66895,49.28988],[-122.66895,49.28988],[-122.66895,49.28988],[-122.66895,49.28988],[-122.66896,49.28988],[-122.66896,49.28988],[-122.66896,49.28988],[-122.66896,49.28988],[-122.66896,49.28988],[-122.66896,49.28988],[-122.66897,49.28988],[-122.66897,49.28988],[-122.66897,49.28988],[-122.66897,49.28988],[-122.66897,49.28988],[-122.66897,49.28988],[-122.66898,49.28988],[-122.66898,49.28988],[-122.66898,49.28988],[-122.66898,49.28988],[-122.66898,49.28988],[-122.66898,49.28988],[-122.66899,49.28987],[-122.66899,49.28987],[-122.66899,49.28987],[-122.66899,49.28987],[-122.66899,49.28987],[-122.66899,49.28987],[-122.669,49.28987],[-122.669,49.28987],[-122.669,49.28987],[-122.669,49.28987],[-122.669,49.28987],[-122.669,49.28987],[-122.66901,49.28987],[-122.66901,49.28987],[-122.66901,49.28987],[-122.66901,49.28987],[-122.66901,49.28987],[-122.66901,49.28987],[-122.66902,49.28987],[-122.66902,49.28987],[-122.66902,49.28987],[-122.66902,49.28987],[-122.66902,49.28987],[-122.66902,49.28987],[-122.66903,49.28987],[-122.66903,49.28987],[-122.66903,49.28987],[-122.66903,49.28987],[-122.66903,49.28987],[-122.66903,49.28987],[-122.66904,49.28987],[-122.66904,49.28987],[-122.66904,49.28986],[-122.66904,49.28986],[-122.66904,49.28986],[-122.66904,49.28986],[-122.66905,49.28986],[-122.66905,49.28986],[-122.66905,49.28986],[-122.66905,49.28986],[-122.66905,49.28986],[-122.66905,49.28986],[-122.66906,49.28986],[-122.66906,49.28986],[-122.66906,49.28986],[-122.66906,49.28986],[-122.66906,49.28986],[-122.66906,49.28986],[-122.66907,49.28986],[-122.66907,49.28986],[-122.66907,49.28986],[-122.66907,49.28986],[-122.66907,49.28986],[-122.66907,49.28986],[-122.66908,49.28986],[-122.66908,49.28986],[-122.66908,49.28986],[-122.66908,49.28986],[-122.66908,49.28986],[-122.66908,49.28986],[-122.66909,49.28986],[-122.66909,49.28986],[-122.66909,49.28986],[-122.66909,49.28986],[-122.66909,49.28985],[-122.66909,49.28985],[-122.6691,49.28985],[-122.6691,49.28985],[-122.6691,49.28985],[-122.6691,49.28985],[-122.6691,49.28985],[-122.6691,49.28985],[-122.66911,49.28985],[-122.66911,49.28985],[-122.66911,49.28985],[-122.66911,49.28985],[-122.66911,49.28985],[-122.66911,49.28985],[-122.66912,49.28985],[-122.66912,49.28985],[-122.66912,49.28985],[-122.66912,49.28985],[-122.66912,49.28985],[-122.66912,49.28985],[-122.66913,49.28985],[-122.66913,49.28985],[-122.66913,49.28985],[-122.66913,49.28985],[-122.66913,49.28985],[-122.66914,49.28985],[-122.66914,49.28985],[-122.66914,49.28985],[-122.66914,49.28985],[-122.66914,49.28985],[-122.66914,49.28985],[-122.66915,49.28985],[-122.66915,49.28984],[-122.66915,49.28984],[-122.66915,49.28984],[-122.66915,49.28984],[-122.66915,49.28984],[-122.66916,49.28984],[-122.66916,49.28984],[-122.66916,49.28984],[-122.66916,49.28984],[-122.66916,49.28984],[-122.66916,49.28984],[-122.66917,49.28984],[-122.66917,49.28984],[-122.66917,49.28984],[-122.66917,49.28984],[-122.66917,49.28984],[-122.66917,49.28984],[-122.66918,49.28984],[-122.66918,49.28984],[-122.66918,49.28984],[-122.66918,49.28984],[-122.66918,49.28984],[-122.66918,49.28984],[-122.66919,49.28984],[-122.66919,49.28984],[-122.66919,49.28984],[-122.66919,49.28984],[-122.66919,49.28984],[-122.66919,49.28984],[-122.6692,49.28984],[-122.6692,49.28984],[-122.6692,49.28984],[-122.6692,49.28984],[-122.6692,49.28983],[-122.6692,49.28983],[-122.66921,49.28983],[-122.66921,49.28983],[-122.66921,49.28983],[-122.66921,49.28983],[-122.66921,49.28983],[-122.66921,49.28983],[-122.66922,49.28983],[-122.66922,49.28983],[-122.66922,49.28983],[-122.66922,49.28983],[-122.66922,49.28983],[-122.66922,49.28983],[-122.66923,49.28983],[-122.66923,49.28983],[-122.66923,49.28983],[-122.66923,49.28983],[-122.66923,49.28983],[-122.66923,49.28983],[-122.66924,49.28983],[-122.66924,49.28983],[-122.66924,49.28983],[-122.66924,49.28983],[-122.66924,49.28983],[-122.66924,49.28983],[-122.66925,49.28983],[-122.66925,49.28983],[-122.66925,49.28983],[-122.66925,49.28983],[-122.66925,49.28983],[-122.66925,49.28983],[-122.66926,49.28983],[-122.66926,49.28982],[-122.66926,49.28982],[-122.66926,49.28982],[-122.66926,49.28982],[-122.66926,49.28982],[-122.66927,49.28982],[-122.66927,49.28982],[-122.66927,49.28982],[-122.66927,49.28982],[-122.66927,49.28982],[-122.66927,49.28982],[-122.66928,49.28982],[-122.66928,49.28982],[-122.66928,49.28982],[-122.66928,49.28982],[-122.66928,49.28982],[-122.66928,49.28982],[-122.66929,49.28982],[-122.66929,49.28982],[-122.66929,49.28982],[-122.66929,49.28982],[-122.66929,49.28982],[-122.6693,49.28982],[-122.6693,49.28982],[-122.6693,49.28982],[-122.6693,49.28982],[-122.6693,49.28982],[-122.6693,49.28982],[-122.66931,49.28982],[-122.66931,49.28982],[-122.66931,49.28982],[-122.66931,49.28982],[-122.66931,49.28982],[-122.66931,49.28981],[-122.66932,49.28981],[-122.66932,49.28981],[-122.66932,49.28981],[-122.66932,49.28981],[-122.66932,49.28981],[-122.66932,49.28981],[-122.66933,49.28981],[-122.66933,49.28981],[-122.66933,49.28981],[-122.66933,49.28981],[-122.66933,49.28981],[-122.66933,49.28981],[-122.66934,49.28981],[-122.66934,49.28981],[-122.66934,49.28981],[-122.66934,49.28981],[-122.66934,49.28981],[-122.66934,49.28981],[-122.66935,49.28981],[-122.66935,49.28981],[-122.66935,49.28981],[-122.66935,49.28981],[-122.66935,49.28981],[-122.66935,49.28981],[-122.66936,49.28981],[-122.66936,49.28981],[-122.66936,49.28981],[-122.66936,49.28981],[-122.66936,49.28981],[-122.66936,49.28981],[-122.66937,49.28981],[-122.66937,49.28981],[-122.66937,49.28981],[-122.66937,49.2898],[-122.66937,49.2898],[-122.66937,49.2898],[-122.66938,49.2898],[-122.66938,49.2898],[-122.66938,49.2898],[-122.66938,49.2898],[-122.66938,49.2898],[-122.66938,49.2898],[-122.66939,49.2898],[-122.66939,49.2898],[-122.66939,49.2898],[-122.66939,49.2898],[-122.66939,49.2898],[-122.66939,49.2898],[-122.6694,49.2898],[-122.6694,49.2898],[-122.6694,49.2898],[-122.6694,49.2898],[-122.6694,49.2898],[-122.6694,49.2898],[-122.66941,49.2898],[-122.66941,49.2898],[-122.66941,49.2898],[-122.66941,49.2898],[-122.66941,49.2898],[-122.66941,49.2898],[-122.66942,49.2898],[-122.66942,49.2898],[-122.66942,49.2898],[-122.66942,49.2898],[-122.66942,49.2898],[-122.66942,49.2898],[-122.66943,49.2898],[-122.66943,49.28979],[-122.66943,49.28979],[-122.66943,49.28979],[-122.66943,49.28979],[-122.66943,49.28979],[-122.66944,49.28979],[-122.66944,49.28979],[-122.66944,49.28979],[-122.66944,49.28979],[-122.66944,49.28979],[-122.66945,49.28979],[-122.66945,49.28979],[-122.66945,49.28979],[-122.66945,49.28979],[-122.66945,49.28979],[-122.66945,49.28979],[-122.66946,49.28979],[-122.66946,49.28979],[-122.66946,49.28979],[-122.66946,49.28979],[-122.66946,49.28979],[-122.66946,49.28979],[-122.66947,49.28979],[-122.66947,49.28979],[-122.66947,49.28979],[-122.66947,49.28979],[-122.66947,49.28979],[-122.66947,49.28979],[-122.66948,49.28979],[-122.66948,49.28979],[-122.66948,49.28979],[-122.66948,49.28979],[-122.66948,49.28979],[-122.66948,49.28979],[-122.66949,49.28978],[-122.66949,49.28978],[-122.66949,49.28978],[-122.66949,49.28978],[-122.66949,49.28978],[-122.66949,49.28978],[-122.6695,49.28978],[-122.6695,49.28978],[-122.6695,49.28978],[-122.6695,49.28978],[-122.6695,49.28978],[-122.6695,49.28978],[-122.66951,49.28978],[-122.66951,49.28978],[-122.66951,49.28978],[-122.66951,49.28978],[-122.66951,49.28978],[-122.66951,49.28978],[-122.66952,49.28978],[-122.66952,49.28978],[-122.66952,49.28978],[-122.66952,49.28978],[-122.66952,49.28978],[-122.66952,49.28978],[-122.66953,49.28978],[-122.66953,49.28978],[-122.66953,49.28978],[-122.66953,49.28978],[-122.66953,49.28978],[-122.66953,49.28978],[-122.66954,49.28978],[-122.66954,49.28978],[-122.66954,49.28978],[-122.66954,49.28978],[-122.66954,49.28977],[-122.66954,49.28977],[-122.66955,49.28977],[-122.66955,49.28977],[-122.66955,49.28977],[-122.66955,49.28977],[-122.66955,49.28977],[-122.66955,49.28977],[-122.66956,49.28977],[-122.66956,49.28977],[-122.66956,49.28977],[-122.66956,49.28977],[-122.66956,49.28977],[-122.66956,49.28977],[-122.66957,49.28977],[-122.66957,49.28977],[-122.66957,49.28977],[-122.66957,49.28977],[-122.66957,49.28977],[-122.66958,49.28977],[-122.66958,49.28977],[-122.66958,49.28977],[-122.66958,49.28977],[-122.66958,49.28977],[-122.66958,49.28977],[-122.66959,49.28977],[-122.66959,49.28977],[-122.66959,49.28977],[-122.66959,49.28977],[-122.66959,49.28977],[-122.66959,49.28977],[-122.6696,49.28977],[-122.6696,49.28977],[-122.6696,49.28977],[-122.6696,49.28976],[-122.6696,49.28976],[-122.6696,49.28976],[-122.66961,49.28976],[-122.66961,49.28976],[-122.66961,49.28976],[-122.66961,49.28976],[-122.66961,49.28976],[-122.66961,49.28976],[-122.66962,49.28976],[-122.66962,49.28976],[-122.66962,49.28976],[-122.66962,49.28976],[-122.66962,49.28976],[-122.66962,49.28976],[-122.66963,49.28976],[-122.66963,49.28976],[-122.66963,49.28976],[-122.66963,49.28976],[-122.66963,49.28976],[-122.66963,49.28976],[-122.66964,49.28976],[-122.66964,49.28976],[-122.66964,49.28976],[-122.66964,49.28976],[-122.66964,49.28976],[-122.66964,49.28976],[-122.66965,49.28976],[-122.66965,49.28976],[-122.66965,49.28976],[-122.66965,49.28976],[-122.66965,49.28976],[-122.66965,49.28976],[-122.66966,49.28976],[-122.66966,49.28976],[-122.66966,49.28975],[-122.66966,49.28975],[-122.66966,49.28975],[-122.66966,49.28975],[-122.66967,49.28975],[-122.66967,49.28975],[-122.66967,49.28975],[-122.66967,49.28975],[-122.66967,49.28975],[-122.66967,49.28975],[-122.66968,49.28975],[-122.66968,49.28975],[-122.66968,49.28975],[-122.66968,49.28975],[-122.66968,49.28975],[-122.66968,49.28975],[-122.66969,49.28975],[-122.66969,49.28975],[-122.66969,49.28975],[-122.66969,49.28975],[-122.66969,49.28975],[-122.6697,49.28975],[-122.6697,49.28975],[-122.6697,49.28975],[-122.6697,49.28975],[-122.6697,49.28975],[-122.6697,49.28975],[-122.66971,49.28975],[-122.66971,49.28975],[-122.66971,49.28975],[-122.66971,49.28975],[-122.66971,49.28975],[-122.66971,49.28975],[-122.66972,49.28975],[-122.66972,49.28975],[-122.66972,49.28974],[-122.66972,49.28974],[-122.66972,49.28974],[-122.66972,49.28974],[-122.66973,49.28974],[-122.66973,49.28974],[-122.66973,49.28974],[-122.66973,49.28974],[-122.66973,49.28974],[-122.66973,49.28974],[-122.66974,49.28974],[-122.66974,49.28974],[-122.66974,49.28974],[-122.66974,49.28974],[-122.66974,49.28974],[-122.66974,49.28974],[-122.66975,49.28974],[-122.66975,49.28974],[-122.66975,49.28974],[-122.66975,49.28974],[-122.66975,49.28974],[-122.66975,49.28974],[-122.66976,49.28974],[-122.66976,49.28974],[-122.66976,49.28974],[-122.66976,49.28974],[-122.66976,49.28974],[-122.66976,49.28974],[-122.66977,49.28974],[-122.66977,49.28974],[-122.66977,49.28974],[-122.66977,49.28974],[-122.66977,49.28974],[-122.66977,49.28974],[-122.66978,49.28974],[-122.66978,49.28974],[-122.66978,49.28973],[-122.66978,49.28973],[-122.66978,49.28973],[-122.66978,49.28973],[-122.66979,49.28973],[-122.66979,49.28973],[-122.66979,49.28973],[-122.66979,49.28973],[-122.66979,49.28973],[-122.66979,49.28973],[-122.6698,49.28973],[-122.6698,49.28973],[-122.6698,49.28973],[-122.6698,49.28973],[-122.6698,49.28973],[-122.66981,49.28973],[-122.66981,49.28973],[-122.66981,49.28973],[-122.66981,49.28973],[-122.66981,49.28973],[-122.66981,49.28973],[-122.66982,49.28973],[-122.66982,49.28973],[-122.66982,49.28973],[-122.66982,49.28973],[-122.66982,49.28973],[-122.66982,49.28973],[-122.66983,49.28973],[-122.66983,49.28973],[-122.66983,49.28973],[-122.66983,49.28973],[-122.66983,49.28973],[-122.66983,49.28973],[-122.66984,49.28973],[-122.66984,49.28973],[-122.66984,49.28973],[-122.66984,49.28972],[-122.66984,49.28972],[-122.66984,49.28972],[-122.66985,49.28972],[-122.66985,49.28972],[-122.66985,49.28972],[-122.66985,49.28972],[-122.66985,49.28972],[-122.66985,49.28972],[-122.66986,49.28972],[-122.66986,49.28972],[-122.66986,49.28972],[-122.66986,49.28972],[-122.66986,49.28972],[-122.66986,49.28972],[-122.66987,49.28972],[-122.66987,49.28972],[-122.66987,49.28972],[-122.66987,49.28972],[-122.66987,49.28972],[-122.66987,49.28972],[-122.66988,49.28972],[-122.66988,49.28972],[-122.66988,49.28972],[-122.66988,49.28972],[-122.66988,49.28972],[-122.66988,49.28972],[-122.66989,49.28972],[-122.66989,49.28972],[-122.66989,49.28972],[-122.66989,49.28972],[-122.66989,49.28972],[-122.66989,49.28972],[-122.6699,49.28972],[-122.6699,49.28972],[-122.6699,49.28972],[-122.6699,49.28971],[-122.6699,49.28971],[-122.66991,49.28971],[-122.66991,49.28971],[-122.66991,49.28971],[-122.66991,49.28971],[-122.66991,49.28971],[-122.66991,49.28971],[-122.66992,49.28971],[-122.66992,49.28971],[-122.66992,49.28971],[-122.66992,49.28971],[-122.66992,49.28971],[-122.66992,49.28971],[-122.66993,49.28971],[-122.66993,49.28971],[-122.66993,49.28971],[-122.66993,49.28971],[-122.66993,49.28971],[-122.66993,49.28971],[-122.66994,49.28971],[-122.66994,49.28971],[-122.66994,49.28971],[-122.66994,49.28971],[-122.66994,49.28971],[-122.66994,49.28971],[-122.66995,49.28971],[-122.66995,49.28971],[-122.66995,49.28971],[-122.66995,49.28971],[-122.66995,49.28971],[-122.66995,49.28971],[-122.66996,49.28971],[-122.66996,49.28971],[-122.66996,49.28971],[-122.66996,49.28971],[-122.66996,49.2897],[-122.66996,49.2897],[-122.66997,49.2897],[-122.66997,49.2897],[-122.66997,49.2897],[-122.66997,49.2897],[-122.66997,49.2897],[-122.66997,49.2897],[-122.66998,49.2897],[-122.66998,49.2897],[-122.66998,49.2897],[-122.66998,49.2897],[-122.66998,49.2897],[-122.66998,49.2897],[-122.66999,49.2897],[-122.66999,49.2897],[-122.66999,49.2897],[-122.66999,49.2897],[-122.66999,49.2897],[-122.66999,49.2897],[-122.67,49.2897],[-122.67,49.2897],[-122.67,49.2897],[-122.67,49.2897],[-122.67,49.2897],[-122.67001,49.2897],[-122.67001,49.2897],[-122.67001,49.2897],[-122.67001,49.2897],[-122.67001,49.2897],[-122.67001,49.2897],[-122.67002,49.2897],[-122.67002,49.2897],[-122.67002,49.2897],[-122.67002,49.2897],[-122.67002,49.2897],[-122.67002,49.2897],[-122.67003,49.28969],[-122.67003,49.28969],[-122.67003,49.28969],[-122.67003,49.28969],[-122.67003,49.28969],[-122.67003,49.28969],[-122.67004,49.28969],[-122.67004,49.28969],[-122.67004,49.28969],[-122.67004,49.28969],[-122.67004,49.28969],[-122.67004,49.28969],[-122.67005,49.28969],[-122.67005,49.28969],[-122.67005,49.28969],[-122.67005,49.28969],[-122.67005,49.28969],[-122.67005,49.28969],[-122.67006,49.28969],[-122.67006,49.28969],[-122.67006,49.28969],[-122.67006,49.28969],[-122.67006,49.28969],[-122.67006,49.28969],[-122.67007,49.28969],[-122.67007,49.28969],[-122.67007,49.28969],[-122.67007,49.28969],[-122.67007,49.28969],[-122.67007,49.28969],[-122.67008,49.28969],[-122.67008,49.28969],[-122.67008,49.28969],[-122.67008,49.28969],[-122.67008,49.28969],[-122.67008,49.28969],[-122.67009,49.28969],[-122.67009,49.28968],[-122.67009,49.28968],[-122.67009,49.28968],[-122.67009,49.28968],[-122.6701,49.28968],[-122.6701,49.28968],[-122.6701,49.28968],[-122.6701,49.28968],[-122.6701,49.28968],[-122.6701,49.28968],[-122.67011,49.28968],[-122.67011,49.28968],[-122.67011,49.28968],[-122.67011,49.28968],[-122.67011,49.28968],[-122.67011,49.28968],[-122.67012,49.28968],[-122.67012,49.28968],[-122.67012,49.28968],[-122.67012,49.28968],[-122.67012,49.28968],[-122.67012,49.28968],[-122.67013,49.28968],[-122.67013,49.28968],[-122.67013,49.28968],[-122.67013,49.28968],[-122.67013,49.28968],[-122.67013,49.28968],[-122.67014,49.28968],[-122.67014,49.28968],[-122.67014,49.28968],[-122.67014,49.28968],[-122.67014,49.28968],[-122.67014,49.28968],[-122.67015,49.28968],[-122.67015,49.28968],[-122.67015,49.28968],[-122.67015,49.28967],[-122.67015,49.28967],[-122.67015,49.28967],[-122.67016,49.28967],[-122.67016,49.28967],[-122.67016,49.28967],[-122.67016,49.28967],[-122.67016,49.28967],[-122.67016,49.28967],[-122.67017,49.28967],[-122.67017,49.28967],[-122.67017,49.28967],[-122.67017,49.28967],[-122.67017,49.28967],[-122.67017,49.28967],[-122.67018,49.28967],[-122.67018,49.28967],[-122.67018,49.28967],[-122.67018,49.28967],[-122.67018,49.28967],[-122.67019,49.28967],[-122.67019,49.28967],[-122.67019,49.28967],[-122.67019,49.28967],[-122.67019,49.28967],[-122.67019,49.28967],[-122.6702,49.28967],[-122.6702,49.28967],[-122.6702,49.28967],[-122.6702,49.28967],[-122.6702,49.28967],[-122.6702,49.28967],[-122.67021,49.28967],[-122.67021,49.28967],[-122.67021,49.28967],[-122.67021,49.28967],[-122.67021,49.28967],[-122.67021,49.28967],[-122.67022,49.28966],[-122.67022,49.28966],[-122.67022,49.28966],[-122.67022,49.28966],[-122.67022,49.28966],[-122.67022,49.28966],[-122.67023,49.28966],[-122.67023,49.28966],[-122.67023,49.28966],[-122.67023,49.28966],[-122.67023,49.28966],[-122.67023,49.28966],[-122.67024,49.28966],[-122.67024,49.28966],[-122.67024,49.28966],[-122.67024,49.28966],[-122.67024,49.28966],[-122.67024,49.28966],[-122.67025,49.28966],[-122.67025,49.28966],[-122.67025,49.28966],[-122.67025,49.28966],[-122.67025,49.28966],[-122.67025,49.28966],[-122.67026,49.28966],[-122.67026,49.28966],[-122.67026,49.28966],[-122.67026,49.28966],[-122.67026,49.28966],[-122.67026,49.28966],[-122.67027,49.28966],[-122.67027,49.28966],[-122.67027,49.28966],[-122.67027,49.28966],[-122.67027,49.28966],[-122.67028,49.28966],[-122.67028,49.28966],[-122.67028,49.28966],[-122.67028,49.28965],[-122.67028,49.28965],[-122.67028,49.28965],[-122.67029,49.28965],[-122.67029,49.28965],[-122.67029,49.28965],[-122.67029,49.28965],[-122.67029,49.28965],[-122.67029,49.28965],[-122.6703,49.28965],[-122.6703,49.28965],[-122.6703,49.28965],[-122.6703,49.28965],[-122.6703,49.28965],[-122.6703,49.28965],[-122.67031,49.28965],[-122.67031,49.28965],[-122.67031,49.28965],[-122.67031,49.28965],[-122.67031,49.28965],[-122.67031,49.28965],[-122.67032,49.28965],[-122.67032,49.28965],[-122.67032,49.28965],[-122.67032,49.28965],[-122.67032,49.28965],[-122.67032,49.28965],[-122.67033,49.28965],[-122.67033,49.28965],[-122.67033,49.28965],[-122.67033,49.28965],[-122.67033,49.28965],[-122.67033,49.28965],[-122.67034,49.28965],[-122.67034,49.28965],[-122.67034,49.28965],[-122.67034,49.28965],[-122.67034,49.28965],[-122.67034,49.28964],[-122.67035,49.28964],[-122.67035,49.28964],[-122.67035,49.28964],[-122.67035,49.28964],[-122.67035,49.28964],[-122.67036,49.28964],[-122.67036,49.28964],[-122.67036,49.28964],[-122.67036,49.28964],[-122.67036,49.28964],[-122.67036,49.28964],[-122.67037,49.28964],[-122.67037,49.28964],[-122.67037,49.28964],[-122.67037,49.28964],[-122.67037,49.28964],[-122.67037,49.28964],[-122.67038,49.28964],[-122.67038,49.28964],[-122.67038,49.28964],[-122.67038,49.28964],[-122.67038,49.28964],[-122.67038,49.28964],[-122.67039,49.28964],[-122.67039,49.28964],[-122.67039,49.28964],[-122.67039,49.28964],[-122.67039,49.28964],[-122.67039,49.28964],[-122.6704,49.28964],[-122.6704,49.28964],[-122.6704,49.28964],[-122.6704,49.28964],[-122.6704,49.28964],[-122.6704,49.28964],[-122.67041,49.28964],[-122.67041,49.28964],[-122.67041,49.28964],[-122.67041,49.28963],[-122.67041,49.28963],[-122.67041,49.28963],[-122.67042,49.28963],[-122.67042,49.28963],[-122.67042,49.28963],[-122.67042,49.28963],[-122.67042,49.28963],[-122.67042,49.28963],[-122.67043,49.28963],[-122.67043,49.28963],[-122.67043,49.28963],[-122.67043,49.28963],[-122.67043,49.28963],[-122.67044,49.28963],[-122.67044,49.28963],[-122.67044,49.28963],[-122.67044,49.28963],[-122.67044,49.28963],[-122.67044,49.28963],[-122.67045,49.28963],[-122.67045,49.28963],[-122.67045,49.28963],[-122.67045,49.28963],[-122.67045,49.28963],[-122.67045,49.28963],[-122.67046,49.28963],[-122.67046,49.28963],[-122.67046,49.28963],[-122.67046,49.28963],[-122.67046,49.28963],[-122.67046,49.28963],[-122.67047,49.28963],[-122.67047,49.28963],[-122.67047,49.28963],[-122.67047,49.28963],[-122.67047,49.28963],[-122.67047,49.28963],[-122.67048,49.28963],[-122.67048,49.28962],[-122.67048,49.28962],[-122.67048,49.28962],[-122.67048,49.28962],[-122.67048,49.28962],[-122.67049,49.28962],[-122.67049,49.28962],[-122.67049,49.28962],[-122.67049,49.28962],[-122.67049,49.28962],[-122.67049,49.28962],[-122.6705,49.28962],[-122.6705,49.28962],[-122.6705,49.28962],[-122.6705,49.28962],[-122.6705,49.28962],[-122.67051,49.28962],[-122.67051,49.28962],[-122.67051,49.28962],[-122.67051,49.28962],[-122.67051,49.28962],[-122.67051,49.28962],[-122.67052,49.28962],[-122.67052,49.28962],[-122.67052,49.28962],[-122.67052,49.28962],[-122.67052,49.28962],[-122.67052,49.28962],[-122.67053,49.28962],[-122.67053,49.28962],[-122.67053,49.28962],[-122.67053,49.28962],[-122.67053,49.28962],[-122.67053,49.28962],[-122.67054,49.28962],[-122.67054,49.28962],[-122.67054,49.28962],[-122.67054,49.28962],[-122.67054,49.28962],[-122.67054,49.28962],[-122.67055,49.28961],[-122.67055,49.28961],[-122.67055,49.28961],[-122.67055,49.28961],[-122.67055,49.28961],[-122.67055,49.28961],[-122.67056,49.28961],[-122.67056,49.28961],[-122.67056,49.28961],[-122.67056,49.28961],[-122.67056,49.28961],[-122.67056,49.28961],[-122.67057,49.28961],[-122.67057,49.28961],[-122.67057,49.28961],[-122.67057,49.28961],[-122.67057,49.28961],[-122.67057,49.28961],[-122.67058,49.28961],[-122.67058,49.28961],[-122.67058,49.28961],[-122.67058,49.28961],[-122.67058,49.28961],[-122.67059,49.28961],[-122.67059,49.28961],[-122.67059,49.28961],[-122.67059,49.28961],[-122.67059,49.28961],[-122.67059,49.28961],[-122.6706,49.28961],[-122.6706,49.28961],[-122.6706,49.28961],[-122.6706,49.28961],[-122.6706,49.28961],[-122.6706,49.28961],[-122.67061,49.28961],[-122.67061,49.28961],[-122.67061,49.28961],[-122.67061,49.28961],[-122.67061,49.28961],[-122.67061,49.2896],[-122.67062,49.2896],[-122.67062,49.2896],[-122.67062,49.2896],[-122.67062,49.2896],[-122.67062,49.2896],[-122.67062,49.2896],[-122.67063,49.2896],[-122.67063,49.2896],[-122.67063,49.2896],[-122.67063,49.2896],[-122.67063,49.2896],[-122.67063,49.2896],[-122.67064,49.2896],[-122.67064,49.2896],[-122.67064,49.2896],[-122.67064,49.2896],[-122.67064,49.2896],[-122.67064,49.2896],[-122.67065,49.2896],[-122.67065,49.2896],[-122.67065,49.2896],[-122.67065,49.2896],[-122.67065,49.2896],[-122.67066,49.2896],[-122.67066,49.2896],[-122.67066,49.2896],[-122.67066,49.2896],[-122.67066,49.2896],[-122.67066,49.2896],[-122.67067,49.2896],[-122.67067,49.2896],[-122.67067,49.2896],[-122.67067,49.2896],[-122.67067,49.2896],[-122.67067,49.2896],[-122.67068,49.2896],[-122.67068,49.2896],[-122.67068,49.2896],[-122.67068,49.2896],[-122.67068,49.2896],[-122.67068,49.28959],[-122.67069,49.28959],[-122.67069,49.28959],[-122.67069,49.28959],[-122.67069,49.28959],[-122.67069,49.28959],[-122.67069,49.28959],[-122.6707,49.28959],[-122.6707,49.28959],[-122.6707,49.28959],[-122.6707,49.28959],[-122.6707,49.28959],[-122.6707,49.28959],[-122.67071,49.28959],[-122.67071,49.28959],[-122.67071,49.28959],[-122.67071,49.28959],[-122.67071,49.28959],[-122.67071,49.28959],[-122.67072,49.28959],[-122.67072,49.28959],[-122.67072,49.28959],[-122.67072,49.28959],[-122.67072,49.28959],[-122.67073,49.28959],[-122.67073,49.28959],[-122.67073,49.28959],[-122.67073,49.28959],[-122.67073,49.28959],[-122.67073,49.28959],[-122.67074,49.28959],[-122.67074,49.28959],[-122.67074,49.28959],[-122.67074,49.28959],[-122.67074,49.28959],[-122.67074,49.28959],[-122.67075,49.28959],[-122.67075,49.28959],[-122.67075,49.28959],[-122.67075,49.28959],[-122.67075,49.28959],[-122.67075,49.28958],[-122.67076,49.28958],[-122.67076,49.28958],[-122.67076,49.28958],[-122.67076,49.28958],[-122.67076,49.28958],[-122.67076,49.28958],[-122.67077,49.28958],[-122.67077,49.28958],[-122.67077,49.28958],[-122.67077,49.28958],[-122.67077,49.28958],[-122.67077,49.28958],[-122.67078,49.28958],[-122.67078,49.28958],[-122.67078,49.28958],[-122.67078,49.28958],[-122.67078,49.28958],[-122.67078,49.28958],[-122.67079,49.28958],[-122.67079,49.28958],[-122.67079,49.28958],[-122.67079,49.28958],[-122.67079,49.28958],[-122.6708,49.28958],[-122.6708,49.28958],[-122.6708,49.28958],[-122.6708,49.28958],[-122.6708,49.28958],[-122.6708,49.28958],[-122.67081,49.28958],[-122.67081,49.28958],[-122.67081,49.28958],[-122.67081,49.28958],[-122.67081,49.28958],[-122.67081,49.28958],[-122.67082,49.28958],[-122.67082,49.28958],[-122.67082,49.28958],[-122.67082,49.28958],[-122.67082,49.28958],[-122.67082,49.28957],[-122.67083,49.28957],[-122.67083,49.28957],[-122.67083,49.28957],[-122.67083,49.28957],[-122.67083,49.28957],[-122.67083,49.28957],[-122.67084,49.28957],[-122.67084,49.28957],[-122.67084,49.28957],[-122.67084,49.28957],[-122.67084,49.28957],[-122.67084,49.28957],[-122.67085,49.28957],[-122.67085,49.28957],[-122.67085,49.28957],[-122.67085,49.28957],[-122.67085,49.28957],[-122.67086,49.28957],[-122.67086,49.28957],[-122.67086,49.28957],[-122.67086,49.28957],[-122.67086,49.28957],[-122.67086,49.28957],[-122.67087,49.28957],[-122.67087,49.28957],[-122.67087,49.28957],[-122.67087,49.28957],[-122.67087,49.28957],[-122.67087,49.28957],[-122.67088,49.28957],[-122.67088,49.28957],[-122.67088,49.28957],[-122.67088,49.28957],[-122.67088,49.28957],[-122.67088,49.28957],[-122.67089,49.28957],[-122.67089,49.28957],[-122.67089,49.28957],[-122.67089,49.28957],[-122.67089,49.28957],[-122.67089,49.28957],[-122.6709,49.28956],[-122.6709,49.28956],[-122.6709,49.28956],[-122.6709,49.28956],[-122.6709,49.28956],[-122.6709,49.28956],[-122.67091,49.28956],[-122.67091,49.28956],[-122.67091,49.28956],[-122.67091,49.28956],[-122.67091,49.28956],[-122.67091,49.28956],[-122.67092,49.28956],[-122.67092,49.28956],[-122.67092,49.28956],[-122.67092,49.28956],[-122.67092,49.28956],[-122.67093,49.28956],[-122.67093,49.28956],[-122.67093,49.28956],[-122.67093,49.28956],[-122.67093,49.28956],[-122.67093,49.28956],[-122.67094,49.28956],[-122.67094,49.28956],[-122.67094,49.28956],[-122.67094,49.28956],[-122.67094,49.28956],[-122.67094,49.28956],[-122.67095,49.28956],[-122.67095,49.28956],[-122.67095,49.28956],[-122.67095,49.28956],[-122.67095,49.28956],[-122.67095,49.28956],[-122.67096,49.28956],[-122.67096,49.28956],[-122.67096,49.28956],[-122.67096,49.28956],[-122.67096,49.28956],[-122.67096,49.28956],[-122.67097,49.28956],[-122.67097,49.28956],[-122.67097,49.28955],[-122.67097,49.28955],[-122.67097,49.28955],[-122.67097,49.28955],[-122.67098,49.28955],[-122.67098,49.28955],[-122.67098,49.28955],[-122.67098,49.28955],[-122.67098,49.28955],[-122.67099,49.28955],[-122.67099,49.28955],[-122.67099,49.28955],[-122.67099,49.28955],[-122.67099,49.28955],[-122.67099,49.28955],[-122.671,49.28955],[-122.671,49.28955],[-122.671,49.28955],[-122.671,49.28955],[-122.671,49.28955],[-122.671,49.28955],[-122.67101,49.28955],[-122.67101,49.28955],[-122.67101,49.28955],[-122.67101,49.28955],[-122.67101,49.28955],[-122.67101,49.28955],[-122.67102,49.28955],[-122.67102,49.28955],[-122.67102,49.28955],[-122.67102,49.28955],[-122.67102,49.28955],[-122.67102,49.28955],[-122.67103,49.28955],[-122.67103,49.28955],[-122.67103,49.28955],[-122.67103,49.28955],[-122.67103,49.28955],[-122.67103,49.28955],[-122.67104,49.28955],[-122.67104,49.28955],[-122.67104,49.28955],[-122.67104,49.28955],[-122.67104,49.28954],[-122.67105,49.28954],[-122.67105,49.28954],[-122.67105,49.28954],[-122.67105,49.28954],[-122.67105,49.28954],[-122.67105,49.28954],[-122.67106,49.28954],[-122.67106,49.28954],[-122.67106,49.28954],[-122.67106,49.28954],[-122.67106,49.28954],[-122.67106,49.28954],[-122.67107,49.28954],[-122.67107,49.28954],[-122.67107,49.28954],[-122.67107,49.28954],[-122.67107,49.28954],[-122.67107,49.28954],[-122.67108,49.28954],[-122.67108,49.28954],[-122.67108,49.28954],[-122.67108,49.28954],[-122.67108,49.28954],[-122.67108,49.28954],[-122.67109,49.28954],[-122.67109,49.28954],[-122.67109,49.28954],[-122.67109,49.28954],[-122.67109,49.28954],[-122.67109,49.28954],[-122.6711,49.28954],[-122.6711,49.28954],[-122.6711,49.28954],[-122.6711,49.28954],[-122.6711,49.28954],[-122.67111,49.28954],[-122.67111,49.28954],[-122.67111,49.28954],[-122.67111,49.28954],[-122.67111,49.28954],[-122.67111,49.28954],[-122.67112,49.28954],[-122.67112,49.28953],[-122.67112,49.28953],[-122.67112,49.28953],[-122.67112,49.28953],[-122.67112,49.28953],[-122.67113,49.28953],[-122.67113,49.28953],[-122.67113,49.28953],[-122.67113,49.28953],[-122.67113,49.28953],[-122.67113,49.28953],[-122.67114,49.28953],[-122.67114,49.28953],[-122.67114,49.28953],[-122.67114,49.28953],[-122.67114,49.28953],[-122.67114,49.28953],[-122.67115,49.28953],[-122.67115,49.28953],[-122.67115,49.28953],[-122.67115,49.28953],[-122.67115,49.28953],[-122.67115,49.28953],[-122.67116,49.28953],[-122.67116,49.28953],[-122.67116,49.28953],[-122.67116,49.28953],[-122.67116,49.28953],[-122.67117,49.28953],[-122.67117,49.28953],[-122.67117,49.28953],[-122.67117,49.28953],[-122.67117,49.28953],[-122.67117,49.28953],[-122.67118,49.28953],[-122.67118,49.28953],[-122.67118,49.28953],[-122.67118,49.28953],[-122.67118,49.28953],[-122.67118,49.28953],[-122.67119,49.28953],[-122.67119,49.28953],[-122.67119,49.28953],[-122.67119,49.28953],[-122.67119,49.28952],[-122.67119,49.28952],[-122.6712,49.28952],[-122.6712,49.28952],[-122.6712,49.28952],[-122.6712,49.28952],[-122.6712,49.28952],[-122.6712,49.28952],[-122.67121,49.28952],[-122.67121,49.28952],[-122.67121,49.28952],[-122.67121,49.28952],[-122.67121,49.28952],[-122.67121,49.28952],[-122.67122,49.28952],[-122.67122,49.28952],[-122.67122,49.28952],[-122.67122,49.28952],[-122.67122,49.28952],[-122.67123,49.28952],[-122.67123,49.28952],[-122.67123,49.28952],[-122.67123,49.28952],[-122.67123,49.28952],[-122.67123,49.28952],[-122.67124,49.28952],[-122.67124,49.28952],[-122.67124,49.28952],[-122.67124,49.28952],[-122.67124,49.28952],[-122.67124,49.28952],[-122.67125,49.28952],[-122.67125,49.28952],[-122.67125,49.28952],[-122.67125,49.28952],[-122.67125,49.28952],[-122.67125,49.28952],[-122.67126,49.28952],[-122.67126,49.28952],[-122.67126,49.28952],[-122.67126,49.28952],[-122.67126,49.28952],[-122.67126,49.28952],[-122.67127,49.28952],[-122.67127,49.28952],[-122.67127,49.28951],[-122.67127,49.28951],[-122.67127,49.28951],[-122.67127,49.28951],[-122.67128,49.28951],[-122.67128,49.28951],[-122.67128,49.28951],[-122.67128,49.28951],[-122.67128,49.28951],[-122.67129,49.28951],[-122.67129,49.28951],[-122.67129,49.28951],[-122.67129,49.28951],[-122.67129,49.28951],[-122.67129,49.28951],[-122.6713,49.28951],[-122.6713,49.28951],[-122.6713,49.28951],[-122.6713,49.28951],[-122.6713,49.28951],[-122.6713,49.28951],[-122.67131,49.28951],[-122.67131,49.28951],[-122.67131,49.28951],[-122.67131,49.28951],[-122.67131,49.28951],[-122.67131,49.28951],[-122.67132,49.28951],[-122.67132,49.28951],[-122.67132,49.28951],[-122.67132,49.28951],[-122.67132,49.28951],[-122.67132,49.28951],[-122.67133,49.28951],[-122.67133,49.28951],[-122.67133,49.28951],[-122.67133,49.28951],[-122.67133,49.28951],[-122.67133,49.28951],[-122.67134,49.28951],[-122.67134,49.28951],[-122.67134,49.28951],[-122.67134,49.28951],[-122.67134,49.28951],[-122.67135,49.28951],[-122.67135,49.2895],[-122.67135,49.2895],[-122.67135,49.2895],[-122.67135,49.2895],[-122.67135,49.2895],[-122.67136,49.2895],[-122.67136,49.2895],[-122.67136,49.2895],[-122.67136,49.2895],[-122.67136,49.2895],[-122.67136,49.2895],[-122.67137,49.2895],[-122.67137,49.2895],[-122.67137,49.2895],[-122.67137,49.2895],[-122.67137,49.2895],[-122.67137,49.2895],[-122.67138,49.2895],[-122.67138,49.2895],[-122.67138,49.2895],[-122.67138,49.2895],[-122.67138,49.2895],[-122.67138,49.2895],[-122.67139,49.2895],[-122.67139,49.2895],[-122.67139,49.2895],[-122.67139,49.2895],[-122.67139,49.2895],[-122.6714,49.2895],[-122.6714,49.2895],[-122.6714,49.2895],[-122.6714,49.2895],[-122.6714,49.2895],[-122.6714,49.2895],[-122.67141,49.2895],[-122.67141,49.2895],[-122.67141,49.2895],[-122.67141,49.2895],[-122.67141,49.2895],[-122.67141,49.2895],[-122.67142,49.2895],[-122.67142,49.2895],[-122.67142,49.2895],[-122.67142,49.2895],[-122.67142,49.2895],[-122.67142,49.2895],[-122.67143,49.28949],[-122.67143,49.28949],[-122.67143,49.28949],[-122.67143,49.28949],[-122.67143,49.28949],[-122.67143,49.28949],[-122.67144,49.28949],[-122.67144,49.28949],[-122.67144,49.28949],[-122.67144,49.28949],[-122.67144,49.28949],[-122.67144,49.28949],[-122.67145,49.28949],[-122.67145,49.28949],[-122.67145,49.28949],[-122.67145,49.28949],[-122.67145,49.28949],[-122.67146,49.28949],[-122.67146,49.28949],[-122.67146,49.28949],[-122.67146,49.28949],[-122.67146,49.28949],[-122.67146,49.28949],[-122.67147,49.28949],[-122.67147,49.28949],[-122.67147,49.28949],[-122.67147,49.28949],[-122.67147,49.28949],[-122.67147,49.28949],[-122.67148,49.28949],[-122.67148,49.28949],[-122.67148,49.28949],[-122.67148,49.28949],[-122.67148,49.28949],[-122.67148,49.28949],[-122.67149,49.28949],[-122.67149,49.28949],[-122.67149,49.28949],[-122.67149,49.28949],[-122.67149,49.28949],[-122.67149,49.28949],[-122.6715,49.28949],[-122.6715,49.28949],[-122.6715,49.28949],[-122.6715,49.28949],[-122.6715,49.28949],[-122.67151,49.28949],[-122.67151,49.28948],[-122.67151,49.28948],[-122.67151,49.28948],[-122.67151,49.28948],[-122.67151,49.28948],[-122.67152,49.28948],[-122.67152,49.28948],[-122.67152,49.28948],[-122.67152,49.28948],[-122.67152,49.28948],[-122.67152,49.28948],[-122.67153,49.28948],[-122.67153,49.28948],[-122.67153,49.28948],[-122.67153,49.28948],[-122.67153,49.28948],[-122.67153,49.28948],[-122.67154,49.28948],[-122.67154,49.28948],[-122.67154,49.28948],[-122.67154,49.28948],[-122.67154,49.28948],[-122.67154,49.28948],[-122.67155,49.28948],[-122.67155,49.28948],[-122.67155,49.28948],[-122.67155,49.28948],[-122.67155,49.28948],[-122.67156,49.28948],[-122.67156,49.28948],[-122.67156,49.28948],[-122.67156,49.28948],[-122.67156,49.28948],[-122.67156,49.28948],[-122.67157,49.28948],[-122.67157,49.28948],[-122.67157,49.28948],[-122.67157,49.28948],[-122.67157,49.28948],[-122.67157,49.28948],[-122.67158,49.28948],[-122.67158,49.28948],[-122.67158,49.28948],[-122.67158,49.28948],[-122.67158,49.28948],[-122.67158,49.28948],[-122.67159,49.28948],[-122.67159,49.28947],[-122.67159,49.28947],[-122.67159,49.28947],[-122.67159,49.28947],[-122.67159,49.28947],[-122.6716,49.28947],[-122.6716,49.28947],[-122.6716,49.28947],[-122.6716,49.28947],[-122.6716,49.28947],[-122.6716,49.28947],[-122.67161,49.28947],[-122.67161,49.28947],[-122.67161,49.28947],[-122.67161,49.28947],[-122.67161,49.28947],[-122.67162,49.28947],[-122.67162,49.28947],[-122.67162,49.28947],[-122.67162,49.28947],[-122.67162,49.28947],[-122.67162,49.28947],[-122.67163,49.28947],[-122.67163,49.28947],[-122.67163,49.28947],[-122.67163,49.28947],[-122.67163,49.28947],[-122.67163,49.28947],[-122.67164,49.28947],[-122.67164,49.28947],[-122.67164,49.28947],[-122.67164,49.28947],[-122.67164,49.28947],[-122.67164,49.28947],[-122.67165,49.28947],[-122.67165,49.28947],[-122.67165,49.28947],[-122.67165,49.28947],[-122.67165,49.28947],[-122.67165,49.28947],[-122.67166,49.28947],[-122.67166,49.28947],[-122.67166,49.28947],[-122.67166,49.28947],[-122.67166,49.28947],[-122.67167,49.28947],[-122.67167,49.28947],[-122.67167,49.28947],[-122.67167,49.28947],[-122.67167,49.28946],[-122.67167,49.28946],[-122.67168,49.28946],[-122.67168,49.28946],[-122.67168,49.28946],[-122.67168,49.28946],[-122.67168,49.28946],[-122.67168,49.28946],[-122.67169,49.28946],[-122.67169,49.28946],[-122.67169,49.28946],[-122.67169,49.28946],[-122.67169,49.28946],[-122.67169,49.28946],[-122.6717,49.28946],[-122.6717,49.28946],[-122.6717,49.28946],[-122.6717,49.28946],[-122.6717,49.28946],[-122.6717,49.28946],[-122.67171,49.28946],[-122.67171,49.28946],[-122.67171,49.28946],[-122.67171,49.28946],[-122.67171,49.28946],[-122.67172,49.28946],[-122.67172,49.28946],[-122.67172,49.28946],[-122.67172,49.28946],[-122.67172,49.28946],[-122.67172,49.28946],[-122.67173,49.28946],[-122.67173,49.28946],[-122.67173,49.28946],[-122.67173,49.28946],[-122.67173,49.28946],[-122.67173,49.28946],[-122.67174,49.28946],[-122.67174,49.28946],[-122.67174,49.28946],[-122.67174,49.28946],[-122.67174,49.28946],[-122.67174,49.28946],[-122.67175,49.28946],[-122.67175,49.28946],[-122.67175,49.28946],[-122.67175,49.28946],[-122.67175,49.28946],[-122.67175,49.28945],[-122.67176,49.28945],[-122.67176,49.28945],[-122.67176,49.28945],[-122.67176,49.28945],[-122.67176,49.28945],[-122.67177,49.28945],[-122.67177,49.28945],[-122.67177,49.28945],[-122.67177,49.28945],[-122.67177,49.28945],[-122.67177,49.28945],[-122.67178,49.28945],[-122.67178,49.28945],[-122.67178,49.28945],[-122.67178,49.28945],[-122.67178,49.28945],[-122.67178,49.28945],[-122.67179,49.28945],[-122.67179,49.28945],[-122.67179,49.28945],[-122.67179,49.28945],[-122.67179,49.28945],[-122.67179,49.28945],[-122.6718,49.28945],[-122.6718,49.28945],[-122.6718,49.28945],[-122.6718,49.28945],[-122.6718,49.28945],[-122.6718,49.28945],[-122.67181,49.28945],[-122.67181,49.28945],[-122.67181,49.28945],[-122.67181,49.28945],[-122.67181,49.28945],[-122.67182,49.28945],[-122.67182,49.28945],[-122.67182,49.28945],[-122.67182,49.28945],[-122.67182,49.28945],[-122.67182,49.28945],[-122.67183,49.28945],[-122.67183,49.28945],[-122.67183,49.28945],[-122.67183,49.28945],[-122.67183,49.28945],[-122.67183,49.28945],[-122.67184,49.28945],[-122.67184,49.28945],[-122.67184,49.28945],[-122.67184,49.28944],[-122.67184,49.28944],[-122.67184,49.28944],[-122.67185,49.28944],[-122.67185,49.28944],[-122.67185,49.28944],[-122.67185,49.28944],[-122.67185,49.28944],[-122.67185,49.28944],[-122.67186,49.28944],[-122.67186,49.28944],[-122.67186,49.28944],[-122.67186,49.28944],[-122.67186,49.28944],[-122.67187,49.28944],[-122.67187,49.28944],[-122.67187,49.28944],[-122.67187,49.28944],[-122.67187,49.28944],[-122.67187,49.28944],[-122.67188,49.28944],[-122.67188,49.28944],[-122.67188,49.28944],[-122.67188,49.28944],[-122.67188,49.28944],[-122.67188,49.28944],[-122.67189,49.28944],[-122.67189,49.28944],[-122.67189,49.28944],[-122.67189,49.28944],[-122.67189,49.28944],[-122.67189,49.28944],[-122.6719,49.28944],[-122.6719,49.28944],[-122.6719,49.28944],[-122.6719,49.28944],[-122.6719,49.28944],[-122.6719,49.28944],[-122.67191,49.28944],[-122.67191,49.28944],[-122.67191,49.28944],[-122.67191,49.28944],[-122.6792,49.2878],[-122.68605,49.28555],[-122.69336,49.28204],[-122.70036,49.27843],[-122.71076,49.27846],[-122.71145,49.27846],[-122.71173,49.27845],[-122.71421,49.27845],[-122.71564,49.27845],[-122.71703,49.27845],[-122.71841,49.27844],[-122.71979,49.27844],[-122.72117,49.27843],[-122.72256,49.27843],[-122.72283,49.27843],[-122.7241,49.27843],[-122.72548,49.27842],[-122.72686,49.27842],[-122.72908,49.27841],[-122.72937,49.27841],[-122.73365,49.27841],[-122.73393,49.27841],[-122.73393,49.27859],[-122.73393,49.28028],[-122.73393,49.28046],[-122.73392,49.28207],[-122.73392,49.28225],[-122.73392,49.28386],[-122.73392,49.28404],[-122.73392,49.28534],[-122.73392,49.28576],[-122.73704,49.28576],[-122.74207,49.28575],[-122.74487,49.28576],[-122.75041,49.28574],[-122.75608,49.28573],[-122.75622,49.28573],[-122.75925,49.28574],[-122.7615,49.28575],[-122.76165,49.28574],[-122.7616,49.28922],[-122.7616,49.2893],[-122.76717,49.28932],[-122.76717,49.28924],[-122.76719,49.28762],[-122.7672,49.2869],[-122.7672,49.28576],[-122.76725,49.27848],[-122.76725,49.2783],[-122.76739,49.2783],[-122.77858,49.27846],[-122.78389,49.27846],[-122.78815,49.27846],[-122.78844,49.27846],[-122.79027,49.27847],[-122.79046,49.27847],[-122.79046,49.27637],[-122.79049,49.2753],[-122.79052,49.27409],[-122.79063,49.26941],[-122.79066,49.26815],[-122.79066,49.26806],[-122.79067,49.26779],[-122.79067,49.26754],[-122.79068,49.26739],[-122.79068,49.26738],[-122.79075,49.26521],[-122.79076,49.26476],[-122.79081,49.2632],[-122.79081,49.26301],[-122.79084,49.26213],[-122.79086,49.2612],[-122.79087,49.26089],[-122.79088,49.26084],[-122.7951,49.26074],[-122.79628,49.26025],[-122.79724,49.25951],[-122.79751,49.25854],[-122.79744,49.25751],[-122.79719,49.25679],[-122.79733,49.25623],[-122.79789,49.25538],[-122.79806,49.25461],[-122.79789,49.25314],[-122.79749,49.25204],[-122.7971,49.2514],[-122.79628,49.25049],[-122.79618,49.25045],[-122.79618,49.25045],[-122.79618,49.25044],[-122.79618,49.25044],[-122.79618,49.25044],[-122.79618,49.25044],[-122.79618,49.25044],[-122.79618,49.25044],[-122.79617,49.25044],[-122.79617,49.25044],[-122.79617,49.25044],[-122.79617,49.25044],[-122.79617,49.25043],[-122.79617,49.25043],[-122.79617,49.25043],[-122.79617,49.25043],[-122.79617,49.25043],[-122.79617,49.25043],[-122.79617,49.25043],[-122.79617,49.25043],[-122.79616,49.25043],[-122.79616,49.25043],[-122.79616,49.25042],[-122.79616,49.25042],[-122.79616,49.25042],[-122.79616,49.25042],[-122.79616,49.25042],[-122.79616,49.25042],[-122.79616,49.25042],[-122.79616,49.25042],[-122.79616,49.25042],[-122.79615,49.25042],[-122.79615,49.25041],[-122.79615,49.25041],[-122.79615,49.25041],[-122.79615,49.25041],[-122.79615,49.25041],[-122.79615,49.25041],[-122.79615,49.25041],[-122.79615,49.25041],[-122.79615,49.25041],[-122.79615,49.25041],[-122.79615,49.2504],[-122.79614,49.2504],[-122.79614,49.2504],[-122.79614,49.2504],[-122.79614,49.2504],[-122.79614,49.2504],[-122.79614,49.2504],[-122.79614,49.2504],[-122.79614,49.2504],[-122.79614,49.2504],[-122.79614,49.25039],[-122.79614,49.25039],[-122.79614,49.25039],[-122.79613,49.25039],[-122.79613,49.25039],[-122.79613,49.25039],[-122.79613,49.25039],[-122.79613,49.25039],[-122.79613,49.25039],[-122.79613,49.25039],[-122.79613,49.25038],[-122.79613,49.25038],[-122.79613,49.25038],[-122.79613,49.25038],[-122.79613,49.25038],[-122.79612,49.25038],[-122.79612,49.25038],[-122.79612,49.25038],[-122.79612,49.25038],[-122.79612,49.25038],[-122.79612,49.25037],[-122.79612,49.25037],[-122.79612,49.25037],[-122.79612,49.25037],[-122.79612,49.25037],[-122.79612,49.25037],[-122.79612,49.25037],[-122.79611,49.25037],[-122.79611,49.25037],[-122.79611,49.25037],[-122.79611,49.25036],[-122.79611,49.25036],[-122.79611,49.25036],[-122.79611,49.25036],[-122.79611,49.25036],[-122.79611,49.25036],[-122.79611,49.25036],[-122.79611,49.25036],[-122.79611,49.25036],[-122.79611,49.25036],[-122.7961,49.25035],[-122.7961,49.25035],[-122.7961,49.25035],[-122.7961,49.25035],[-122.7961,49.25035],[-122.7961,49.25035],[-122.7961,49.25035],[-122.7961,49.25035],[-122.7961,49.25035],[-122.7961,49.25035],[-122.7961,49.25034],[-122.7961,49.25034],[-122.79609,49.25034],[-122.79609,49.25034],[-122.79609,49.25034],[-122.79609,49.25034],[-122.79609,49.25034],[-122.79609,49.25034],[-122.79609,49.25034],[-122.79609,49.25034],[-122.79609,49.25033],[-122.79609,49.25033],[-122.79609,49.25033],[-122.79609,49.25033],[-122.79609,49.25033],[-122.79608,49.25033],[-122.79608,49.25033],[-122.79608,49.25033],[-122.79608,49.25033],[-122.79608,49.25032],[-122.79608,49.25032],[-122.79608,49.25032],[-122.79608,49.25032],[-122.79608,49.25032],[-122.79608,49.25032],[-122.79608,49.25032],[-122.79608,49.25032],[-122.79608,49.25032],[-122.79607,49.25032],[-122.79607,49.25031],[-122.79607,49.25031],[-122.79607,49.25031],[-122.79607,49.25031],[-122.79607,49.25031],[-122.79607,49.25031],[-122.79607,49.25031],[-122.79607,49.25031],[-122.79607,49.25031],[-122.79607,49.25031],[-122.79607,49.2503],[-122.79607,49.2503],[-122.79607,49.2503],[-122.79606,49.2503],[-122.79606,49.2503],[-122.79606,49.2503],[-122.79606,49.2503],[-122.79606,49.2503],[-122.79606,49.2503],[-122.79606,49.25029],[-122.79606,49.25029],[-122.79606,49.25029],[-122.79606,49.25029],[-122.79606,49.25029],[-122.79606,49.25029],[-122.79606,49.25029],[-122.79605,49.25029],[-122.79605,49.25029],[-122.79605,49.25029],[-122.79605,49.25028],[-122.79605,49.25028],[-122.79605,49.25028],[-122.79605,49.25028],[-122.79605,49.25028],[-122.79605,49.25028],[-122.79605,49.25028],[-122.79605,49.25028],[-122.79605,49.25028],[-122.79605,49.25028],[-122.79605,49.25027],[-122.79604,49.25027],[-122.79604,49.25027],[-122.79604,49.25027],[-122.79604,49.25027],[-122.79604,49.25027],[-122.79604,49.25027],[-122.79604,49.25027],[-122.79604,49.25027],[-122.79604,49.25026],[-122.79604,49.25026],[-122.79604,49.25026],[-122.79604,49.25026],[-122.79604,49.25026],[-122.79604,49.25026],[-122.79604,49.25026],[-122.79603,49.25026],[-122.79603,49.25026],[-122.79603,49.25026],[-122.79603,49.25025],[-122.79603,49.25025],[-122.79603,49.25025],[-122.79603,49.25025],[-122.79603,49.25025],[-122.79603,49.25025],[-122.79603,49.25025],[-122.79603,49.25025],[-122.79603,49.25025],[-122.79603,49.25024],[-122.79603,49.25024],[-122.79603,49.25024],[-122.79602,49.25024],[-122.79602,49.25024],[-122.79602,49.25024],[-122.79602,49.25024],[-122.79602,49.25024],[-122.79602,49.25024],[-122.79602,49.25024],[-122.79602,49.25023],[-122.79602,49.25023],[-122.79602,49.25023],[-122.79602,49.25023],[-122.79602,49.25023],[-122.79602,49.25023],[-122.79602,49.25023],[-122.79602,49.25023],[-122.79601,49.25023],[-122.79601,49.25022],[-122.79601,49.25022],[-122.79601,49.25022],[-122.79601,49.25022],[-122.79601,49.25022],[-122.79601,49.25022],[-122.79601,49.25022],[-122.79601,49.25022],[-122.79601,49.25022],[-122.79601,49.25021],[-122.79601,49.25021],[-122.79601,49.25021],[-122.79601,49.25021],[-122.79601,49.25021],[-122.79601,49.25021],[-122.796,49.25021],[-122.796,49.25021],[-122.796,49.25021],[-122.796,49.25021],[-122.796,49.2502],[-122.796,49.2502],[-122.796,49.2502],[-122.796,49.2502],[-122.796,49.2502],[-122.796,49.2502],[-122.796,49.2502],[-122.796,49.2502],[-122.796,49.2502],[-122.796,49.25019],[-122.796,49.25019],[-122.796,49.25019],[-122.79599,49.25019],[-122.79599,49.25019],[-122.79599,49.25019],[-122.79599,49.25019],[-122.79599,49.25019],[-122.79599,49.25019],[-122.79599,49.25019],[-122.79599,49.25018],[-122.79599,49.25018],[-122.79599,49.25018],[-122.79599,49.25018],[-122.79599,49.25018],[-122.79599,49.25018],[-122.79599,49.25018],[-122.79599,49.25018],[-122.79599,49.25018],[-122.79598,49.25017],[-122.79598,49.25017],[-122.79598,49.25017],[-122.79598,49.25017],[-122.79598,49.25017],[-122.79598,49.25017],[-122.79598,49.25017],[-122.79598,49.25017],[-122.79598,49.25017],[-122.79598,49.25016],[-122.79598,49.25016],[-122.79598,49.25016],[-122.79598,49.25016],[-122.79598,49.25016],[-122.79598,49.25016],[-122.79598,49.25016],[-122.79598,49.25016],[-122.79597,49.25016],[-122.79597,49.25016],[-122.79597,49.25015],[-122.79597,49.25015],[-122.79597,49.25015],[-122.79597,49.25015],[-122.79597,49.25015],[-122.79597,49.25015],[-122.79597,49.25015],[-122.79597,49.25015],[-122.79597,49.25015],[-122.79597,49.25014],[-122.79597,49.25014],[-122.79597,49.25014],[-122.79597,49.25014],[-122.79597,49.25014],[-122.79597,49.25014],[-122.79596,49.25014],[-122.79596,49.25014],[-122.79596,49.25014],[-122.79596,49.25013],[-122.79596,49.25013],[-122.79596,49.25013],[-122.79596,49.25013],[-122.79596,49.25013],[-122.79596,49.25013],[-122.79596,49.25013],[-122.79596,49.25013],[-122.79596,49.25013],[-122.79596,49.25013],[-122.79596,49.25012],[-122.79596,49.25012],[-122.79596,49.25012],[-122.79596,49.25012],[-122.79595,49.25012],[-122.79595,49.25012],[-122.79595,49.25012],[-122.79595,49.25012],[-122.79595,49.25012],[-122.79595,49.25011],[-122.79595,49.25011],[-122.79595,49.25011],[-122.79595,49.25011],[-122.79595,49.25011],[-122.79595,49.25011],[-122.79595,49.25011],[-122.79595,49.25011],[-122.79595,49.25011],[-122.79595,49.2501],[-122.79595,49.2501],[-122.79595,49.2501],[-122.79594,49.2501],[-122.79594,49.2501],[-122.79594,49.2501],[-122.79594,49.2501],[-122.79594,49.2501],[-122.79594,49.2501],[-122.79594,49.2501],[-122.79594,49.25009],[-122.79594,49.25009],[-122.79594,49.25009],[-122.79594,49.25009],[-122.79594,49.25009],[-122.79594,49.25009],[-122.79594,49.25009],[-122.79594,49.25009],[-122.79594,49.25009],[-122.79594,49.25008],[-122.79594,49.25008],[-122.79593,49.25008],[-122.79593,49.25008],[-122.79593,49.25008],[-122.79593,49.25008],[-122.79593,49.25008],[-122.79593,49.25008],[-122.79593,49.25008],[-122.79593,49.25007],[-122.79593,49.25007],[-122.79593,49.25007],[-122.79593,49.25007],[-122.79593,49.25007],[-122.79593,49.25007],[-122.79593,49.25007],[-122.79593,49.25007],[-122.79593,49.25007],[-122.79593,49.25006],[-122.79592,49.25006],[-122.79592,49.25006],[-122.79592,49.25006],[-122.79592,49.25006],[-122.79592,49.25006],[-122.79592,49.25006],[-122.79592,49.25006],[-122.79592,49.25006],[-122.79592,49.25006],[-122.79592,49.25005],[-122.79592,49.25005],[-122.79592,49.25005],[-122.79592,49.25005],[-122.79592,49.25005],[-122.79592,49.25005],[-122.79592,49.25005],[-122.79592,49.25005],[-122.79591,49.25005],[-122.79591,49.25004],[-122.79591,49.25004],[-122.79591,49.25004],[-122.79591,49.25004],[-122.79591,49.25004],[-122.79591,49.25004],[-122.79591,49.25004],[-122.79591,49.25004],[-122.79591,49.25004],[-122.79591,49.25003],[-122.79591,49.25003],[-122.79591,49.25003],[-122.79591,49.25003],[-122.79591,49.25003],[-122.79591,49.25003],[-122.79591,49.25003],[-122.7959,49.25003],[-122.7959,49.25003],[-122.7959,49.25003],[-122.7959,49.25002],[-122.7959,49.25002],[-122.7959,49.25002],[-122.7959,49.25002],[-122.7959,49.25002],[-122.7959,49.25002],[-122.7959,49.25002],[-122.7959,49.25002],[-122.7959,49.25002],[-122.7959,49.25001],[-122.7959,49.25001],[-122.7959,49.25001],[-122.7959,49.25001],[-122.7959,49.25001],[-122.79589,49.25001],[-122.79589,49.25001],[-122.79589,49.25001],[-122.79589,49.25001],[-122.79589,49.25],[-122.79589,49.25],[-122.79589,49.25],[-122.79589,49.25],[-122.79589,49.25],[-122.79589,49.25],[-122.79589,49.25],[-122.79589,49.25],[-122.79589,49.25],[-122.79589,49.25],[-122.79589,49.24999],[-122.79589,49.24999],[-122.79589,49.24999],[-122.79588,49.24999],[-122.79588,49.24999],[-122.79588,49.24999],[-122.79588,49.24999],[-122.79588,49.24999],[-122.79588,49.24999],[-122.79588,49.24998],[-122.79588,49.24998],[-122.79588,49.24998],[-122.79588,49.24998],[-122.79588,49.24998],[-122.79588,49.24998],[-122.79588,49.24998],[-122.79588,49.24998],[-122.79588,49.24998],[-122.79588,49.24997],[-122.79587,49.24997],[-122.79587,49.24997],[-122.79587,49.24997],[-122.79587,49.24997],[-122.79587,49.24997],[-122.79587,49.24997],[-122.79587,49.24997],[-122.79587,49.24997],[-122.79587,49.24997],[-122.79587,49.24996],[-122.79587,49.24996],[-122.79587,49.24996],[-122.79587,49.24996],[-122.79587,49.24996],[-122.79587,49.24996],[-122.79587,49.24996],[-122.79586,49.24996],[-122.79586,49.24996],[-122.79586,49.24995],[-122.79586,49.24995],[-122.79586,49.24995],[-122.79586,49.24995],[-122.79586,49.24995],[-122.79586,49.24995],[-122.79586,49.24995],[-122.79586,49.24995],[-122.79586,49.24995],[-122.79586,49.24995],[-122.79586,49.24994],[-122.79586,49.24994],[-122.79586,49.24994],[-122.79586,49.24994],[-122.79585,49.24994],[-122.79585,49.24994],[-122.79585,49.24994],[-122.79585,49.24994],[-122.79585,49.24994],[-122.79585,49.24993],[-122.79585,49.24993],[-122.79585,49.24993],[-122.79585,49.24993],[-122.79585,49.24993],[-122.79585,49.24993],[-122.79585,49.24993],[-122.79585,49.24993],[-122.79585,49.24993],[-122.79585,49.24992],[-122.79585,49.24992],[-122.79584,49.24992],[-122.79584,49.24992],[-122.79584,49.24992],[-122.79584,49.24992],[-122.79584,49.24992],[-122.79584,49.24992],[-122.79584,49.24992],[-122.79584,49.24992],[-122.79584,49.24991],[-122.79584,49.24991],[-122.79584,49.24991],[-122.79584,49.24991],[-122.79584,49.24991],[-122.79584,49.24991],[-122.79584,49.24991],[-122.79583,49.24991],[-122.79583,49.24991],[-122.79583,49.2499],[-122.79583,49.2499],[-122.79583,49.2499],[-122.79583,49.2499],[-122.79583,49.2499],[-122.79583,49.2499],[-122.79583,49.2499],[-122.79583,49.2499],[-122.79583,49.2499],[-122.79583,49.2499],[-122.79583,49.24989],[-122.79583,49.24989],[-122.79583,49.24989],[-122.79583,49.24989],[-122.79582,49.24989],[-122.79582,49.24989],[-122.79582,49.24989],[-122.79582,49.24989],[-122.79582,49.24989],[-122.79582,49.24988],[-122.79582,49.24988],[-122.79582,49.24988],[-122.79582,49.24988],[-122.79582,49.24988],[-122.79582,49.24988],[-122.79582,49.24988],[-122.79582,49.24988],[-122.79582,49.24988],[-122.79582,49.24988],[-122.79581,49.24987],[-122.79581,49.24987],[-122.79581,49.24987],[-122.79581,49.24987],[-122.79581,49.24987],[-122.79581,49.24987],[-122.79581,49.24987],[-122.79581,49.24987],[-122.79581,49.24987],[-122.79581,49.24986],[-122.79581,49.24986],[-122.79581,49.24986],[-122.79581,49.24986],[-122.79581,49.24986],[-122.79581,49.24986],[-122.79581,49.24986],[-122.7958,49.24986],[-122.7958,49.24986],[-122.7958,49.24985],[-122.7958,49.24985],[-122.7958,49.24985],[-122.7958,49.24985],[-122.7958,49.24985],[-122.7958,49.24985],[-122.7958,49.24985],[-122.7958,49.24985],[-122.7958,49.24985],[-122.7958,49.24985],[-122.7958,49.24984],[-122.7958,49.24984],[-122.7958,49.24984],[-122.79579,49.24984],[-122.79579,49.24984],[-122.79579,49.24984],[-122.79579,49.24984],[-122.79579,49.24984],[-122.79579,49.24984],[-122.79579,49.24983],[-122.79579,49.24983],[-122.79579,49.24983],[-122.79579,49.24983],[-122.79579,49.24983],[-122.79579,49.24983],[-122.79579,49.24983],[-122.79579,49.24983],[-122.79579,49.24983],[-122.79578,49.24983],[-122.79578,49.24982],[-122.79578,49.24982],[-122.79578,49.24982],[-122.79578,49.24982],[-122.79578,49.24982],[-122.79578,49.24982],[-122.79578,49.24982],[-122.79578,49.24982],[-122.79578,49.24982],[-122.79578,49.24981],[-122.79578,49.24981],[-122.79578,49.24981],[-122.79578,49.24981],[-122.79578,49.24981],[-122.79578,49.24981],[-122.79577,49.24981],[-122.79577,49.24981],[-122.79577,49.24981],[-122.79577,49.24981],[-122.79577,49.2498],[-122.79577,49.2498],[-122.79577,49.2498],[-122.79577,49.2498],[-122.79577,49.2498],[-122.79577,49.2498],[-122.79577,49.2498],[-122.79577,49.2498],[-122.79577,49.2498],[-122.79577,49.24979],[-122.79577,49.24979],[-122.79576,49.24979],[-122.79576,49.24979],[-122.79576,49.24979],[-122.79576,49.24979],[-122.79576,49.24979],[-122.79576,49.24979],[-122.79576,49.24979],[-122.79576,49.24978],[-122.79576,49.24978],[-122.79576,49.24978],[-122.79576,49.24978],[-122.79576,49.24978],[-122.79576,49.24978],[-122.79576,49.24978],[-122.79576,49.24978],[-122.79575,49.24978],[-122.79575,49.24978],[-122.79575,49.24977],[-122.79575,49.24977],[-122.79575,49.24977],[-122.79575,49.24977],[-122.79575,49.24977],[-122.79575,49.24977],[-122.79575,49.24977],[-122.79575,49.24977],[-122.79575,49.24977],[-122.79575,49.24976],[-122.79575,49.24976],[-122.79575,49.24976],[-122.79575,49.24976],[-122.79574,49.24976],[-122.79574,49.24976],[-122.79574,49.24976],[-122.79574,49.24976],[-122.79574,49.24976],[-122.79574,49.24976],[-122.79574,49.24975],[-122.79574,49.24975],[-122.79574,49.24975],[-122.79574,49.24975],[-122.79574,49.24975],[-122.79574,49.24975],[-122.79574,49.24975],[-122.79574,49.24975],[-122.79574,49.24975],[-122.79573,49.24974],[-122.79573,49.24974],[-122.79573,49.24974],[-122.79573,49.24974],[-122.79573,49.24974],[-122.79573,49.24974],[-122.79573,49.24974],[-122.79573,49.24974],[-122.79573,49.24974],[-122.79573,49.24974],[-122.79573,49.24973],[-122.79573,49.24973],[-122.79573,49.24973],[-122.79573,49.24973],[-122.79573,49.24973],[-122.79572,49.24973],[-122.79572,49.24973],[-122.79572,49.24973],[-122.79572,49.24973],[-122.79572,49.24972],[-122.79572,49.24972],[-122.79572,49.24972],[-122.79572,49.24972],[-122.79572,49.24972],[-122.79572,49.24972],[-122.79572,49.24972],[-122.79572,49.24972],[-122.79572,49.24972],[-122.79572,49.24972],[-122.79572,49.24971],[-122.79571,49.24971],[-122.79571,49.24971],[-122.79571,49.24971],[-122.79571,49.24971],[-122.79571,49.24971],[-122.79571,49.24971],[-122.79571,49.24971],[-122.79571,49.24971],[-122.79571,49.2497],[-122.79571,49.2497],[-122.79571,49.2497],[-122.79571,49.2497],[-122.79571,49.2497],[-122.79571,49.2497],[-122.79571,49.2497],[-122.7957,49.2497],[-122.7957,49.2497],[-122.7957,49.2497],[-122.7957,49.24969],[-122.7957,49.24969],[-122.7957,49.24969],[-122.7957,49.24969],[-122.7957,49.24969],[-122.7957,49.24969],[-122.7957,49.24969],[-122.7957,49.24969],[-122.7957,49.24969],[-122.7957,49.24968],[-122.7957,49.24968],[-122.7957,49.24968],[-122.79569,49.24968],[-122.79569,49.24968],[-122.79569,49.24968],[-122.79569,49.24968],[-122.79569,49.24968],[-122.79569,49.24968],[-122.79569,49.24968],[-122.79569,49.24967],[-122.79569,49.24967],[-122.79569,49.24967],[-122.79569,49.24967],[-122.79569,49.24967],[-122.79569,49.24967],[-122.79569,49.24967],[-122.79569,49.24967],[-122.79568,49.24967],[-122.79568,49.24966],[-122.79568,49.24966],[-122.79568,49.24966],[-122.79568,49.24966],[-122.79568,49.24966],[-122.79568,49.24966],[-122.79568,49.24966],[-122.79568,49.24966],[-122.79568,49.24966],[-122.79568,49.24966],[-122.79568,49.24965],[-122.79568,49.24965],[-122.79568,49.24965],[-122.79568,49.24965],[-122.79567,49.24965],[-122.79567,49.24965],[-122.79567,49.24965],[-122.79567,49.24965],[-122.79567,49.24965],[-122.79567,49.24964],[-122.79567,49.24964],[-122.79567,49.24964],[-122.79567,49.24964],[-122.79567,49.24964],[-122.79567,49.24964],[-122.79567,49.24964],[-122.79567,49.24964],[-122.79567,49.24964],[-122.79567,49.24964],[-122.79566,49.24963],[-122.79566,49.24963],[-122.79566,49.24963],[-122.79566,49.24963],[-122.79566,49.24963],[-122.79566,49.24963],[-122.79566,49.24963],[-122.79566,49.24963],[-122.79566,49.24963],[-122.79566,49.24962],[-122.79566,49.24962],[-122.79566,49.24962],[-122.79566,49.24962],[-122.79566,49.24962],[-122.79565,49.24962],[-122.79565,49.24962],[-122.79565,49.24962],[-122.79565,49.24962],[-122.79565,49.24962],[-122.79565,49.24961],[-122.79565,49.24961],[-122.79565,49.24961],[-122.79565,49.24961],[-122.79565,49.24961],[-122.79565,49.24961],[-122.79565,49.24961],[-122.79565,49.24961],[-122.79565,49.24961],[-122.79565,49.2496],[-122.79564,49.2496],[-122.79564,49.2496],[-122.79564,49.2496],[-122.79564,49.2496],[-122.79564,49.2496],[-122.79564,49.2496],[-122.79564,49.2496],[-122.79564,49.2496],[-122.79564,49.2496],[-122.79564,49.24959],[-122.79564,49.24959],[-122.79564,49.24959],[-122.79564,49.24959],[-122.79564,49.24959],[-122.79564,49.24959],[-122.79563,49.24959],[-122.79563,49.24959],[-122.79563,49.24959],[-122.79563,49.24958],[-122.79563,49.24958],[-122.79563,49.24958],[-122.79563,49.24958],[-122.79563,49.24958],[-122.79563,49.24958],[-122.79563,49.24958],[-122.79563,49.24958],[-122.79563,49.24958],[-122.79563,49.24958],[-122.79563,49.24957],[-122.79562,49.24957],[-122.79562,49.24957],[-122.79562,49.24957],[-122.79562,49.24957],[-122.79562,49.24957],[-122.79562,49.24957],[-122.79562,49.24957],[-122.79562,49.24957],[-122.79562,49.24956],[-122.79562,49.24956],[-122.79562,49.24956],[-122.79562,49.24956],[-122.79562,49.24956],[-122.79562,49.24956],[-122.79562,49.24956],[-122.79561,49.24956],[-122.79561,49.24956],[-122.79561,49.24956],[-122.79561,49.24955],[-122.79561,49.24955],[-122.79561,49.24955],[-122.79561,49.24955],[-122.79561,49.24955],[-122.79561,49.24955],[-122.79561,49.24955],[-122.79561,49.24955],[-122.79561,49.24955],[-122.79561,49.24954],[-122.79561,49.24954],[-122.7956,49.24954],[-122.7956,49.24954],[-122.7956,49.24954],[-122.7956,49.24954],[-122.7956,49.24954],[-122.7956,49.24954],[-122.7956,49.24954],[-122.7956,49.24954],[-122.7956,49.24953],[-122.7956,49.24953],[-122.7956,49.24953],[-122.7956,49.24953],[-122.7956,49.24953],[-122.7956,49.24953],[-122.7956,49.24953],[-122.79559,49.24953],[-122.79559,49.24953],[-122.79559,49.24952],[-122.79559,49.24952],[-122.79559,49.24952],[-122.79559,49.24952],[-122.79559,49.24952],[-122.79559,49.24952],[-122.79559,49.24952],[-122.79559,49.24952],[-122.79559,49.24952],[-122.79559,49.24952],[-122.79559,49.24951],[-122.79559,49.24951],[-122.79558,49.24951],[-122.79558,49.24951],[-122.79558,49.24951],[-122.79558,49.24951],[-122.79558,49.24951],[-122.79558,49.24951],[-122.79558,49.24951],[-122.79558,49.2495],[-122.79558,49.2495],[-122.79558,49.2495],[-122.79558,49.2495],[-122.79558,49.2495],[-122.79558,49.2495],[-122.79558,49.2495],[-122.79558,49.2495],[-122.79557,49.2495],[-122.79557,49.2495],[-122.79557,49.24949],[-122.79557,49.24949],[-122.79557,49.24949],[-122.79557,49.24949],[-122.79557,49.24949],[-122.79557,49.24949],[-122.79557,49.24949],[-122.79557,49.24949],[-122.79557,49.24949],[-122.79557,49.24948],[-122.79557,49.24948],[-122.79557,49.24948],[-122.79556,49.24948],[-122.79556,49.24948],[-122.79556,49.24948],[-122.79556,49.24948],[-122.79556,49.24948],[-122.79556,49.24948],[-122.79556,49.24948],[-122.79556,49.24947],[-122.79556,49.24947],[-122.79556,49.24947],[-122.79556,49.24947],[-122.79556,49.24947],[-122.79556,49.24947],[-122.79556,49.24947],[-122.79556,49.24947],[-122.79555,49.24947],[-122.79555,49.24947],[-122.79555,49.24946],[-122.79555,49.24946],[-122.79555,49.24946],[-122.79555,49.24946],[-122.79555,49.24946],[-122.79555,49.24946],[-122.79555,49.24946],[-122.79555,49.24946],[-122.79555,49.24946],[-122.79555,49.24945],[-122.79555,49.24945],[-122.79555,49.24945],[-122.79554,49.24945],[-122.79554,49.24945],[-122.79554,49.24945],[-122.79553,49.24942],[-122.79552,49.24939],[-122.79551,49.24931],[-122.79549,49.24923],[-122.79548,49.24916],[-122.79547,49.24904],[-122.79547,49.24904],[-122.79547,49.24904],[-122.79546,49.24896],[-122.79546,49.2489],[-122.79546,49.24884],[-122.79549,49.24873],[-122.79549,49.24872],[-122.7955,49.24866],[-122.79551,49.24861],[-122.79553,49.24858],[-122.79556,49.24854],[-122.79559,49.2485],[-122.79562,49.24847],[-122.79567,49.24844],[-122.79573,49.24841],[-122.79576,49.2484],[-122.7958,49.24838],[-122.79588,49.24836],[-122.79597,49.24835],[-122.79604,49.24834],[-122.79612,49.24834],[-122.7962,49.24834],[-122.79629,49.24835],[-122.79645,49.24837],[-122.79653,49.24839],[-122.79664,49.24841],[-122.79674,49.24844],[-122.79683,49.24847],[-122.79688,49.2485],[-122.79693,49.24852],[-122.79707,49.24859],[-122.79714,49.24862],[-122.79718,49.24864],[-122.79725,49.24866],[-122.79736,49.24869],[-122.79741,49.2487],[-122.79745,49.24871],[-122.79749,49.24872],[-122.79754,49.24872],[-122.79759,49.24872],[-122.79763,49.24872],[-122.79767,49.24871],[-122.79771,49.2487],[-122.79778,49.24868],[-122.79786,49.24866],[-122.79794,49.24862],[-122.798,49.24858],[-122.79805,49.24855],[-122.7981,49.24851],[-122.79815,49.24846],[-122.79818,49.2484],[-122.79821,49.24836],[-122.79822,49.24833],[-122.79823,49.2483],[-122.79824,49.24825],[-122.79824,49.2482],[-122.79824,49.24808],[-122.79824,49.24808],[-122.79824,49.24808],[-122.79824,49.24798],[-122.79824,49.2479],[-122.79823,49.24778],[-122.79823,49.24772],[-122.79823,49.24766],[-122.79824,49.24761],[-122.79825,49.24756],[-122.79826,49.24751],[-122.79829,49.2474],[-122.79832,49.24732],[-122.79834,49.2472],[-122.79835,49.24715],[-122.79837,49.24708],[-122.79839,49.24703],[-122.79843,49.24696],[-122.79847,49.24691],[-122.7985,49.24686],[-122.79854,49.24682],[-122.79859,49.24679],[-122.79863,49.24675],[-122.79868,49.24672],[-122.79874,49.2467],[-122.79882,49.24667],[-122.79895,49.24662],[-122.79904,49.24659],[-122.79913,49.24656],[-122.79923,49.24654],[-122.79932,49.24652],[-122.79942,49.24651],[-122.79953,49.2465],[-122.79963,49.24649],[-122.79972,49.24649],[-122.7999,49.2465],[-122.79995,49.2465],[-122.80003,49.2465],[-122.80011,49.2465],[-122.80023,49.24649],[-122.80034,49.24648],[-122.80052,49.24645],[-122.80061,49.24644],[-122.80073,49.24643],[-122.80088,49.24641],[-122.80105,49.2464],[-122.80123,49.24638],[-122.80124,49.24638],[-122.80142,49.24637],[-122.80159,49.24635],[-122.80172,49.24634],[-122.80182,49.24632],[-122.8019,49.2463],[-122.80202,49.24628],[-122.80212,49.24625],[-122.80224,49.2462],[-122.80236,49.24616],[-122.80245,49.24612],[-122.80263,49.24603],[-122.80265,49.24602],[-122.80273,49.24598],[-122.8028,49.24594],[-122.80285,49.2459],[-122.8029,49.24585],[-122.80293,49.24583],[-122.80296,49.24579],[-122.80298,49.24576],[-122.803,49.24572],[-122.80302,49.24569],[-122.80303,49.24566],[-122.80306,49.24559],[-122.80306,49.24553],[-122.80307,49.24549],[-122.80306,49.24546],[-122.80305,49.2454],[-122.80302,49.24534],[-122.80299,49.24527],[-122.80294,49.24519],[-122.80291,49.24515],[-122.80288,49.24511],[-122.80284,49.24507],[-122.8028,49.24502],[-122.80267,49.24491],[-122.80262,49.24487],[-122.80255,49.2448],[-122.80244,49.24468],[-122.80239,49.24463],[-122.8023,49.24453],[-122.80223,49.24445],[-122.80216,49.24435],[-122.80208,49.24424],[-122.80207,49.24424],[-122.802,49.24412],[-122.80197,49.24408],[-122.80188,49.24396],[-122.80187,49.24395],[-122.80184,49.24389],[-122.80182,49.24384],[-122.8018,49.2438],[-122.8018,49.24375],[-122.80181,49.2437],[-122.80182,49.24364],[-122.80185,49.24356],[-122.80191,49.24345],[-122.80192,49.24344],[-122.80197,49.24336],[-122.80203,49.24328],[-122.80209,49.24322],[-122.80215,49.24315],[-122.80222,49.24309],[-122.8023,49.24304],[-122.80238,49.243],[-122.80255,49.2429],[-122.80273,49.24281],[-122.80284,49.24275],[-122.80301,49.24266],[-122.80318,49.24258],[-122.80334,49.24251],[-122.8035,49.24243],[-122.8035,49.24243],[-122.8035,49.24243],[-122.8035,49.24243],[-122.8035,49.24243],[-122.80351,49.24243],[-122.80351,49.24243],[-122.80351,49.24243],[-122.80351,49.24243],[-122.80351,49.24243],[-122.80351,49.24243],[-122.80351,49.24242],[-122.80352,49.24242],[-122.80352,49.24242],[-122.80352,49.24242],[-122.80352,49.24242],[-122.80352,49.24242],[-122.80352,49.24242],[-122.80352,49.24242],[-122.80352,49.24242],[-122.80353,49.24242],[-122.80353,49.24242],[-122.80353,49.24242],[-122.80353,49.24242],[-122.80353,49.24242],[-122.80353,49.24241],[-122.80353,49.24241],[-122.80353,49.24241],[-122.80354,49.24241],[-122.80354,49.24241],[-122.80354,49.24241],[-122.80354,49.24241],[-122.80354,49.24241],[-122.80354,49.24241],[-122.80354,49.24241],[-122.80355,49.24241],[-122.80355,49.24241],[-122.80355,49.24241],[-122.80355,49.2424],[-122.80355,49.2424],[-122.80355,49.2424],[-122.80355,49.2424],[-122.80355,49.2424],[-122.80356,49.2424],[-122.80356,49.2424],[-122.80356,49.2424],[-122.80356,49.2424],[-122.80356,49.2424],[-122.80356,49.2424],[-122.80356,49.2424],[-122.80357,49.2424],[-122.80357,49.24239],[-122.80357,49.24239],[-122.80357,49.24239],[-122.80357,49.24239],[-122.80357,49.24239],[-122.80357,49.24239],[-122.80357,49.24239],[-122.80358,49.24239],[-122.80358,49.24239],[-122.80358,49.24239],[-122.80358,49.24239],[-122.80358,49.24239],[-122.80358,49.24239],[-122.80358,49.24239],[-122.80359,49.24238],[-122.80359,49.24238],[-122.80359,49.24238],[-122.80359,49.24238],[-122.80359,49.24238],[-122.80359,49.24238],[-122.80359,49.24238],[-122.8036,49.24238],[-122.8036,49.24238],[-122.8036,49.24238],[-122.8036,49.24238],[-122.8036,49.24238],[-122.8036,49.24238],[-122.8036,49.24238],[-122.8036,49.24237],[-122.80361,49.24237],[-122.80361,49.24237],[-122.80361,49.24237],[-122.80361,49.24237],[-122.80361,49.24237],[-122.80361,49.24237],[-122.80361,49.24237],[-122.80362,49.24237],[-122.80362,49.24237],[-122.80362,49.24237],[-122.80362,49.24237],[-122.80362,49.24237],[-122.80362,49.24237],[-122.80362,49.24236],[-122.80363,49.24236],[-122.80363,49.24236],[-122.80363,49.24236],[-122.80363,49.24236],[-122.80363,49.24236],[-122.80363,49.24236],[-122.80363,49.24236],[-122.80364,49.24236],[-122.80364,49.24236],[-122.80364,49.24236],[-122.80364,49.24236],[-122.80364,49.24236],[-122.80364,49.24236],[-122.80364,49.24235],[-122.80364,49.24235],[-122.80365,49.24235],[-122.80365,49.24235],[-122.80365,49.24235],[-122.80365,49.24235],[-122.80365,49.24235],[-122.80365,49.24235],[-122.80365,49.24235],[-122.80366,49.24235],[-122.80366,49.24235],[-122.80366,49.24235],[-122.80366,49.24235],[-122.80366,49.24235],[-122.80366,49.24235],[-122.80366,49.24234],[-122.80367,49.24234],[-122.80367,49.24234],[-122.80367,49.24234],[-122.80367,49.24234],[-122.80367,49.24234],[-122.80367,49.24234],[-122.80367,49.24234],[-122.80368,49.24234],[-122.80368,49.24234],[-122.80368,49.24234],[-122.80368,49.24234],[-122.80368,49.24234],[-122.80368,49.24234],[-122.80368,49.24234],[-122.80369,49.24233],[-122.80369,49.24233],[-122.80369,49.24233],[-122.80369,49.24233],[-122.80369,49.24233],[-122.80369,49.24233],[-122.80369,49.24233],[-122.8037,49.24233],[-122.8037,49.24233],[-122.8037,49.24233],[-122.8037,49.24233],[-122.8037,49.24233],[-122.8037,49.24233],[-122.8037,49.24233],[-122.80371,49.24233],[-122.80371,49.24232],[-122.80371,49.24232],[-122.80371,49.24232],[-122.80371,49.24232],[-122.80371,49.24232],[-122.80371,49.24232],[-122.80372,49.24232],[-122.80372,49.24232],[-122.80372,49.24232],[-122.80372,49.24232],[-122.80372,49.24232],[-122.80372,49.24232],[-122.80372,49.24232],[-122.80373,49.24232],[-122.80373,49.24232],[-122.80373,49.24231],[-122.80373,49.24231],[-122.80373,49.24231],[-122.80373,49.24231],[-122.80373,49.24231],[-122.80374,49.24231],[-122.80374,49.24231],[-122.80374,49.24231],[-122.80374,49.24231],[-122.80374,49.24231],[-122.80374,49.24231],[-122.80374,49.24231],[-122.80375,49.24231],[-122.80375,49.24231],[-122.80375,49.24231],[-122.80375,49.24231],[-122.80375,49.2423],[-122.80375,49.2423],[-122.80375,49.2423],[-122.80376,49.2423],[-122.80376,49.2423],[-122.80376,49.2423],[-122.80376,49.2423],[-122.80376,49.2423],[-122.80376,49.2423],[-122.80376,49.2423],[-122.80377,49.2423],[-122.80377,49.2423],[-122.80377,49.2423],[-122.80377,49.2423],[-122.80377,49.2423],[-122.80377,49.2423],[-122.80377,49.24229],[-122.80378,49.24229],[-122.80378,49.24229],[-122.80378,49.24229],[-122.80378,49.24229],[-122.80378,49.24229],[-122.80378,49.24229],[-122.80379,49.24229],[-122.80379,49.24229],[-122.80379,49.24229],[-122.80379,49.24229],[-122.80379,49.24229],[-122.80379,49.24229],[-122.80379,49.24229],[-122.8038,49.24229],[-122.8038,49.24229],[-122.8038,49.24229],[-122.8038,49.24228],[-122.8038,49.24228],[-122.8038,49.24228],[-122.8038,49.24228],[-122.80381,49.24228],[-122.80381,49.24228],[-122.80381,49.24228],[-122.80381,49.24228],[-122.80381,49.24228],[-122.80381,49.24228],[-122.80381,49.24228],[-122.80382,49.24228],[-122.80382,49.24228],[-122.80382,49.24228],[-122.80382,49.24228],[-122.80382,49.24228],[-122.80382,49.24227],[-122.80383,49.24227],[-122.80383,49.24227],[-122.80383,49.24227],[-122.80383,49.24227],[-122.80383,49.24227],[-122.80383,49.24227],[-122.80383,49.24227],[-122.80384,49.24227],[-122.80384,49.24227],[-122.80384,49.24227],[-122.80384,49.24227],[-122.80384,49.24227],[-122.80384,49.24227],[-122.80384,49.24227],[-122.80385,49.24227],[-122.80385,49.24227],[-122.80385,49.24226],[-122.80385,49.24226],[-122.80385,49.24226],[-122.80385,49.24226],[-122.80386,49.24226],[-122.80386,49.24226],[-122.80386,49.24226],[-122.80386,49.24226],[-122.80386,49.24226],[-122.80386,49.24226],[-122.80386,49.24226],[-122.80387,49.24226],[-122.80387,49.24226],[-122.80387,49.24226],[-122.80387,49.24226],[-122.80387,49.24226],[-122.80387,49.24226],[-122.80388,49.24226],[-122.80388,49.24225],[-122.80388,49.24225],[-122.80388,49.24225],[-122.80388,49.24225],[-122.80388,49.24225],[-122.80388,49.24225],[-122.80389,49.24225],[-122.80389,49.24225],[-122.80389,49.24225],[-122.80389,49.24225],[-122.80389,49.24225],[-122.80389,49.24225],[-122.8039,49.24225],[-122.8039,49.24225],[-122.8039,49.24225],[-122.8039,49.24225],[-122.8039,49.24225],[-122.8039,49.24225],[-122.8039,49.24224],[-122.80391,49.24224],[-122.80391,49.24224],[-122.80391,49.24224],[-122.80391,49.24224],[-122.80391,49.24224],[-122.80391,49.24224],[-122.80392,49.24224],[-122.80392,49.24224],[-122.80392,49.24224],[-122.80392,49.24224],[-122.80392,49.24224],[-122.80392,49.24224],[-122.80392,49.24224],[-122.80393,49.24224],[-122.80393,49.24224],[-122.80393,49.24224],[-122.80393,49.24224],[-122.80393,49.24224],[-122.80393,49.24223],[-122.80394,49.24223],[-122.80394,49.24223],[-122.80394,49.24223],[-122.80394,49.24223],[-122.80394,49.24223],[-122.80394,49.24223],[-122.80394,49.24223],[-122.80395,49.24223],[-122.80395,49.24223],[-122.80395,49.24223],[-122.80395,49.24223],[-122.80395,49.24223],[-122.80395,49.24223],[-122.80396,49.24223],[-122.80396,49.24223],[-122.80396,49.24223],[-122.80396,49.24223],[-122.80396,49.24222],[-122.80396,49.24222],[-122.80397,49.24222],[-122.80397,49.24222],[-122.80397,49.24222],[-122.80397,49.24222],[-122.80397,49.24222],[-122.80397,49.24222],[-122.80397,49.24222],[-122.80398,49.24222],[-122.80398,49.24222],[-122.80398,49.24222],[-122.80398,49.24222],[-122.80398,49.24222],[-122.80398,49.24222],[-122.80399,49.24222],[-122.80399,49.24222],[-122.80399,49.24222],[-122.80399,49.24222],[-122.80399,49.24222],[-122.80399,49.24221],[-122.804,49.24221],[-122.804,49.24221],[-122.804,49.24221],[-122.804,49.24221],[-122.804,49.24221],[-122.804,49.24221],[-122.804,49.24221],[-122.80401,49.24221],[-122.80401,49.24221],[-122.80401,49.24221],[-122.80401,49.24221],[-122.80401,49.24221],[-122.80401,49.24221],[-122.80402,49.24221],[-122.80402,49.24221],[-122.80402,49.24221],[-122.80402,49.24221],[-122.80402,49.24221],[-122.80402,49.24221],[-122.80403,49.2422],[-122.80403,49.2422],[-122.80403,49.2422],[-122.80403,49.2422],[-122.80403,49.2422],[-122.80403,49.2422],[-122.80404,49.2422],[-122.80404,49.2422],[-122.80404,49.2422],[-122.80404,49.2422],[-122.80404,49.2422],[-122.80404,49.2422],[-122.80404,49.2422],[-122.80405,49.2422],[-122.80405,49.2422],[-122.80405,49.2422],[-122.80405,49.2422],[-122.80405,49.2422],[-122.80405,49.2422],[-122.80406,49.2422],[-122.80406,49.2422],[-122.80406,49.24219],[-122.80406,49.24219],[-122.80406,49.24219],[-122.80406,49.24219],[-122.80407,49.24219],[-122.80407,49.24219],[-122.80407,49.24219],[-122.80407,49.24219],[-122.80407,49.24219],[-122.80407,49.24219],[-122.80408,49.24219],[-122.80408,49.24219],[-122.80408,49.24219],[-122.80408,49.24219],[-122.80408,49.24219],[-122.80408,49.24219],[-122.80409,49.24219],[-122.80409,49.24219],[-122.80409,49.24219],[-122.80409,49.24219],[-122.80409,49.24219],[-122.80409,49.24219],[-122.80409,49.24218],[-122.8041,49.24218],[-122.8041,49.24218],[-122.8041,49.24218],[-122.8041,49.24218],[-122.8041,49.24218],[-122.8041,49.24218],[-122.80411,49.24218],[-122.80411,49.24218],[-122.80411,49.24218],[-122.80411,49.24218],[-122.80411,49.24218],[-122.80411,49.24218],[-122.80412,49.24218],[-122.80412,49.24218],[-122.80412,49.24218],[-122.80412,49.24218],[-122.80412,49.24218],[-122.80412,49.24218],[-122.80413,49.24218],[-122.80413,49.24218],[-122.80413,49.24218],[-122.80413,49.24218],[-122.80413,49.24218],[-122.80413,49.24217],[-122.80414,49.24217],[-122.80414,49.24217],[-122.80414,49.24217],[-122.80414,49.24217],[-122.80414,49.24217],[-122.80414,49.24217],[-122.80415,49.24217],[-122.80415,49.24217],[-122.80415,49.24217],[-122.80415,49.24217],[-122.80415,49.24217],[-122.80415,49.24217],[-122.80415,49.24217],[-122.80416,49.24217],[-122.80416,49.24217],[-122.80416,49.24217],[-122.80416,49.24217],[-122.80416,49.24217],[-122.80416,49.24217],[-122.80417,49.24217],[-122.80417,49.24217],[-122.80417,49.24217],[-122.80417,49.24217],[-122.80417,49.24216],[-122.80417,49.24216],[-122.80418,49.24216],[-122.80418,49.24216],[-122.80418,49.24216],[-122.80418,49.24216],[-122.80418,49.24216],[-122.80418,49.24216],[-122.80419,49.24216],[-122.80419,49.24216],[-122.80419,49.24216],[-122.80419,49.24216],[-122.80419,49.24216],[-122.80419,49.24216],[-122.8042,49.24216],[-122.8042,49.24216],[-122.8042,49.24216],[-122.8042,49.24216],[-122.8042,49.24216],[-122.8042,49.24216],[-122.80421,49.24216],[-122.80421,49.24216],[-122.80421,49.24216],[-122.80421,49.24216],[-122.80421,49.24216],[-122.80421,49.24216],[-122.80422,49.24215],[-122.80422,49.24215],[-122.80422,49.24215],[-122.80422,49.24215],[-122.80422,49.24215],[-122.80422,49.24215],[-122.80423,49.24215],[-122.80423,49.24215],[-122.80423,49.24215],[-122.80423,49.24215],[-122.80423,49.24215],[-122.80423,49.24215],[-122.80424,49.24215],[-122.80424,49.24215],[-122.80424,49.24215],[-122.80424,49.24215],[-122.80424,49.24215],[-122.80424,49.24215],[-122.80425,49.24215],[-122.80425,49.24215],[-122.80425,49.24215],[-122.80425,49.24215],[-122.80425,49.24215],[-122.80425,49.24215],[-122.80426,49.24215],[-122.80426,49.24215],[-122.80426,49.24215],[-122.80426,49.24215],[-122.80426,49.24214],[-122.80426,49.24214],[-122.80427,49.24214],[-122.80427,49.24214],[-122.80427,49.24214],[-122.80427,49.24214],[-122.80427,49.24214],[-122.80427,49.24214],[-122.80428,49.24214],[-122.80428,49.24214],[-122.80428,49.24214],[-122.80428,49.24214],[-122.80428,49.24214],[-122.80428,49.24214],[-122.80429,49.24214],[-122.80429,49.24214],[-122.80429,49.24214],[-122.80429,49.24214],[-122.80429,49.24214],[-122.80429,49.24214],[-122.8043,49.24214],[-122.8043,49.24214],[-122.8043,49.24214],[-122.8043,49.24214],[-122.8043,49.24214],[-122.8043,49.24214],[-122.80431,49.24214],[-122.80431,49.24214],[-122.80431,49.24214],[-122.80431,49.24214],[-122.80431,49.24213],[-122.80431,49.24213],[-122.80432,49.24213],[-122.80432,49.24213],[-122.80432,49.24213],[-122.80432,49.24213],[-122.80432,49.24213],[-122.80432,49.24213],[-122.80433,49.24213],[-122.80433,49.24213],[-122.80433,49.24213],[-122.80433,49.24213],[-122.80433,49.24213],[-122.80433,49.24213],[-122.80434,49.24213],[-122.80434,49.24213],[-122.80434,49.24213],[-122.80434,49.24213],[-122.80434,49.24213],[-122.80434,49.24213],[-122.80435,49.24213],[-122.80435,49.24213],[-122.80435,49.24213],[-122.80435,49.24213],[-122.80435,49.24213],[-122.80435,49.24213],[-122.80436,49.24213],[-122.80436,49.24213],[-122.80436,49.24213],[-122.80436,49.24213],[-122.80436,49.24213],[-122.80436,49.24213],[-122.80437,49.24213],[-122.80437,49.24212],[-122.80437,49.24212],[-122.80437,49.24212],[-122.80437,49.24212],[-122.80437,49.24212],[-122.80438,49.24212],[-122.80438,49.24212],[-122.80438,49.24212],[-122.80438,49.24212],[-122.80438,49.24212],[-122.80438,49.24212],[-122.80439,49.24212],[-122.80439,49.24212],[-122.80439,49.24212],[-122.80439,49.24212],[-122.80439,49.24212],[-122.80439,49.24212],[-122.8044,49.24212],[-122.8044,49.24212],[-122.8044,49.24212],[-122.8044,49.24212],[-122.8044,49.24212],[-122.8044,49.24212],[-122.80441,49.24212],[-122.80441,49.24212],[-122.80441,49.24212],[-122.80441,49.24212],[-122.80441,49.24212],[-122.80441,49.24212],[-122.80442,49.24212],[-122.80442,49.24212],[-122.80442,49.24212],[-122.80442,49.24212],[-122.80442,49.24212],[-122.80442,49.24212],[-122.80443,49.24212],[-122.80443,49.24212],[-122.80443,49.24211],[-122.80443,49.24211],[-122.80443,49.24211],[-122.80444,49.24211],[-122.80444,49.24211],[-122.80444,49.24211],[-122.80444,49.24211],[-122.80444,49.24211],[-122.80444,49.24211],[-122.80445,49.24211],[-122.80445,49.24211],[-122.80445,49.24211],[-122.80445,49.24211],[-122.80445,49.24211],[-122.80445,49.24211],[-122.80446,49.24211],[-122.80446,49.24211],[-122.80446,49.24211],[-122.80446,49.24211],[-122.80446,49.24211],[-122.80446,49.24211],[-122.80447,49.24211],[-122.80447,49.24211],[-122.80447,49.24211],[-122.80447,49.24211],[-122.80447,49.24211],[-122.80447,49.24211],[-122.80448,49.24211],[-122.80448,49.24211],[-122.80448,49.24211],[-122.80448,49.24211],[-122.80448,49.24211],[-122.80448,49.24211],[-122.80449,49.24211],[-122.80449,49.24211],[-122.80449,49.24211],[-122.80449,49.24211],[-122.80449,49.24211],[-122.8045,49.24211],[-122.8045,49.24211],[-122.8045,49.24211],[-122.8045,49.24211],[-122.8045,49.24211],[-122.8045,49.2421],[-122.80451,49.2421],[-122.80451,49.2421],[-122.80451,49.2421],[-122.80451,49.2421],[-122.80451,49.2421],[-122.80451,49.2421],[-122.80452,49.2421],[-122.80452,49.2421],[-122.80452,49.2421],[-122.80452,49.2421],[-122.80452,49.2421],[-122.80452,49.2421],[-122.80453,49.2421],[-122.80453,49.2421],[-122.80453,49.2421],[-122.80453,49.2421],[-122.80453,49.2421],[-122.80453,49.2421],[-122.80454,49.2421],[-122.80454,49.2421],[-122.80454,49.2421],[-122.80454,49.2421],[-122.80454,49.2421],[-122.80455,49.2421],[-122.80455,49.2421],[-122.80455,49.2421],[-122.80455,49.2421],[-122.80455,49.2421],[-122.80455,49.2421],[-122.80456,49.2421],[-122.80456,49.2421],[-122.80456,49.2421],[-122.80456,49.2421],[-122.80456,49.2421],[-122.80456,49.2421],[-122.80457,49.2421],[-122.80457,49.2421],[-122.80457,49.2421],[-122.80457,49.2421],[-122.80457,49.2421],[-122.80457,49.2421],[-122.80458,49.2421],[-122.80458,49.2421],[-122.80458,49.2421],[-122.80458,49.2421],[-122.80458,49.2421],[-122.80459,49.2421],[-122.80459,49.2421],[-122.80459,49.2421],[-122.80459,49.2421],[-122.80459,49.2421],[-122.80459,49.2421],[-122.8046,49.24209],[-122.8046,49.24209],[-122.8046,49.24209],[-122.8046,49.24209],[-122.8046,49.24209],[-122.8046,49.24209],[-122.80461,49.24209],[-122.80461,49.24209],[-122.80461,49.24209],[-122.80461,49.24209],[-122.80461,49.24209],[-122.80462,49.24209],[-122.80462,49.24209],[-122.80462,49.24209],[-122.80462,49.24209],[-122.80462,49.24209],[-122.80462,49.24209],[-122.80463,49.24209],[-122.80463,49.24209],[-122.80463,49.24209],[-122.80463,49.24209],[-122.80463,49.24209],[-122.80463,49.24209],[-122.80464,49.24209],[-122.80464,49.24209],[-122.80464,49.24209],[-122.80464,49.24209],[-122.80464,49.24209],[-122.80464,49.24209],[-122.80465,49.24209],[-122.80465,49.24209],[-122.80465,49.24209],[-122.80465,49.24209],[-122.80465,49.24209],[-122.80466,49.24209],[-122.80466,49.24209],[-122.80466,49.24209],[-122.80466,49.24209],[-122.80466,49.24209],[-122.80466,49.24209],[-122.80467,49.24209],[-122.80467,49.24209],[-122.80467,49.24209],[-122.80467,49.24209],[-122.80467,49.24209],[-122.80467,49.24209],[-122.80468,49.24209],[-122.80468,49.24209],[-122.80468,49.24209],[-122.80468,49.24209],[-122.80468,49.24209],[-122.80468,49.24209],[-122.80469,49.24209],[-122.80469,49.24209],[-122.80469,49.24209],[-122.80469,49.24209],[-122.80469,49.24209],[-122.8047,49.24209],[-122.8047,49.24209],[-122.8047,49.24209],[-122.8047,49.24209],[-122.8047,49.24209],[-122.8047,49.24209],[-122.80471,49.24209],[-122.80471,49.24209],[-122.80471,49.24209],[-122.80471,49.24209],[-122.80471,49.24209],[-122.80471,49.24209],[-122.80472,49.24209],[-122.80472,49.24209],[-122.80472,49.24208],[-122.80472,49.24208],[-122.80472,49.24208],[-122.80472,49.24208],[-122.80473,49.24208],[-122.80473,49.24208],[-122.80473,49.24208],[-122.80473,49.24208],[-122.80473,49.24208],[-122.80473,49.24208],[-122.80474,49.24208],[-122.80474,49.24208],[-122.80474,49.24208],[-122.80474,49.24208],[-122.80474,49.24208],[-122.80474,49.24208],[-122.80475,49.24208],[-122.80475,49.24208],[-122.80475,49.24208],[-122.80475,49.24208],[-122.80475,49.24208],[-122.80475,49.24208],[-122.80476,49.24208],[-122.80476,49.24208],[-122.80476,49.24208],[-122.80476,49.24208],[-122.80476,49.24208],[-122.80476,49.24208],[-122.80477,49.24208],[-122.80477,49.24208],[-122.80477,49.24208],[-122.80477,49.24208],[-122.80477,49.24208],[-122.80477,49.24207],[-122.80478,49.24207],[-122.80478,49.24207],[-122.80478,49.24207],[-122.80478,49.24207],[-122.80478,49.24207],[-122.80478,49.24207],[-122.80479,49.24207],[-122.80479,49.24207],[-122.80479,49.24207],[-122.80479,49.24207],[-122.80479,49.24207],[-122.80479,49.24207],[-122.8048,49.24207],[-122.8048,49.24207],[-122.8048,49.24207],[-122.8048,49.24207],[-122.8048,49.24207],[-122.8048,49.24207],[-122.8048,49.24207],[-122.80481,49.24207],[-122.80481,49.24207],[-122.80481,49.24207],[-122.80481,49.24207],[-122.80481,49.24207],[-122.80481,49.24207],[-122.80482,49.24207],[-122.80482,49.24207],[-122.80482,49.24207],[-122.80482,49.24206],[-122.80482,49.24206],[-122.80482,49.24206],[-122.80483,49.24206],[-122.80483,49.24206],[-122.80483,49.24206],[-122.80483,49.24206],[-122.80483,49.24206],[-122.80483,49.24206],[-122.80484,49.24206],[-122.80484,49.24206],[-122.80484,49.24206],[-122.80484,49.24206],[-122.80484,49.24206],[-122.80484,49.24206],[-122.80485,49.24206],[-122.80485,49.24206],[-122.80485,49.24206],[-122.80485,49.24206],[-122.80485,49.24206],[-122.80485,49.24206],[-122.80486,49.24206],[-122.80486,49.24206],[-122.80486,49.24206],[-122.80486,49.24206],[-122.80486,49.24206],[-122.80486,49.24206],[-122.80487,49.24206],[-122.80487,49.24206],[-122.80487,49.24206],[-122.80487,49.24206],[-122.80487,49.24206],[-122.80487,49.24206],[-122.80488,49.24205],[-122.80488,49.24205],[-122.80488,49.24205],[-122.80488,49.24205],[-122.80488,49.24205],[-122.80489,49.24205],[-122.80489,49.24205],[-122.80489,49.24205],[-122.80489,49.24205],[-122.80489,49.24205],[-122.80489,49.24205],[-122.8049,49.24205],[-122.8049,49.24205],[-122.8049,49.24205],[-122.8049,49.24205],[-122.8049,49.24205],[-122.8049,49.24205],[-122.80491,49.24205],[-122.80491,49.24205],[-122.80491,49.24205],[-122.80491,49.24205],[-122.80491,49.24205],[-122.80491,49.24205],[-122.80492,49.24205],[-122.80492,49.24205],[-122.80492,49.24205],[-122.80492,49.24205],[-122.80492,49.24205],[-122.80492,49.24205],[-122.80493,49.24205],[-122.80493,49.24205],[-122.80493,49.24205],[-122.80493,49.24205],[-122.80493,49.24205],[-122.80493,49.24205],[-122.80494,49.24205],[-122.80494,49.24205],[-122.80494,49.24205],[-122.80494,49.24205],[-122.80494,49.24205],[-122.80494,49.24205],[-122.80495,49.24205],[-122.80495,49.24205],[-122.80495,49.24205],[-122.80495,49.24205],[-122.80495,49.24205],[-122.80496,49.24205],[-122.80496,49.24205],[-122.80496,49.24205],[-122.80496,49.24205],[-122.80496,49.24205],[-122.80496,49.24204],[-122.80497,49.24204],[-122.80497,49.24204],[-122.80497,49.24204],[-122.80497,49.24204],[-122.80497,49.24204],[-122.80497,49.24204],[-122.80498,49.24204],[-122.80498,49.24204],[-122.80498,49.24204],[-122.80498,49.24204],[-122.80498,49.24204],[-122.80498,49.24204],[-122.80499,49.24204],[-122.80499,49.24204],[-122.80499,49.24204],[-122.80499,49.24204],[-122.80499,49.24204],[-122.80499,49.24204],[-122.805,49.24204],[-122.805,49.24204],[-122.805,49.24204],[-122.805,49.24204],[-122.805,49.24204],[-122.805,49.24204],[-122.80501,49.24204],[-122.80501,49.24204],[-122.80501,49.24204],[-122.80501,49.24204],[-122.80501,49.24204],[-122.80502,49.24204],[-122.80502,49.24204],[-122.80502,49.24204],[-122.80502,49.24204],[-122.80502,49.24204],[-122.80502,49.24204],[-122.80503,49.24204],[-122.80503,49.24204],[-122.80503,49.24204],[-122.80503,49.24204],[-122.80503,49.24204],[-122.80503,49.24204],[-122.80504,49.24204],[-122.80504,49.24204],[-122.80504,49.24204],[-122.80504,49.24204],[-122.80504,49.24204],[-122.80504,49.24204],[-122.80505,49.24204],[-122.80505,49.24204],[-122.80505,49.24204],[-122.80505,49.24204],[-122.80505,49.24204],[-122.80505,49.24204],[-122.80506,49.24204],[-122.80506,49.24203],[-122.80506,49.24203],[-122.80506,49.24203],[-122.80506,49.24203],[-122.80507,49.24203],[-122.80507,49.24203],[-122.80507,49.24203],[-122.80507,49.24203],[-122.80507,49.24203],[-122.80507,49.24203],[-122.80508,49.24203],[-122.80508,49.24203],[-122.80508,49.24203],[-122.80508,49.24203],[-122.80508,49.24203],[-122.80508,49.24203],[-122.80509,49.24203],[-122.80509,49.24203],[-122.80509,49.24203],[-122.80509,49.24203],[-122.80509,49.24203],[-122.80509,49.24203],[-122.8051,49.24203],[-122.8051,49.24203],[-122.8051,49.24203],[-122.8051,49.24203],[-122.8051,49.24203],[-122.8051,49.24203],[-122.80511,49.24203],[-122.80511,49.24203],[-122.80511,49.24203],[-122.80511,49.24203],[-122.80511,49.24203],[-122.80511,49.24203],[-122.80512,49.24203],[-122.80512,49.24203],[-122.80512,49.24203],[-122.80512,49.24203],[-122.80512,49.24203],[-122.80513,49.24203],[-122.80513,49.24203],[-122.80513,49.24203],[-122.80513,49.24203],[-122.80513,49.24203],[-122.80513,49.24203],[-122.80514,49.24203],[-122.80514,49.24203],[-122.80514,49.24203],[-122.80514,49.24203],[-122.80514,49.24203],[-122.80514,49.24203],[-122.80515,49.24203],[-122.80515,49.24203],[-122.80515,49.24203],[-122.80515,49.24203],[-122.80515,49.24202],[-122.80515,49.24202],[-122.80516,49.24202],[-122.80516,49.24202],[-122.80516,49.24202],[-122.80516,49.24202],[-122.80516,49.24202],[-122.80516,49.24202],[-122.80517,49.24202],[-122.80517,49.24202],[-122.80517,49.24202],[-122.80517,49.24202],[-122.80517,49.24202],[-122.80518,49.24202],[-122.80518,49.24202],[-122.80518,49.24202],[-122.80518,49.24202],[-122.80518,49.24202],[-122.80518,49.24202],[-122.80519,49.24202],[-122.80519,49.24202],[-122.80519,49.24202],[-122.80519,49.24202],[-122.80519,49.24202],[-122.80519,49.24202],[-122.8052,49.24202],[-122.8052,49.24202],[-122.8052,49.24202],[-122.8052,49.24202],[-122.8052,49.24202],[-122.8052,49.24202],[-122.80521,49.24202],[-122.80521,49.24202],[-122.80521,49.24202],[-122.80521,49.24202],[-122.80521,49.24202],[-122.80521,49.24202],[-122.80522,49.24202],[-122.80522,49.24202],[-122.80522,49.24202],[-122.80522,49.24202],[-122.80522,49.24202],[-122.80523,49.24202],[-122.80523,49.24202],[-122.80523,49.24202],[-122.80523,49.24202],[-122.80523,49.24202],[-122.80523,49.24202],[-122.80524,49.24202],[-122.80524,49.24202],[-122.80524,49.24202],[-122.80524,49.24202],[-122.80524,49.24202],[-122.80524,49.24202],[-122.80525,49.24202],[-122.80525,49.24202],[-122.80525,49.24202],[-122.80525,49.24202],[-122.80525,49.24202],[-122.80525,49.24202],[-122.80526,49.24202],[-122.80526,49.24202],[-122.80526,49.24201],[-122.80526,49.24201],[-122.80526,49.24201],[-122.80526,49.24201],[-122.80527,49.24201],[-122.80527,49.24201],[-122.80527,49.24201],[-122.80527,49.24201],[-122.80527,49.24201],[-122.80528,49.24201],[-122.80528,49.24201],[-122.80528,49.24201],[-122.80528,49.24201],[-122.80528,49.24201],[-122.80528,49.24201],[-122.80529,49.24201],[-122.80529,49.24201],[-122.80529,49.24201],[-122.80529,49.24201],[-122.80529,49.24201],[-122.80529,49.24201],[-122.8053,49.24201],[-122.8053,49.24201],[-122.8053,49.24201],[-122.8053,49.24201],[-122.8053,49.24201],[-122.8053,49.24201],[-122.80531,49.24201],[-122.80531,49.24201],[-122.80531,49.24201],[-122.80531,49.24201],[-122.80531,49.24201],[-122.80531,49.24201],[-122.80532,49.24201],[-122.80532,49.24201],[-122.80532,49.24201],[-122.80532,49.24201],[-122.80532,49.24201],[-122.80533,49.24201],[-122.80533,49.24201],[-122.80533,49.24201],[-122.80533,49.24201],[-122.80533,49.24201],[-122.80533,49.24201],[-122.80533,49.24201],[-122.80534,49.24201],[-122.80534,49.24201],[-122.80534,49.24201],[-122.80534,49.24201],[-122.80534,49.24201],[-122.80535,49.24201],[-122.80535,49.24201],[-122.80535,49.24201],[-122.80535,49.24201],[-122.80535,49.24201],[-122.80535,49.24201],[-122.80536,49.24201],[-122.80536,49.24201],[-122.80536,49.24201],[-122.80536,49.24201],[-122.80536,49.24201],[-122.80536,49.24201],[-122.80537,49.24201],[-122.80537,49.24201],[-122.80537,49.24201],[-122.80537,49.24201],[-122.80537,49.242],[-122.80537,49.242],[-122.80538,49.242],[-122.80538,49.242],[-122.80538,49.242],[-122.80538,49.242],[-122.80538,49.242],[-122.80539,49.242],[-122.80539,49.242],[-122.80539,49.242],[-122.80539,49.242],[-122.80539,49.242],[-122.80539,49.242],[-122.8054,49.242],[-122.8054,49.242],[-122.8054,49.242],[-122.8054,49.242],[-122.8054,49.242],[-122.8054,49.242],[-122.80541,49.242],[-122.80541,49.242],[-122.80541,49.242],[-122.80541,49.242],[-122.80541,49.242],[-122.80542,49.242],[-122.80542,49.242],[-122.80542,49.242],[-122.80542,49.242],[-122.80542,49.242],[-122.80542,49.242],[-122.80543,49.242],[-122.80543,49.242],[-122.80543,49.242],[-122.80543,49.242],[-122.80543,49.242],[-122.80543,49.242],[-122.80544,49.242],[-122.80544,49.242],[-122.80544,49.242],[-122.80544,49.242],[-122.80544,49.242],[-122.80544,49.242],[-122.80545,49.242],[-122.80545,49.242],[-122.80545,49.242],[-122.80545,49.242],[-122.80545,49.242],[-122.80545,49.242],[-122.80546,49.242],[-122.80546,49.242],[-122.80546,49.242],[-122.80546,49.242],[-122.80546,49.242],[-122.80547,49.242],[-122.80547,49.242],[-122.80547,49.242],[-122.80547,49.242],[-122.80547,49.242],[-122.80547,49.242],[-122.80548,49.242],[-122.80548,49.242],[-122.80548,49.242],[-122.80548,49.242],[-122.80548,49.242],[-122.80548,49.242],[-122.80549,49.242],[-122.80549,49.24199],[-122.80549,49.24199],[-122.80549,49.24199],[-122.80549,49.24199],[-122.80549,49.24199],[-122.8055,49.24199],[-122.8055,49.24199],[-122.8055,49.24199],[-122.8055,49.24199],[-122.8055,49.24199],[-122.8055,49.24199],[-122.80551,49.24199],[-122.80551,49.24199],[-122.80551,49.24199],[-122.80551,49.24199],[-122.80551,49.24199],[-122.80552,49.24199],[-122.80552,49.24199],[-122.80552,49.24199],[-122.80552,49.24199],[-122.80552,49.24199],[-122.80552,49.24199],[-122.80553,49.24199],[-122.80553,49.24199],[-122.80553,49.24199],[-122.80553,49.24199],[-122.80553,49.24199],[-122.80553,49.24199],[-122.80554,49.24199],[-122.80554,49.24199],[-122.80554,49.24199],[-122.80554,49.24199],[-122.80554,49.24199],[-122.80554,49.24199],[-122.80555,49.24199],[-122.80555,49.24199],[-122.80555,49.24199],[-122.80555,49.24199],[-122.80555,49.24199],[-122.80555,49.24199],[-122.80556,49.24199],[-122.80556,49.24199],[-122.80556,49.24199],[-122.80556,49.24199],[-122.80556,49.24199],[-122.80557,49.24199],[-122.80557,49.24199],[-122.80557,49.24199],[-122.80557,49.24199],[-122.80557,49.24199],[-122.80557,49.24199],[-122.80558,49.24199],[-122.80558,49.24199],[-122.80558,49.24199],[-122.80558,49.24199],[-122.80558,49.24199],[-122.80558,49.24199],[-122.80559,49.24199],[-122.80559,49.24199],[-122.80559,49.24199],[-122.80559,49.24199],[-122.80559,49.24199],[-122.80559,49.24199],[-122.8056,49.24199],[-122.8056,49.24198],[-122.8056,49.24198],[-122.8056,49.24198],[-122.8056,49.24198],[-122.80561,49.24198],[-122.80561,49.24198],[-122.80561,49.24198],[-122.80561,49.24198],[-122.80561,49.24198],[-122.80561,49.24198],[-122.80562,49.24198],[-122.80562,49.24198],[-122.80562,49.24198],[-122.80562,49.24198],[-122.80562,49.24198],[-122.80562,49.24198],[-122.80563,49.24198],[-122.80563,49.24198],[-122.80563,49.24198],[-122.80563,49.24198],[-122.80563,49.24198],[-122.80563,49.24198],[-122.80564,49.24198],[-122.80564,49.24198],[-122.80564,49.24198],[-122.80564,49.24198],[-122.80564,49.24198],[-122.80564,49.24198],[-122.80565,49.24198],[-122.80565,49.24198],[-122.80565,49.24198],[-122.80565,49.24198],[-122.80565,49.24198],[-122.80566,49.24198],[-122.80566,49.24198],[-122.80566,49.24198],[-122.80566,49.24198],[-122.80566,49.24198],[-122.80566,49.24198],[-122.80567,49.24198],[-122.80567,49.24198],[-122.80567,49.24198],[-122.80567,49.24198],[-122.80567,49.24198],[-122.80567,49.24198],[-122.80568,49.24198],[-122.80568,49.24198],[-122.80568,49.24198],[-122.80568,49.24198],[-122.80568,49.24198],[-122.80568,49.24198],[-122.80569,49.24198],[-122.80569,49.24198],[-122.80569,49.24198],[-122.80569,49.24198],[-122.80569,49.24198],[-122.8057,49.24198],[-122.8057,49.24198],[-122.8057,49.24198],[-122.8057,49.24198],[-122.8057,49.24198],[-122.8057,49.24198],[-122.80571,49.24198],[-122.80571,49.24198],[-122.80571,49.24198],[-122.80571,49.24198],[-122.80571,49.24198],[-122.80571,49.24198],[-122.80572,49.24198],[-122.80572,49.24198],[-122.80572,49.24198],[-122.80572,49.24198],[-122.80572,49.24198],[-122.80572,49.24198],[-122.80573,49.24198],[-122.80573,49.24198],[-122.80573,49.24198],[-122.80573,49.24198],[-122.80573,49.24198],[-122.80573,49.24198],[-122.80574,49.24198],[-122.80574,49.24198],[-122.80574,49.24198],[-122.80574,49.24198],[-122.80574,49.24197],[-122.80575,49.24197],[-122.80575,49.24197],[-122.80575,49.24197],[-122.80575,49.24197],[-122.80575,49.24197],[-122.80575,49.24197],[-122.80576,49.24197],[-122.80576,49.24197],[-122.80576,49.24197],[-122.80576,49.24197],[-122.80576,49.24197],[-122.80576,49.24197],[-122.80577,49.24197],[-122.80577,49.24197],[-122.80577,49.24197],[-122.80577,49.24197],[-122.80577,49.24197],[-122.80577,49.24197],[-122.80578,49.24197],[-122.80578,49.24197],[-122.80578,49.24197],[-122.80578,49.24197],[-122.80578,49.24197],[-122.80579,49.24197],[-122.80579,49.24197],[-122.80579,49.24197],[-122.80579,49.24197],[-122.80579,49.24197],[-122.80579,49.24197],[-122.8058,49.24197],[-122.8058,49.24197],[-122.8058,49.24197],[-122.8058,49.24197],[-122.8058,49.24197],[-122.8058,49.24197],[-122.80581,49.24197],[-122.80581,49.24197],[-122.80581,49.24197],[-122.80581,49.24197],[-122.80581,49.24197],[-122.80581,49.24197],[-122.80582,49.24197],[-122.80582,49.24197],[-122.80582,49.24197],[-122.80582,49.24197],[-122.80582,49.24197],[-122.80582,49.24197],[-122.80583,49.24197],[-122.80583,49.24197],[-122.80583,49.24197],[-122.80583,49.24197],[-122.80583,49.24197],[-122.80584,49.24197],[-122.80584,49.24197],[-122.80584,49.24197],[-122.80584,49.24197],[-122.80584,49.24197],[-122.80584,49.24197],[-122.80585,49.24197],[-122.80585,49.24197],[-122.80585,49.24197],[-122.80585,49.24196],[-122.80585,49.24196],[-122.80585,49.24196],[-122.80586,49.24196],[-122.80586,49.24196],[-122.80586,49.24196],[-122.80586,49.24196],[-122.80586,49.24196],[-122.80586,49.24196],[-122.80587,49.24196],[-122.80587,49.24196],[-122.80587,49.24196],[-122.80587,49.24196],[-122.80587,49.24196],[-122.80587,49.24196],[-122.80588,49.24196],[-122.80588,49.24196],[-122.80588,49.24196],[-122.80588,49.24196],[-122.80588,49.24196],[-122.80588,49.24196],[-122.80589,49.24196],[-122.80589,49.24196],[-122.80589,49.24196],[-122.80589,49.24196],[-122.80589,49.24196],[-122.80589,49.24196],[-122.8059,49.24196],[-122.8059,49.24196],[-122.8059,49.24196],[-122.8059,49.24196],[-122.8059,49.24196],[-122.80591,49.24196],[-122.80591,49.24196],[-122.80591,49.24196],[-122.80591,49.24196],[-122.80591,49.24196],[-122.80591,49.24196],[-122.80592,49.24196],[-122.80592,49.24195],[-122.80592,49.24195],[-122.80592,49.24195],[-122.80592,49.24195],[-122.80592,49.24195],[-122.80593,49.24195],[-122.80593,49.24195],[-122.80593,49.24195],[-122.80593,49.24195],[-122.80593,49.24195],[-122.80593,49.24195],[-122.80594,49.24195],[-122.80594,49.24195],[-122.80594,49.24195],[-122.80594,49.24195],[-122.80594,49.24195],[-122.80594,49.24195],[-122.80595,49.24195],[-122.80595,49.24195],[-122.80595,49.24195],[-122.80595,49.24195],[-122.80595,49.24195],[-122.80595,49.24195],[-122.80596,49.24195],[-122.80596,49.24195],[-122.80596,49.24195],[-122.80596,49.24195],[-122.80596,49.24195],[-122.80596,49.24195],[-122.80597,49.24195],[-122.80597,49.24194],[-122.80597,49.24194],[-122.80597,49.24194],[-122.80597,49.24194],[-122.80597,49.24194],[-122.80597,49.24194],[-122.80598,49.24194],[-122.80598,49.24194],[-122.80598,49.24194],[-122.80598,49.24194],[-122.80598,49.24194],[-122.80598,49.24194],[-122.80599,49.24194],[-122.80599,49.24194],[-122.80599,49.24194],[-122.80599,49.24194],[-122.80599,49.24194],[-122.80599,49.24194],[-122.806,49.24194],[-122.806,49.24194],[-122.806,49.24194],[-122.806,49.24194],[-122.806,49.24194],[-122.806,49.24194],[-122.80601,49.24194],[-122.80601,49.24194],[-122.80601,49.24194],[-122.80601,49.24194],[-122.80601,49.24193],[-122.80601,49.24193],[-122.80602,49.24193],[-122.80602,49.24193],[-122.80602,49.24193],[-122.80602,49.24193],[-122.80602,49.24193],[-122.80602,49.24193],[-122.80603,49.24193],[-122.80603,49.24193],[-122.80603,49.24193],[-122.80603,49.24193],[-122.80603,49.24193],[-122.80603,49.24193],[-122.80604,49.24193],[-122.80604,49.24193],[-122.80604,49.24193],[-122.80604,49.24193],[-122.80604,49.24193],[-122.80604,49.24193],[-122.80605,49.24193],[-122.80605,49.24193],[-122.80605,49.24193],[-122.80605,49.24193],[-122.80605,49.24193],[-122.80605,49.24192],[-122.80605,49.24192],[-122.80606,49.24192],[-122.80606,49.24192],[-122.80606,49.24192],[-122.80606,49.24192],[-122.80606,49.24192],[-122.80606,49.24192],[-122.80607,49.24192],[-122.80607,49.24192],[-122.80607,49.24192],[-122.80607,49.24192],[-122.80607,49.24192],[-122.80607,49.24192],[-122.80608,49.24192],[-122.80608,49.24192],[-122.80608,49.24192],[-122.80608,49.24192],[-122.80608,49.24192],[-122.80608,49.24192],[-122.80609,49.24192],[-122.80609,49.24192],[-122.80609,49.24192],[-122.80609,49.24191],[-122.80609,49.24191],[-122.80609,49.24191],[-122.8061,49.24191],[-122.8061,49.24191],[-122.8061,49.24191],[-122.8061,49.24191],[-122.8061,49.24191],[-122.8061,49.24191],[-122.8061,49.24191],[-122.80611,49.24191],[-122.80611,49.24191],[-122.80611,49.24191],[-122.80611,49.24191],[-122.80611,49.24191],[-122.80611,49.24191],[-122.80612,49.24191],[-122.80612,49.24191],[-122.80612,49.24191],[-122.80612,49.24191],[-122.80612,49.24191],[-122.80612,49.2419],[-122.80613,49.2419],[-122.80613,49.2419],[-122.80613,49.2419],[-122.80613,49.2419],[-122.80613,49.2419],[-122.80613,49.2419],[-122.80613,49.2419],[-122.80614,49.2419],[-122.80614,49.2419],[-122.80614,49.2419],[-122.80614,49.2419],[-122.80614,49.2419],[-122.80614,49.2419],[-122.80615,49.2419],[-122.80615,49.2419],[-122.80615,49.2419],[-122.80615,49.2419],[-122.80615,49.2419],[-122.80615,49.2419],[-122.80615,49.2419],[-122.80616,49.24189],[-122.80616,49.24189],[-122.80616,49.24189],[-122.80616,49.24189],[-122.80616,49.24189],[-122.80616,49.24189],[-122.80617,49.24189],[-122.80617,49.24189],[-122.80617,49.24189],[-122.80617,49.24189],[-122.80617,49.24189],[-122.80617,49.24189],[-122.80617,49.24189],[-122.80618,49.24189],[-122.80618,49.24189],[-122.80618,49.24189],[-122.80618,49.24189],[-122.80618,49.24189],[-122.80618,49.24189],[-122.80619,49.24188],[-122.80619,49.24188],[-122.80619,49.24188],[-122.80619,49.24188],[-122.80619,49.24188],[-122.80619,49.24188],[-122.80619,49.24188],[-122.8062,49.24188],[-122.8062,49.24188],[-122.8062,49.24188],[-122.8062,49.24188],[-122.8062,49.24188],[-122.8062,49.24188],[-122.80621,49.24188],[-122.80621,49.24188],[-122.80621,49.24188],[-122.80621,49.24188],[-122.80621,49.24188],[-122.80621,49.24187],[-122.80621,49.24187],[-122.80622,49.24187],[-122.80622,49.24187],[-122.80622,49.24187],[-122.80622,49.24187],[-122.80622,49.24187],[-122.80622,49.24187],[-122.80623,49.24187],[-122.80623,49.24187],[-122.80623,49.24187],[-122.80623,49.24187],[-122.80623,49.24187],[-122.80623,49.24187],[-122.80623,49.24187],[-122.80624,49.24187],[-122.80624,49.24187],[-122.80624,49.24186],[-122.80624,49.24186],[-122.80624,49.24186],[-122.80624,49.24186],[-122.80624,49.24186],[-122.80625,49.24186],[-122.80625,49.24186],[-122.80625,49.24186],[-122.80625,49.24186],[-122.80625,49.24186],[-122.80625,49.24186],[-122.80626,49.24186],[-122.80626,49.24186],[-122.80626,49.24186],[-122.80626,49.24186],[-122.80626,49.24186],[-122.80626,49.24185],[-122.80626,49.24185],[-122.80627,49.24185],[-122.80627,49.24185],[-122.80627,49.24185],[-122.80627,49.24185],[-122.80627,49.24185],[-122.80627,49.24185],[-122.80627,49.24185],[-122.80628,49.24185],[-122.80628,49.24185],[-122.80628,49.24185],[-122.80628,49.24185],[-122.80628,49.24185],[-122.80628,49.24185],[-122.80629,49.24184],[-122.80629,49.24184],[-122.80629,49.24184],[-122.80629,49.24184],[-122.80629,49.24184],[-122.80629,49.24184],[-122.80629,49.24184],[-122.8063,49.24184],[-122.8063,49.24184],[-122.8063,49.24184],[-122.8063,49.24184],[-122.8063,49.24184],[-122.8063,49.24184],[-122.80631,49.24184],[-122.80631,49.24183],[-122.80631,49.24183],[-122.80631,49.24183],[-122.80631,49.24183],[-122.80631,49.24183],[-122.80631,49.24183],[-122.80632,49.24183],[-122.80632,49.24183],[-122.80632,49.24183],[-122.80632,49.24183],[-122.80632,49.24183],[-122.80633,49.24183],[-122.80633,49.24183],[-122.80633,49.24183],[-122.80633,49.24182],[-122.80633,49.24182],[-122.80633,49.24182],[-122.80633,49.24182],[-122.80634,49.24182],[-122.80634,49.24182],[-122.80634,49.24182],[-122.80634,49.24182],[-122.80634,49.24182],[-122.80634,49.24182],[-122.80635,49.24182],[-122.80635,49.24182],[-122.80635,49.24181],[-122.80635,49.24181],[-122.80635,49.24181],[-122.80635,49.24181],[-122.80636,49.24181],[-122.80636,49.24181],[-122.80636,49.24181],[-122.80636,49.24181],[-122.80636,49.24181],[-122.80636,49.24181],[-122.80636,49.24181],[-122.80637,49.24181],[-122.80637,49.2418],[-122.80637,49.2418],[-122.80637,49.2418],[-122.80637,49.2418],[-122.80637,49.2418],[-122.80638,49.2418],[-122.80638,49.2418],[-122.80638,49.2418],[-122.80638,49.2418],[-122.80638,49.2418],[-122.80638,49.2418],[-122.80639,49.2418],[-122.80639,49.24179],[-122.80639,49.24179],[-122.80639,49.24179],[-122.80639,49.24179],[-122.80639,49.24179],[-122.80639,49.24179],[-122.8064,49.24179],[-122.8064,49.24179],[-122.8064,49.24179],[-122.8064,49.24179],[-122.8064,49.24179],[-122.8064,49.24179],[-122.80641,49.24178],[-122.80641,49.24178],[-122.80641,49.24178],[-122.80641,49.24178],[-122.80641,49.24178],[-122.80641,49.24178],[-122.80642,49.24178],[-122.80642,49.24178],[-122.80642,49.24178],[-122.80642,49.24178],[-122.80642,49.24178],[-122.80642,49.24177],[-122.80643,49.24177],[-122.80643,49.24177],[-122.80643,49.24177],[-122.80643,49.24177],[-122.80643,49.24177],[-122.80643,49.24177],[-122.80644,49.24177],[-122.80644,49.24177],[-122.80644,49.24177],[-122.80644,49.24177],[-122.80644,49.24176],[-122.80645,49.24176],[-122.80645,49.24176],[-122.80645,49.24176],[-122.80645,49.24176],[-122.80645,49.24176],[-122.80645,49.24176],[-122.80645,49.24176],[-122.80646,49.24176],[-122.80646,49.24176],[-122.80646,49.24176],[-122.80646,49.24176],[-122.80646,49.24175],[-122.80647,49.24175],[-122.80647,49.24175],[-122.80647,49.24175],[-122.80647,49.24175],[-122.80647,49.24175],[-122.80647,49.24175],[-122.80647,49.24175],[-122.80647,49.24175],[-122.80648,49.24175],[-122.80648,49.24175],[-122.80648,49.24175],[-122.80648,49.24174],[-122.80648,49.24174],[-122.80649,49.24174],[-122.80649,49.24174],[-122.80649,49.24174],[-122.80649,49.24174],[-122.80649,49.24174],[-122.80649,49.24174],[-122.8065,49.24174],[-122.8065,49.24174],[-122.8065,49.24174],[-122.8065,49.24173],[-122.8065,49.24173],[-122.8065,49.24173],[-122.80651,49.24173],[-122.80651,49.24173],[-122.80651,49.24173],[-122.80651,49.24173],[-122.80651,49.24173],[-122.80651,49.24173],[-122.80652,49.24173],[-122.80652,49.24173],[-122.80652,49.24172],[-122.80652,49.24172],[-122.80652,49.24172],[-122.80652,49.24172],[-122.80653,49.24172],[-122.80653,49.24172],[-122.80653,49.24172],[-122.80653,49.24172],[-122.80653,49.24172],[-122.80653,49.24172],[-122.80654,49.24172],[-122.80654,49.24171],[-122.80654,49.24171],[-122.80654,49.24171],[-122.80654,49.24171],[-122.80654,49.24171],[-122.80655,49.24171],[-122.80655,49.24171],[-122.80655,49.24171],[-122.80655,49.24171],[-122.80655,49.24171],[-122.80656,49.24171],[-122.80656,49.2417],[-122.80656,49.2417],[-122.80656,49.2417],[-122.80656,49.2417],[-122.80656,49.2417],[-122.80656,49.2417],[-122.80657,49.2417],[-122.80657,49.2417],[-122.80657,49.2417],[-122.80657,49.2417],[-122.80657,49.2417],[-122.80657,49.2417],[-122.80658,49.24169],[-122.80658,49.24169],[-122.80658,49.24169],[-122.80658,49.24169],[-122.80658,49.24169],[-122.80658,49.24169],[-122.80659,49.24169],[-122.80659,49.24169],[-122.80659,49.24169],[-122.80659,49.24169],[-122.80659,49.24168],[-122.80659,49.24168],[-122.8066,49.24168],[-122.8066,49.24168],[-122.8066,49.24168],[-122.8066,49.24168],[-122.8066,49.24168],[-122.8066,49.24168],[-122.8066,49.24168],[-122.80661,49.24168],[-122.80661,49.24168],[-122.80661,49.24168],[-122.80661,49.24167],[-122.80661,49.24167],[-122.80661,49.24167],[-122.80661,49.24167],[-122.80662,49.24167],[-122.80662,49.24167],[-122.80662,49.24167],[-122.80662,49.24167],[-122.80662,49.24167],[-122.80662,49.24167],[-122.80663,49.24166],[-122.80663,49.24166],[-122.80663,49.24166],[-122.80663,49.24166],[-122.80663,49.24166],[-122.80663,49.24166],[-122.80664,49.24166],[-122.80664,49.24166],[-122.80664,49.24166],[-122.80664,49.24166],[-122.80664,49.24166],[-122.80664,49.24166],[-122.80664,49.24165],[-122.80665,49.24165],[-122.80665,49.24165],[-122.80665,49.24165],[-122.80665,49.24165],[-122.80665,49.24165],[-122.80665,49.24165],[-122.80665,49.24165],[-122.80666,49.24165],[-122.80666,49.24165],[-122.80666,49.24164],[-122.80666,49.24164],[-122.80666,49.24164],[-122.80666,49.24164],[-122.80666,49.24164],[-122.80667,49.24164],[-122.80667,49.24164],[-122.80667,49.24164],[-122.80667,49.24164],[-122.80667,49.24164],[-122.80667,49.24163],[-122.80667,49.24163],[-122.80668,49.24163],[-122.80668,49.24163],[-122.80668,49.24163],[-122.80668,49.24163],[-122.80668,49.24163],[-122.80668,49.24163],[-122.80668,49.24163],[-122.80669,49.24163],[-122.80669,49.24162],[-122.80669,49.24162],[-122.80669,49.24162],[-122.80669,49.24162],[-122.80669,49.24162],[-122.80669,49.24162],[-122.8067,49.24162],[-122.8067,49.24162],[-122.8067,49.24162],[-122.8067,49.24162],[-122.8067,49.24161],[-122.8067,49.24161],[-122.8067,49.24161],[-122.80671,49.24161],[-122.80671,49.24161],[-122.80671,49.24161],[-122.80671,49.24161],[-122.80671,49.24161],[-122.80671,49.24161],[-122.80671,49.24161],[-122.80672,49.2416],[-122.80672,49.2416],[-122.80672,49.2416],[-122.80672,49.2416],[-122.80672,49.2416],[-122.80672,49.2416],[-122.80672,49.2416],[-122.80672,49.2416],[-122.80673,49.2416],[-122.80673,49.2416],[-122.80673,49.24159],[-122.80673,49.24159],[-122.80673,49.24159],[-122.80673,49.24159],[-122.80673,49.24159],[-122.80673,49.24159],[-122.80674,49.24159],[-122.80674,49.24159],[-122.80674,49.24159],[-122.80674,49.24159],[-122.80674,49.24158],[-122.80674,49.24158],[-122.80674,49.24158],[-122.80674,49.24158],[-122.80675,49.24158],[-122.80675,49.24158],[-122.80675,49.24158],[-122.80675,49.24158],[-122.80675,49.24158],[-122.80675,49.24158],[-122.80675,49.24157],[-122.80675,49.24157],[-122.80675,49.24157],[-122.80676,49.24157],[-122.80676,49.24157],[-122.80676,49.24157],[-122.80676,49.24157],[-122.80676,49.24157],[-122.80676,49.24157],[-122.80676,49.24157],[-122.80677,49.24156],[-122.80677,49.24156],[-122.80677,49.24156],[-122.80677,49.24156],[-122.80677,49.24156],[-122.80677,49.24156],[-122.80677,49.24156],[-122.80677,49.24156],[-122.80677,49.24156],[-122.80678,49.24156],[-122.80678,49.24155],[-122.80678,49.24155],[-122.80678,49.24155],[-122.80678,49.24155],[-122.80678,49.24155],[-122.80678,49.24155],[-122.80678,49.24155],[-122.80679,49.24155],[-122.80679,49.24155],[-122.80679,49.24154],[-122.80679,49.24154],[-122.80679,49.24154],[-122.80679,49.24154],[-122.80679,49.24154],[-122.80679,49.24154],[-122.8068,49.24154],[-122.8068,49.24154],[-122.8068,49.24154],[-122.8068,49.24154],[-122.8068,49.24153],[-122.8068,49.24153],[-122.8068,49.24153],[-122.8068,49.24153],[-122.8068,49.24153],[-122.80681,49.24153],[-122.80681,49.24153],[-122.80681,49.24153],[-122.80681,49.24153],[-122.80681,49.24152],[-122.80681,49.24152],[-122.80681,49.24152],[-122.80681,49.24152],[-122.80681,49.24152],[-122.80681,49.24152],[-122.80682,49.24152],[-122.80682,49.24152],[-122.80682,49.24152],[-122.80682,49.24152],[-122.80682,49.24152],[-122.80682,49.24151],[-122.80682,49.24151],[-122.80682,49.24151],[-122.80682,49.24151],[-122.80682,49.24151],[-122.80683,49.24151],[-122.80683,49.24151],[-122.80683,49.24151],[-122.80683,49.24151],[-122.80683,49.24151],[-122.80683,49.2415],[-122.80683,49.2415],[-122.80683,49.2415],[-122.80683,49.2415],[-122.80683,49.2415],[-122.80684,49.2415],[-122.80684,49.2415],[-122.80684,49.2415],[-122.80684,49.2415],[-122.80684,49.2415],[-122.80684,49.24149],[-122.80684,49.24149],[-122.80684,49.24149],[-122.80684,49.24149],[-122.80684,49.24149],[-122.80684,49.24149],[-122.80685,49.24149],[-122.80685,49.24149],[-122.80685,49.24149],[-122.80685,49.24149],[-122.80685,49.24148],[-122.80685,49.24148],[-122.80685,49.24148],[-122.80685,49.24148],[-122.80685,49.24148],[-122.80685,49.24148],[-122.80686,49.24148],[-122.80686,49.24148],[-122.80686,49.24148],[-122.80686,49.24148],[-122.80686,49.24148],[-122.80686,49.24147],[-122.80686,49.24147],[-122.80686,49.24147],[-122.80686,49.24147],[-122.80686,49.24147],[-122.80686,49.24147],[-122.80687,49.24147],[-122.80687,49.24147],[-122.80687,49.24147],[-122.80687,49.24147],[-122.80687,49.24146],[-122.80687,49.24146],[-122.80687,49.24146],[-122.80687,49.24146],[-122.80687,49.24146],[-122.80687,49.24146],[-122.80687,49.24146],[-122.80688,49.24146],[-122.80688,49.24146],[-122.80688,49.24145],[-122.80688,49.24145],[-122.80688,49.24145],[-122.80688,49.24145],[-122.80688,49.24145],[-122.80688,49.24145],[-122.80688,49.24145],[-122.80688,49.24145],[-122.80688,49.24145],[-122.80688,49.24145],[-122.80689,49.24144],[-122.80689,49.24144],[-122.80689,49.24144],[-122.80689,49.24144],[-122.80689,49.24144],[-122.80689,49.24144],[-122.80689,49.24144],[-122.80689,49.24144],[-122.80689,49.24144],[-122.80689,49.24144],[-122.80689,49.24143],[-122.80689,49.24143],[-122.8069,49.24143],[-122.8069,49.24143],[-122.8069,49.24143],[-122.8069,49.24143],[-122.8069,49.24143],[-122.8069,49.24143],[-122.8069,49.24143],[-122.8069,49.24143],[-122.8069,49.24142],[-122.8069,49.24142],[-122.8069,49.24142],[-122.80691,49.24142],[-122.80691,49.24142],[-122.80691,49.24142],[-122.80691,49.24142],[-122.80691,49.24142],[-122.80691,49.24142],[-122.80691,49.24142],[-122.80691,49.24141],[-122.80691,49.24141],[-122.80691,49.24141],[-122.80691,49.24141],[-122.80691,49.24141],[-122.80691,49.24141],[-122.80692,49.24141],[-122.80692,49.24141],[-122.80692,49.24141],[-122.80692,49.24141],[-122.80692,49.2414],[-122.80692,49.2414],[-122.80692,49.2414],[-122.80692,49.2414],[-122.80692,49.2414],[-122.80692,49.2414],[-122.80692,49.2414],[-122.80692,49.2414],[-122.80692,49.2414],[-122.80693,49.2414],[-122.80693,49.24139],[-122.80693,49.24139],[-122.80693,49.24139],[-122.80693,49.24139],[-122.80693,49.24139],[-122.80693,49.24139],[-122.80693,49.24139],[-122.80693,49.24139],[-122.80693,49.24139],[-122.80693,49.24138],[-122.80693,49.24138],[-122.80693,49.24138],[-122.80693,49.24138],[-122.80694,49.24138],[-122.80694,49.24138],[-122.80694,49.24138],[-122.80694,49.24138],[-122.80694,49.24138],[-122.80694,49.24138],[-122.80694,49.24137],[-122.80694,49.24137],[-122.80694,49.24137],[-122.80694,49.24137],[-122.80694,49.24137],[-122.80694,49.24137],[-122.80694,49.24137],[-122.80694,49.24137],[-122.80695,49.24137],[-122.80695,49.24136],[-122.80695,49.24136],[-122.80695,49.24136],[-122.80695,49.24136],[-122.80695,49.24136],[-122.80695,49.24136],[-122.80695,49.24136],[-122.80695,49.24136],[-122.80695,49.24136],[-122.80695,49.24136],[-122.80695,49.24135],[-122.80695,49.24135],[-122.80695,49.24135],[-122.80695,49.24135],[-122.80695,49.24135],[-122.80696,49.24135],[-122.80696,49.24135],[-122.80696,49.24135],[-122.80696,49.24135],[-122.80696,49.24134],[-122.80696,49.24134],[-122.80696,49.24134],[-122.80696,49.24134],[-122.80696,49.24134],[-122.80696,49.24134],[-122.80696,49.24134],[-122.80696,49.24134],[-122.80696,49.24134],[-122.80696,49.24133],[-122.80696,49.24133],[-122.80696,49.24133],[-122.80696,49.24133],[-122.80697,49.24133],[-122.80697,49.24133],[-122.80697,49.24133],[-122.80697,49.24133],[-122.80697,49.24133],[-122.80697,49.24133],[-122.80697,49.24132],[-122.80697,49.24132],[-122.80697,49.24132],[-122.80697,49.24132],[-122.80697,49.24132],[-122.80697,49.24132],[-122.80697,49.24132],[-122.80697,49.24132],[-122.80697,49.24132],[-122.80697,49.24131],[-122.80697,49.24131],[-122.80697,49.24131],[-122.80697,49.24131],[-122.80698,49.24131],[-122.80698,49.24131],[-122.80698,49.24131],[-122.80698,49.24131],[-122.80698,49.24131],[-122.80698,49.2413],[-122.80698,49.2413],[-122.80698,49.2413],[-122.80698,49.2413],[-122.80698,49.2413],[-122.80698,49.2413],[-122.80698,49.2413],[-122.80698,49.2413],[-122.80698,49.2413],[-122.80698,49.24129],[-122.80698,49.24129],[-122.80698,49.24129],[-122.80698,49.24129],[-122.80698,49.24129],[-122.80698,49.24129],[-122.80698,49.24129],[-122.80699,49.24129],[-122.80699,49.24129],[-122.80699,49.24128],[-122.80699,49.24128],[-122.80699,49.24128],[-122.80699,49.24128],[-122.80699,49.24128],[-122.80699,49.24128],[-122.80699,49.24128],[-122.80699,49.24128],[-122.80699,49.24128],[-122.80699,49.24127],[-122.80699,49.24127],[-122.80699,49.24127],[-122.80699,49.24127],[-122.80699,49.24127],[-122.80699,49.24127],[-122.80699,49.24127],[-122.80699,49.24127],[-122.80699,49.24127],[-122.80699,49.24126],[-122.80699,49.24126],[-122.80699,49.24126],[-122.807,49.24126],[-122.807,49.24126],[-122.807,49.24126],[-122.807,49.24126],[-122.807,49.24126],[-122.807,49.24126],[-122.807,49.24125],[-122.807,49.24125],[-122.807,49.24125],[-122.807,49.24125],[-122.807,49.24125],[-122.807,49.24125],[-122.807,49.24125],[-122.807,49.24125],[-122.807,49.24125],[-122.807,49.24124],[-122.807,49.24124],[-122.807,49.24124],[-122.807,49.24124],[-122.807,49.24124],[-122.807,49.24124],[-122.807,49.24124],[-122.807,49.24124],[-122.807,49.24124],[-122.807,49.24123],[-122.80701,49.24123],[-122.80701,49.24123],[-122.80701,49.24123],[-122.80701,49.24123],[-122.80701,49.24123],[-122.80701,49.24123],[-122.80701,49.24123],[-122.80701,49.24123],[-122.80701,49.24122],[-122.80701,49.24122],[-122.80701,49.24122],[-122.80701,49.24122],[-122.80701,49.24122],[-122.80701,49.24122],[-122.80701,49.24122],[-122.80701,49.24122],[-122.80701,49.24122],[-122.80701,49.24121],[-122.80701,49.24121],[-122.80701,49.24121],[-122.80701,49.24121],[-122.80701,49.24121],[-122.80701,49.24121],[-122.80701,49.24121],[-122.80701,49.24121],[-122.80701,49.24121],[-122.80702,49.2412],[-122.80702,49.2412],[-122.80702,49.2412],[-122.80702,49.2412],[-122.80702,49.2412],[-122.80702,49.2412],[-122.80702,49.2412],[-122.80702,49.2412],[-122.80702,49.2412],[-122.80702,49.24119],[-122.80702,49.24119],[-122.80702,49.24119],[-122.80702,49.24119],[-122.80702,49.24119],[-122.80702,49.24119],[-122.80702,49.24119],[-122.80702,49.24119],[-122.80702,49.24119],[-122.80702,49.24118],[-122.80702,49.24118],[-122.80702,49.24118],[-122.80702,49.24118],[-122.80702,49.24118],[-122.80702,49.24118],[-122.80702,49.24118],[-122.80702,49.24118],[-122.80702,49.24118],[-122.80702,49.24117],[-122.80702,49.24117],[-122.80702,49.24117],[-122.80702,49.24117],[-122.80703,49.24117],[-122.80703,49.24117],[-122.80703,49.24117],[-122.80703,49.24117],[-122.80703,49.24117],[-122.80703,49.24116],[-122.80703,49.24116],[-122.80703,49.24116],[-122.80703,49.24116],[-122.80703,49.24116],[-122.80703,49.24116],[-122.80703,49.24116],[-122.80703,49.24116],[-122.80703,49.24116],[-122.80703,49.24115],[-122.80703,49.24115],[-122.80703,49.24115],[-122.80703,49.24115],[-122.80703,49.24115],[-122.80703,49.24115],[-122.80703,49.24115],[-122.80703,49.24115],[-122.80703,49.24115],[-122.80703,49.24114],[-122.80703,49.24114],[-122.80703,49.24114],[-122.80703,49.24114],[-122.80703,49.24114],[-122.80703,49.24114],[-122.80703,49.24114],[-122.80703,49.24114],[-122.80703,49.24114],[-122.80703,49.24113],[-122.80703,49.24113],[-122.80703,49.24113],[-122.80703,49.24113],[-122.80704,49.24113],[-122.80704,49.24113],[-122.80704,49.24113],[-122.80704,49.24113],[-122.80704,49.24112],[-122.80704,49.24112],[-122.80704,49.24112],[-122.80704,49.24112],[-122.80704,49.24112],[-122.80704,49.24112],[-122.80704,49.24112],[-122.80704,49.24112],[-122.80704,49.24112],[-122.80704,49.24111],[-122.80704,49.24111],[-122.80704,49.24111],[-122.80704,49.24111],[-122.80704,49.24111],[-122.80704,49.24111],[-122.80704,49.24111],[-122.80704,49.24111],[-122.80704,49.24111],[-122.80704,49.2411],[-122.80704,49.2411],[-122.80704,49.2411],[-122.80704,49.2411],[-122.80704,49.2411],[-122.80704,49.2411],[-122.80704,49.2411],[-122.80704,49.2411],[-122.80704,49.2411],[-122.80704,49.24109],[-122.80704,49.24109],[-122.80704,49.24109],[-122.80704,49.24109],[-122.80704,49.24109],[-122.80704,49.24109],[-122.80704,49.24109],[-122.80704,49.24109],[-122.80704,49.24109],[-122.80704,49.24108],[-122.80704,49.24108],[-122.80704,49.24108],[-122.80705,49.24108],[-122.80705,49.24108],[-122.80705,49.24108],[-122.80705,49.24108],[-122.80705,49.24108],[-122.80705,49.24108],[-122.80705,49.24107],[-122.80705,49.24107],[-122.80705,49.24107],[-122.80705,49.24107],[-122.80705,49.24107],[-122.80705,49.24107],[-122.80705,49.24107],[-122.80705,49.24107],[-122.80705,49.24107],[-122.80705,49.24106],[-122.80705,49.24106],[-122.80705,49.24106],[-122.80705,49.24106],[-122.80705,49.24106],[-122.80705,49.24106],[-122.80705,49.24106],[-122.80705,49.24106],[-122.80705,49.24105],[-122.80705,49.24105],[-122.80705,49.24105],[-122.80705,49.24105],[-122.80705,49.24105],[-122.80705,49.24105],[-122.80705,49.24105],[-122.80705,49.24105],[-122.80705,49.24105],[-122.80705,49.24104],[-122.80705,49.24104],[-122.80705,49.24104],[-122.80705,49.24104],[-122.80705,49.24104],[-122.80705,49.24104],[-122.80705,49.24104],[-122.80705,49.24104],[-122.80705,49.24104],[-122.80705,49.24103],[-122.80705,49.24103],[-122.80705,49.24103],[-122.80705,49.24103],[-122.80705,49.24103],[-122.80705,49.24103],[-122.80705,49.24103],[-122.80705,49.24103],[-122.80705,49.24103],[-122.80705,49.24102],[-122.80705,49.24102],[-122.80705,49.24102],[-122.80705,49.24102],[-122.80705,49.24102],[-122.80705,49.24102],[-122.80705,49.24102],[-122.80705,49.24102],[-122.80706,49.24102],[-122.80706,49.24101],[-122.80706,49.24101],[-122.80706,49.24101],[-122.80706,49.24101],[-122.80706,49.24101],[-122.80706,49.24101],[-122.80706,49.24101],[-122.80706,49.24101],[-122.80706,49.24101],[-122.80706,49.241],[-122.80706,49.241],[-122.80706,49.241],[-122.80706,49.241],[-122.80706,49.241],[-122.80706,49.241],[-122.80706,49.241],[-122.80706,49.241],[-122.80706,49.24099],[-122.80706,49.24099],[-122.80706,49.24099],[-122.80706,49.24099],[-122.80706,49.24099],[-122.80706,49.24099],[-122.80706,49.24099],[-122.80706,49.24099],[-122.80706,49.24099],[-122.80706,49.24098],[-122.80706,49.24098],[-122.80706,49.24098],[-122.80706,49.24098],[-122.80706,49.24098],[-122.80706,49.24098],[-122.80706,49.24098],[-122.80706,49.24098],[-122.80706,49.24098],[-122.80706,49.24097],[-122.80706,49.24097],[-122.80706,49.24097],[-122.80706,49.24097],[-122.80706,49.24097],[-122.80706,49.24097],[-122.80706,49.24097],[-122.80706,49.24097],[-122.80706,49.24097],[-122.80706,49.24096],[-122.80706,49.24096],[-122.80706,49.24096],[-122.80706,49.24096],[-122.80706,49.24096],[-122.80706,49.24096],[-122.80706,49.24096],[-122.80706,49.24096],[-122.80706,49.24096],[-122.80706,49.24095],[-122.80706,49.24095],[-122.80706,49.24095],[-122.80706,49.24095],[-122.80706,49.24095],[-122.80706,49.24095],[-122.80706,49.24095],[-122.80706,49.24095],[-122.80706,49.24094],[-122.80706,49.24094],[-122.80706,49.24094],[-122.80706,49.24094],[-122.80706,49.24094],[-122.80706,49.24094],[-122.80706,49.24094],[-122.80706,49.24094],[-122.80706,49.24094],[-122.80706,49.24093],[-122.80706,49.24093],[-122.80706,49.24093],[-122.80706,49.24093],[-122.80706,49.24093],[-122.80706,49.24093],[-122.80707,49.24093],[-122.80707,49.24093],[-122.80707,49.24093],[-122.80707,49.24092],[-122.80707,49.24092],[-122.80707,49.24092],[-122.80707,49.24092],[-122.80707,49.24092],[-122.80707,49.24092],[-122.80707,49.24092],[-122.80707,49.24092],[-122.80707,49.24092],[-122.80707,49.24091],[-122.80707,49.24091],[-122.80707,49.24091],[-122.80707,49.24091],[-122.80707,49.24091],[-122.80707,49.24091],[-122.80707,49.24091],[-122.80707,49.24091],[-122.80707,49.24091],[-122.80707,49.2409],[-122.80707,49.2409],[-122.80707,49.2409],[-122.80707,49.2409],[-122.80707,49.2409],[-122.80707,49.2409],[-122.80707,49.2409],[-122.80707,49.2409],[-122.80707,49.24089],[-122.80707,49.24089],[-122.80707,49.24089],[-122.80707,49.24089],[-122.80707,49.24089],[-122.80707,49.24089],[-122.80707,49.24089],[-122.80707,49.24089],[-122.80707,49.24089],[-122.80707,49.24088],[-122.80707,49.24088],[-122.80707,49.24088],[-122.80707,49.24088],[-122.80707,49.24088],[-122.80707,49.24088],[-122.80707,49.24088],[-122.80707,49.24088],[-122.80707,49.24088],[-122.80707,49.24087],[-122.80707,49.24087],[-122.80707,49.24087],[-122.80707,49.24087],[-122.80707,49.24087],[-122.80707,49.24087],[-122.80707,49.24087],[-122.80707,49.24087],[-122.80707,49.24087],[-122.80707,49.24086],[-122.80707,49.24086],[-122.80707,49.24086],[-122.80707,49.24086],[-122.80707,49.24086],[-122.80707,49.24086],[-122.80707,49.24086],[-122.80707,49.24086],[-122.80707,49.24086],[-122.80707,49.24085],[-122.80707,49.24085],[-122.80707,49.24085],[-122.80707,49.24085],[-122.80707,49.24085],[-122.80707,49.24085],[-122.80707,49.24085],[-122.80707,49.24085],[-122.80707,49.24084],[-122.80707,49.24084],[-122.80707,49.24084],[-122.80707,49.24084],[-122.80707,49.24084],[-122.80707,49.24084],[-122.80707,49.24084],[-122.80707,49.24084],[-122.80707,49.24084],[-122.80707,49.24083],[-122.80707,49.24083],[-122.80707,49.24083],[-122.80707,49.24083],[-122.80707,49.24083],[-122.80707,49.24083],[-122.80707,49.24083],[-122.80707,49.24083],[-122.80707,49.24083],[-122.80707,49.24082],[-122.80707,49.24082],[-122.80707,49.24082],[-122.80707,49.24082],[-122.80707,49.24082],[-122.80707,49.24082],[-122.80708,49.24082],[-122.80708,49.24082],[-122.80708,49.24082],[-122.80708,49.24081],[-122.80708,49.24081],[-122.80708,49.24081],[-122.80708,49.24081],[-122.80708,49.24081],[-122.80708,49.24081],[-122.80708,49.24081],[-122.80708,49.24081],[-122.80708,49.24081],[-122.80708,49.2408],[-122.80708,49.2408],[-122.80708,49.2408],[-122.80708,49.2408],[-122.80708,49.2408],[-122.80708,49.2408],[-122.80708,49.2408],[-122.80708,49.2408],[-122.80708,49.2408],[-122.80708,49.24079],[-122.80708,49.24079],[-122.80708,49.24079],[-122.80708,49.24079],[-122.80708,49.24079],[-122.80708,49.24079],[-122.80708,49.24079],[-122.80708,49.24079],[-122.80708,49.24078],[-122.80708,49.24078],[-122.80708,49.24078],[-122.80708,49.24078],[-122.80708,49.24078],[-122.80708,49.24078],[-122.80708,49.24078],[-122.80708,49.24078],[-122.80708,49.24078],[-122.80708,49.24078],[-122.80708,49.24077],[-122.80708,49.24077],[-122.80708,49.24077],[-122.80708,49.24077],[-122.80708,49.24077],[-122.80708,49.24077],[-122.80708,49.24077],[-122.80708,49.24077],[-122.80708,49.24076],[-122.80708,49.24076],[-122.80708,49.24076],[-122.80708,49.24076],[-122.80708,49.24076],[-122.80708,49.24076],[-122.80708,49.24076],[-122.80709,49.24076],[-122.80709,49.24076],[-122.80709,49.24075],[-122.80709,49.24075],[-122.80709,49.24075],[-122.80709,49.24075],[-122.80709,49.24075],[-122.80709,49.24075],[-122.80709,49.24075],[-122.80709,49.24075],[-122.80709,49.24075],[-122.80709,49.24074],[-122.80709,49.24074],[-122.80709,49.24074],[-122.80709,49.24074],[-122.80709,49.24074],[-122.80709,49.24074],[-122.80709,49.24074],[-122.80709,49.24074],[-122.80709,49.24074],[-122.80709,49.24073],[-122.80709,49.24073],[-122.80709,49.24073],[-122.80709,49.24073],[-122.80709,49.24073],[-122.80709,49.24073],[-122.80709,49.24073],[-122.80709,49.24073],[-122.80709,49.24073],[-122.80709,49.24072],[-122.80709,49.24072],[-122.80709,49.24072],[-122.80709,49.24072],[-122.80709,49.24072],[-122.80709,49.24072],[-122.80709,49.24072],[-122.80709,49.24072],[-122.80709,49.24072],[-122.80709,49.24071],[-122.80709,49.24071],[-122.80709,49.24071],[-122.80709,49.24071],[-122.80709,49.24071],[-122.80709,49.24071],[-122.80709,49.24071],[-122.80709,49.24071],[-122.80709,49.24071],[-122.80709,49.2407],[-122.80709,49.2407],[-122.80709,49.2407],[-122.80709,49.2407],[-122.80709,49.2407],[-122.80709,49.2407],[-122.80709,49.2407],[-122.80709,49.2407],[-122.80709,49.2407],[-122.80709,49.24069],[-122.80709,49.24069],[-122.80709,49.24069],[-122.80709,49.24069],[-122.80709,49.24069],[-122.80709,49.24069],[-122.80709,49.24069],[-122.80709,49.24069],[-122.80709,49.24068],[-122.80709,49.24068],[-122.80709,49.24068],[-122.80709,49.24068],[-122.80709,49.24068],[-122.80709,49.24068],[-122.80709,49.24068],[-122.80709,49.24068],[-122.80709,49.24068],[-122.80709,49.24067],[-122.8071,49.24067],[-122.8071,49.24067],[-122.8071,49.24067],[-122.8071,49.24067],[-122.8071,49.24067],[-122.8071,49.24067],[-122.8071,49.24067],[-122.8071,49.24067],[-122.8071,49.24066],[-122.8071,49.24066],[-122.8071,49.24066],[-122.8071,49.24066],[-122.8071,49.24066],[-122.8071,49.24066],[-122.8071,49.24066],[-122.8071,49.24066],[-122.8071,49.24066],[-122.8071,49.24065],[-122.8071,49.24065],[-122.8071,49.24065],[-122.8071,49.24065],[-122.8071,49.24065],[-122.8071,49.24065],[-122.8071,49.24065],[-122.8071,49.24065],[-122.8071,49.24065],[-122.8071,49.24064],[-122.8071,49.24064],[-122.8071,49.24064],[-122.8071,49.24064],[-122.8071,49.24064],[-122.8071,49.24064],[-122.8071,49.24064],[-122.8071,49.24064],[-122.8071,49.24064],[-122.8071,49.24063],[-122.8071,49.24063],[-122.8071,49.24063],[-122.8071,49.24063],[-122.8071,49.24063],[-122.8071,49.24063],[-122.8071,49.24063],[-122.8071,49.24063],[-122.8071,49.24062],[-122.8071,49.24062],[-122.8071,49.24062],[-122.8071,49.24062],[-122.8071,49.24062],[-122.8071,49.24062],[-122.8071,49.24062],[-122.8071,49.24062],[-122.8071,49.24062],[-122.8071,49.24061],[-122.8071,49.24061],[-122.8071,49.24061],[-122.8071,49.24061],[-122.8071,49.24061],[-122.8071,49.24061],[-122.8071,49.24061],[-122.8071,49.24061],[-122.8071,49.24061],[-122.8071,49.2406],[-122.8071,49.2406],[-122.8071,49.2406],[-122.8071,49.2406],[-122.8071,49.2406],[-122.8071,49.2406],[-122.8071,49.2406],[-122.8071,49.2406],[-122.8071,49.2406],[-122.8071,49.24059],[-122.8071,49.24059],[-122.8071,49.24059],[-122.8071,49.24059],[-122.8071,49.24059],[-122.8071,49.24059],[-122.8071,49.24059],[-122.8071,49.24059],[-122.8071,49.24059],[-122.8071,49.24058],[-122.8071,49.24058],[-122.8071,49.24058],[-122.8071,49.24058],[-122.8071,49.24058],[-122.8071,49.24058],[-122.8071,49.24058],[-122.8071,49.24058],[-122.8071,49.24057],[-122.8071,49.24057],[-122.8071,49.24057],[-122.8071,49.24057],[-122.8071,49.24057],[-122.8071,49.24057],[-122.8071,49.24057],[-122.8071,49.24057],[-122.8071,49.24057],[-122.8071,49.24056],[-122.8071,49.24056],[-122.8071,49.24056],[-122.8071,49.24056],[-122.8071,49.24056],[-122.8071,49.24056],[-122.8071,49.24056],[-122.8071,49.24056],[-122.8071,49.24056],[-122.8071,49.24055],[-122.8071,49.24055],[-122.8071,49.24055],[-122.8071,49.24055],[-122.8071,49.24055],[-122.8071,49.24055],[-122.8071,49.24055],[-122.8071,49.24055],[-122.8071,49.24055],[-122.8071,49.24054],[-122.8071,49.24054],[-122.8071,49.24054],[-122.8071,49.24054],[-122.8071,49.24054],[-122.8071,49.24054],[-122.8071,49.24054],[-122.8071,49.24054],[-122.8071,49.24053],[-122.8071,49.24053],[-122.8071,49.24053],[-122.8071,49.24053],[-122.8071,49.24053],[-122.8071,49.24053],[-122.8071,49.24053],[-122.8071,49.24053],[-122.8071,49.24053],[-122.8071,49.24052],[-122.8071,49.24052],[-122.8071,49.24052],[-122.8071,49.24052],[-122.8071,49.24052],[-122.8071,49.24052],[-122.8071,49.24052],[-122.8071,49.24052],[-122.8071,49.24052],[-122.8071,49.24051],[-122.8071,49.24051],[-122.8071,49.24051],[-122.8071,49.24051],[-122.8071,49.24051],[-122.8071,49.24051],[-122.8071,49.24051],[-122.8071,49.24051],[-122.8071,49.24051],[-122.8071,49.2405],[-122.8071,49.2405],[-122.8071,49.2405],[-122.80711,49.2405],[-122.80711,49.2405],[-122.80711,49.2405],[-122.80711,49.2405],[-122.80711,49.2405],[-122.80711,49.2405],[-122.80711,49.24049],[-122.80711,49.24049],[-122.80711,49.24049],[-122.80711,49.24049],[-122.80711,49.24049],[-122.80711,49.24049],[-122.80711,49.24049],[-122.80711,49.24049],[-122.80711,49.24048],[-122.80711,49.24048],[-122.80711,49.24048],[-122.80711,49.24048],[-122.80711,49.24048],[-122.80711,49.24048],[-122.80711,49.24048],[-122.80711,49.24048],[-122.80711,49.24048],[-122.80711,49.24048],[-122.80711,49.24047],[-122.80711,49.24047],[-122.80711,49.24047],[-122.80711,49.24047],[-122.80711,49.24047],[-122.80711,49.24047],[-122.80711,49.24047],[-122.80711,49.24047],[-122.80711,49.24047],[-122.80711,49.24046],[-122.80711,49.24046],[-122.80711,49.24046],[-122.80711,49.24046],[-122.80711,49.24046],[-122.80711,49.24046],[-122.80711,49.24046],[-122.80711,49.24046],[-122.80711,49.24046],[-122.80711,49.24045],[-122.80711,49.24045],[-122.80711,49.24045],[-122.80711,49.24045],[-122.80711,49.24045],[-122.80711,49.24045],[-122.80711,49.24045],[-122.80711,49.24045],[-122.80711,49.24045],[-122.80711,49.24044],[-122.80711,49.24044],[-122.80711,49.24044],[-122.80712,49.24044],[-122.80712,49.24044],[-122.80712,49.24044],[-122.80712,49.24044],[-122.80712,49.24044],[-122.80712,49.24043],[-122.80712,49.24043],[-122.80712,49.24043],[-122.80712,49.24043],[-122.80712,49.24043],[-122.80712,49.24043],[-122.80712,49.24043],[-122.80712,49.24043],[-122.80712,49.24043],[-122.80712,49.24042],[-122.80712,49.24042],[-122.80712,49.24042],[-122.80712,49.24042],[-122.80712,49.24042],[-122.80712,49.24042],[-122.80712,49.24042],[-122.80712,49.24042],[-122.80712,49.24042],[-122.80712,49.24041],[-122.80712,49.24041],[-122.80712,49.24041],[-122.80712,49.24041],[-122.80712,49.24041],[-122.80712,49.24041],[-122.80712,49.24041],[-122.80712,49.24041],[-122.80712,49.24041],[-122.80712,49.2404],[-122.80712,49.2404],[-122.80712,49.2404],[-122.80712,49.2404],[-122.80712,49.2404],[-122.80712,49.2404],[-122.80712,49.2404],[-122.80712,49.2404],[-122.80712,49.2404],[-122.80712,49.24039],[-122.80712,49.24039],[-122.80712,49.24039],[-122.80712,49.24039],[-122.80712,49.24039],[-122.80712,49.24039],[-122.80712,49.24039],[-122.80712,49.24039],[-122.80712,49.24039],[-122.80712,49.24038],[-122.80712,49.24038],[-122.80712,49.24038],[-122.80712,49.24038],[-122.80712,49.24038],[-122.80712,49.24038],[-122.80712,49.24038],[-122.80712,49.24038],[-122.80712,49.24037],[-122.80712,49.24037],[-122.80713,49.24037],[-122.80713,49.24037],[-122.80713,49.24037],[-122.80713,49.24037],[-122.80713,49.24037],[-122.80713,49.24037],[-122.80713,49.24037],[-122.80713,49.24036],[-122.80713,49.24036],[-122.80713,49.24036],[-122.80713,49.24036],[-122.80713,49.24036],[-122.80713,49.24036],[-122.80713,49.24036],[-122.80713,49.24036],[-122.80713,49.24036],[-122.80713,49.24035],[-122.80713,49.24035],[-122.80713,49.24035],[-122.80713,49.24035],[-122.80713,49.24035],[-122.80713,49.24035],[-122.80713,49.24035],[-122.80713,49.24035],[-122.80713,49.24035],[-122.80713,49.24034],[-122.80713,49.24034],[-122.80713,49.24034],[-122.80713,49.24034],[-122.80713,49.24034],[-122.80713,49.24034],[-122.80713,49.24034],[-122.80713,49.24034],[-122.80713,49.24034],[-122.80713,49.24033],[-122.80713,49.24033],[-122.80713,49.24033],[-122.80713,49.24033],[-122.80713,49.24033],[-122.80713,49.24033],[-122.80713,49.24033],[-122.80713,49.24033],[-122.80713,49.24033],[-122.80713,49.24032],[-122.80712,49.24032],[-122.80712,49.24032],[-122.80712,49.24032],[-122.80712,49.24032],[-122.80712,49.24032],[-122.80712,49.24032],[-122.80712,49.24032],[-122.80712,49.24031],[-122.80712,49.24031],[-122.80712,49.24031],[-122.80712,49.24031],[-122.80712,49.24031],[-122.80712,49.24031],[-122.80712,49.24031],[-122.80712,49.24031],[-122.80712,49.24031],[-122.80712,49.2403],[-122.80712,49.2403],[-122.80712,49.2403],[-122.80712,49.2403],[-122.80712,49.2403],[-122.80712,49.2403],[-122.80712,49.2403],[-122.80712,49.2403],[-122.80712,49.2403],[-122.80712,49.24029],[-122.80712,49.24029],[-122.80712,49.24029],[-122.80712,49.24029],[-122.80712,49.24029],[-122.80712,49.24029],[-122.80712,49.24029],[-122.80712,49.24029],[-122.80712,49.24029],[-122.80712,49.24028],[-122.80712,49.24028],[-122.80712,49.24028],[-122.80712,49.24028],[-122.80712,49.24028],[-122.80712,49.24028],[-122.80712,49.24028],[-122.80712,49.24028],[-122.80712,49.24028],[-122.80712,49.24027],[-122.80712,49.24027],[-122.80712,49.24027],[-122.80712,49.24027],[-122.80712,49.24027],[-122.80712,49.24027],[-122.80712,49.24027],[-122.80712,49.24027],[-122.80712,49.24027],[-122.80712,49.24026],[-122.80712,49.24026],[-122.80712,49.24026],[-122.80712,49.24026],[-122.80712,49.24026],[-122.80712,49.24026],[-122.80712,49.24026],[-122.80712,49.24026],[-122.80712,49.24026],[-122.80712,49.24025],[-122.80712,49.24025],[-122.80712,49.24025],[-122.80712,49.24025],[-122.80712,49.24025],[-122.80712,49.24025],[-122.80712,49.24025],[-122.80712,49.24025],[-122.80712,49.24025],[-122.80712,49.24024],[-122.80712,49.24024],[-122.80712,49.24024],[-122.80712,49.24024],[-122.80712,49.24024],[-122.80712,49.24024],[-122.80712,49.24024],[-122.80712,49.24024],[-122.80712,49.24023],[-122.80712,49.24023],[-122.80712,49.24023],[-122.80712,49.24023],[-122.80711,49.24023],[-122.80711,49.24023],[-122.80711,49.24023],[-122.80711,49.24023],[-122.80711,49.24023],[-122.80711,49.24023],[-122.80711,49.24022],[-122.80711,49.24022],[-122.80711,49.24022],[-122.80711,49.24022],[-122.80711,49.24022],[-122.80711,49.24022],[-122.80711,49.24022],[-122.80711,49.24022],[-122.80711,49.24021],[-122.80711,49.24021],[-122.80711,49.24021],[-122.80711,49.24021],[-122.80711,49.24021],[-122.80711,49.24021],[-122.80711,49.24021],[-122.80711,49.24021],[-122.80711,49.24021],[-122.80711,49.2402],[-122.80711,49.2402],[-122.80711,49.2402],[-122.80711,49.2402],[-122.80711,49.2402],[-122.80711,49.2402],[-122.80711,49.2402],[-122.80711,49.2402],[-122.80711,49.2402],[-122.80711,49.24019],[-122.80711,49.24019],[-122.80711,49.24019],[-122.80711,49.24019],[-122.80711,49.24019],[-122.80711,49.24019],[-122.80711,49.24019],[-122.80711,49.24019],[-122.80711,49.24019],[-122.80711,49.24018],[-122.80711,49.24018],[-122.80711,49.24018],[-122.80711,49.24018],[-122.80711,49.24018],[-122.80711,49.24018],[-122.80711,49.24018],[-122.80711,49.24018],[-122.80711,49.24018],[-122.80711,49.24017],[-122.80711,49.24017],[-122.80711,49.24017],[-122.80711,49.24017],[-122.80711,49.24017],[-122.80711,49.24017],[-122.80711,49.24017],[-122.80711,49.24017],[-122.80711,49.24017],[-122.80711,49.24016],[-122.80711,49.24016],[-122.80711,49.24016],[-122.80711,49.24016],[-122.80711,49.24016],[-122.80711,49.24016],[-122.80711,49.24016],[-122.80711,49.24016],[-122.80711,49.24015],[-122.80711,49.24015],[-122.80711,49.24015],[-122.80711,49.24015],[-122.80711,49.24015],[-122.80711,49.24015],[-122.80711,49.24015],[-122.80711,49.24015],[-122.80711,49.24015],[-122.80711,49.24014],[-122.80711,49.24014],[-122.80711,49.24014],[-122.80711,49.24014],[-122.80711,49.24014],[-122.80711,49.24014],[-122.80711,49.24014],[-122.80711,49.24014],[-122.80711,49.24014],[-122.80711,49.24013],[-122.80711,49.24013],[-122.80711,49.24013],[-122.80711,49.24013],[-122.80711,49.24013],[-122.80711,49.24013],[-122.80711,49.24013],[-122.80711,49.24013],[-122.80711,49.24013],[-122.80711,49.24012],[-122.80711,49.24012],[-122.80711,49.24012],[-122.80711,49.24012],[-122.80711,49.24012],[-122.80711,49.24012],[-122.80711,49.24012],[-122.80711,49.24012],[-122.80711,49.24012],[-122.80711,49.24011],[-122.80711,49.24011],[-122.80711,49.24011],[-122.80711,49.24011],[-122.80711,49.24011],[-122.80711,49.24011],[-122.80711,49.24011],[-122.80711,49.24011],[-122.80711,49.2401],[-122.80711,49.2401],[-122.80711,49.2401],[-122.80711,49.2401],[-122.80711,49.2401],[-122.80711,49.2401],[-122.80711,49.2401],[-122.80711,49.2401],[-122.80711,49.2401],[-122.80711,49.24009],[-122.80711,49.24009],[-122.80711,49.24009],[-122.80711,49.24009],[-122.80711,49.24009],[-122.80711,49.24009],[-122.80711,49.24009],[-122.80711,49.24009],[-122.80711,49.24009],[-122.80711,49.24008],[-122.80711,49.24008],[-122.80711,49.24008],[-122.80711,49.24008],[-122.80711,49.24008],[-122.80711,49.24008],[-122.80711,49.24008],[-122.80711,49.24008],[-122.80711,49.24008],[-122.80711,49.24007],[-122.80711,49.24007],[-122.80711,49.24007],[-122.80711,49.24007],[-122.80711,49.24007],[-122.80711,49.24007],[-122.80711,49.24007],[-122.80711,49.24007],[-122.80711,49.24006],[-122.80711,49.24006],[-122.80711,49.24006],[-122.80711,49.24006],[-122.80711,49.24006],[-122.80711,49.24006],[-122.80711,49.24006],[-122.80711,49.24006],[-122.80711,49.24006],[-122.80711,49.24005],[-122.80711,49.24005],[-122.80711,49.24005],[-122.80711,49.24005],[-122.80712,49.24005],[-122.80712,49.24005],[-122.80712,49.24005],[-122.80712,49.24005],[-122.80712,49.24005],[-122.80712,49.24004],[-122.80712,49.24004],[-122.80712,49.24004],[-122.80712,49.24004],[-122.80712,49.24004],[-122.80712,49.24004],[-122.80712,49.24004],[-122.80712,49.24004],[-122.80712,49.24004],[-122.80712,49.24003],[-122.80712,49.24003],[-122.80712,49.24003],[-122.80712,49.24003],[-122.80712,49.24003],[-122.80712,49.24003],[-122.80712,49.24003],[-122.80712,49.24003],[-122.80712,49.24003],[-122.80712,49.24002],[-122.80712,49.24002],[-122.80712,49.24002],[-122.80712,49.24002],[-122.80712,49.24002],[-122.80712,49.24002],[-122.80712,49.24002],[-122.80712,49.24002],[-122.80712,49.24001],[-122.80712,49.24001],[-122.80712,49.24001],[-122.80712,49.24001],[-122.80712,49.24001],[-122.80712,49.24001],[-122.80712,49.24001],[-122.80712,49.24001],[-122.80712,49.24001],[-122.80712,49.24],[-122.80712,49.24],[-122.80712,49.24],[-122.80712,49.24],[-122.80712,49.24],[-122.80712,49.24],[-122.80712,49.24],[-122.80712,49.24],[-122.80712,49.24],[-122.80712,49.23999],[-122.80712,49.23999],[-122.80712,49.23999],[-122.80712,49.23999],[-122.80712,49.23999],[-122.80712,49.23999],[-122.80712,49.23999],[-122.80712,49.23999],[-122.80712,49.23999],[-122.80712,49.23998],[-122.80712,49.23998],[-122.80712,49.23998],[-122.80712,49.23998],[-122.80712,49.23998],[-122.80712,49.23998],[-122.80712,49.23998],[-122.80712,49.23998],[-122.80712,49.23998],[-122.80712,49.23997],[-122.80712,49.23997],[-122.80712,49.23997],[-122.80712,49.23997],[-122.80712,49.23997],[-122.80712,49.23997],[-122.80712,49.23997],[-122.80712,49.23997],[-122.80712,49.23996],[-122.80712,49.23996],[-122.80712,49.23996],[-122.80712,49.23996],[-122.80712,49.23996],[-122.80712,49.23996],[-122.80712,49.23996],[-122.80712,49.23996],[-122.80712,49.23996],[-122.80712,49.23995],[-122.80712,49.23995],[-122.80712,49.23995],[-122.80712,49.23995],[-122.80712,49.23995],[-122.80712,49.23995],[-122.80712,49.23995],[-122.80712,49.23995],[-122.80712,49.23995],[-122.80712,49.23994],[-122.80712,49.23994],[-122.80712,49.23994],[-122.80712,49.23994],[-122.80712,49.23994],[-122.80712,49.23994],[-122.80712,49.23994],[-122.80712,49.23994],[-122.80712,49.23994],[-122.80712,49.23993],[-122.80712,49.23993],[-122.80712,49.23993],[-122.80712,49.23993],[-122.80712,49.23993],[-122.80712,49.23993],[-122.80712,49.23993],[-122.80712,49.23993],[-122.80712,49.23992],[-122.80712,49.23992],[-122.80712,49.23992],[-122.80712,49.23992],[-122.80712,49.23992],[-122.80712,49.23992],[-122.80712,49.23992],[-122.80712,49.23992],[-122.80712,49.23992],[-122.80712,49.23991],[-122.80712,49.23991],[-122.80712,49.23991],[-122.80712,49.23991],[-122.80712,49.23991],[-122.80712,49.23991],[-122.80712,49.23991],[-122.80712,49.23991],[-122.80712,49.23991],[-122.80712,49.2399],[-122.80712,49.2399],[-122.80712,49.2399],[-122.80712,49.2399],[-122.80712,49.2399],[-122.80712,49.2399],[-122.80712,49.2399],[-122.80712,49.2399],[-122.80712,49.2399],[-122.80712,49.23989],[-122.80712,49.23989],[-122.80712,49.23989],[-122.80712,49.23989],[-122.80712,49.23989],[-122.80712,49.23989],[-122.80712,49.23989],[-122.80712,49.23989],[-122.80712,49.23989],[-122.80712,49.23988],[-122.80712,49.23988],[-122.80712,49.23988],[-122.80712,49.23988],[-122.80712,49.23988],[-122.80712,49.23988],[-122.80712,49.23988],[-122.80712,49.23988],[-122.80712,49.23987],[-122.80712,49.23987],[-122.80712,49.23987],[-122.80712,49.23987],[-122.80712,49.23987],[-122.80712,49.23987],[-122.80712,49.23987],[-122.80712,49.23987],[-122.80712,49.23987],[-122.80712,49.23986],[-122.80712,49.23986],[-122.80712,49.23986],[-122.80712,49.23986],[-122.80712,49.23986],[-122.80712,49.23986],[-122.80712,49.23986],[-122.80712,49.23986],[-122.80712,49.23986],[-122.80712,49.23985],[-122.80712,49.23985],[-122.80712,49.23985],[-122.80712,49.23985],[-122.80712,49.23985],[-122.80712,49.23985],[-122.80712,49.23985],[-122.80712,49.23985],[-122.80712,49.23985],[-122.80712,49.23984],[-122.80712,49.23984],[-122.80712,49.23984],[-122.80712,49.23984],[-122.80712,49.23984],[-122.80712,49.23984],[-122.80712,49.23984],[-122.80712,49.23984],[-122.80712,49.23983],[-122.80712,49.23983],[-122.80712,49.23983],[-122.80712,49.23983],[-122.80712,49.23983],[-122.80712,49.23983],[-122.80712,49.23983],[-122.80712,49.23983],[-122.80712,49.23983],[-122.80712,49.23982],[-122.80712,49.23982],[-122.80712,49.23982],[-122.80712,49.23982],[-122.80712,49.23982],[-122.80712,49.23982],[-122.80712,49.23982],[-122.80712,49.23982],[-122.80712,49.23982],[-122.80712,49.23981],[-122.80712,49.23981],[-122.80712,49.23981],[-122.80712,49.23981],[-122.80712,49.23981],[-122.80712,49.23981],[-122.80712,49.23981],[-122.80712,49.23981],[-122.80712,49.23981],[-122.80712,49.2398],[-122.80712,49.2398],[-122.80712,49.2398],[-122.80712,49.2398],[-122.80712,49.2398],[-122.80712,49.2398],[-122.80712,49.2398],[-122.80712,49.2398],[-122.80712,49.2398],[-122.80712,49.23979],[-122.80712,49.23979],[-122.80712,49.23979],[-122.80712,49.23979],[-122.80712,49.23979],[-122.80712,49.23979],[-122.80712,49.23979],[-122.80712,49.23979],[-122.80712,49.23978],[-122.80712,49.23978],[-122.80712,49.23978],[-122.80712,49.23978],[-122.80712,49.23978],[-122.80712,49.23978],[-122.80712,49.23978],[-122.80713,49.23978],[-122.80713,49.23978],[-122.80713,49.23977],[-122.80713,49.23977],[-122.80713,49.23977],[-122.80713,49.23977],[-122.80713,49.23977],[-122.80713,49.23977],[-122.80713,49.23977],[-122.80713,49.23977],[-122.80713,49.23977],[-122.80713,49.23976],[-122.80713,49.23976],[-122.80713,49.23976],[-122.80713,49.23976],[-122.80713,49.23976],[-122.80713,49.23976],[-122.80713,49.23976],[-122.80713,49.23976],[-122.80713,49.23976],[-122.80713,49.23975],[-122.80713,49.23975],[-122.80713,49.23975],[-122.80713,49.23975],[-122.80713,49.23975],[-122.80713,49.23975],[-122.80713,49.23975],[-122.80713,49.23975],[-122.80713,49.23974],[-122.80713,49.23974],[-122.80713,49.23974],[-122.80713,49.23974],[-122.80713,49.23974],[-122.80713,49.23974],[-122.80713,49.23974],[-122.80713,49.23974],[-122.80713,49.23974],[-122.80713,49.23973],[-122.80713,49.23973],[-122.80713,49.23973],[-122.80713,49.23973],[-122.80713,49.23973],[-122.80713,49.23973],[-122.80713,49.23973],[-122.80713,49.23973],[-122.80713,49.23973],[-122.80713,49.23972],[-122.80713,49.23972],[-122.80713,49.23972],[-122.80713,49.23972],[-122.80713,49.23972],[-122.80713,49.23972],[-122.80713,49.23972],[-122.80713,49.23972],[-122.80713,49.23972],[-122.80713,49.23971],[-122.80713,49.23971],[-122.80713,49.23971],[-122.80713,49.23971],[-122.80713,49.23971],[-122.80713,49.23971],[-122.80713,49.23971],[-122.80713,49.23971],[-122.80713,49.23971],[-122.80713,49.2397],[-122.80713,49.2397],[-122.80713,49.2397],[-122.80713,49.2397],[-122.80713,49.2397],[-122.80713,49.2397],[-122.80713,49.2397],[-122.80713,49.2397],[-122.80713,49.2397],[-122.80713,49.23969],[-122.80713,49.23969],[-122.80713,49.23969],[-122.80713,49.23969],[-122.80713,49.23969],[-122.80713,49.23969],[-122.80713,49.23969],[-122.80713,49.23969],[-122.80713,49.23968],[-122.80713,49.23968],[-122.80713,49.23968],[-122.80713,49.23968],[-122.80713,49.23968],[-122.80713,49.23968],[-122.80713,49.23968],[-122.80713,49.23968],[-122.80713,49.23968],[-122.80713,49.23967],[-122.80713,49.23967],[-122.80713,49.23967],[-122.80713,49.23967],[-122.80713,49.23967],[-122.80713,49.23967],[-122.80713,49.23967],[-122.80713,49.23967],[-122.80713,49.23967],[-122.80713,49.23966],[-122.80713,49.23966],[-122.80713,49.23966],[-122.80713,49.23966],[-122.80714,49.23966],[-122.80714,49.23966],[-122.80714,49.23966],[-122.80714,49.23966],[-122.80714,49.23966],[-122.80714,49.23965],[-122.80714,49.23965],[-122.80714,49.23965],[-122.80714,49.23965],[-122.80714,49.23965],[-122.80714,49.23965],[-122.80714,49.23965],[-122.80714,49.23965],[-122.80714,49.23965],[-122.80714,49.23964],[-122.80714,49.23964],[-122.80714,49.23964],[-122.80714,49.23964],[-122.80714,49.23964],[-122.80714,49.23964],[-122.80714,49.23964],[-122.80714,49.23964],[-122.80714,49.23964],[-122.80714,49.23963],[-122.80714,49.23963],[-122.80714,49.23963],[-122.80714,49.23963],[-122.80714,49.23963],[-122.80714,49.23963],[-122.80714,49.23963],[-122.80714,49.23963],[-122.80714,49.23963],[-122.80714,49.23962],[-122.80714,49.23962],[-122.80714,49.23962],[-122.80714,49.23962],[-122.80714,49.23962],[-122.80714,49.23962],[-122.80714,49.23962],[-122.80714,49.23962],[-122.80714,49.23961],[-122.80714,49.23961],[-122.80714,49.23961],[-122.80715,49.23961],[-122.80715,49.23961],[-122.80715,49.23961],[-122.80715,49.23961],[-122.80715,49.23961],[-122.80715,49.23961],[-122.80715,49.2396],[-122.80715,49.2396],[-122.80715,49.2396],[-122.80715,49.2396],[-122.80715,49.2396],[-122.80715,49.2396],[-122.80715,49.2396],[-122.80715,49.2396],[-122.80715,49.2396],[-122.80715,49.23959],[-122.80715,49.23959],[-122.80715,49.23959],[-122.80715,49.23959],[-122.80715,49.23959],[-122.80715,49.23959],[-122.80715,49.23959],[-122.80715,49.23959],[-122.80715,49.23959],[-122.80715,49.23958],[-122.80715,49.23958],[-122.80715,49.23958],[-122.80715,49.23958],[-122.80716,49.23958],[-122.80716,49.23958],[-122.80716,49.23958],[-122.80716,49.23958],[-122.80716,49.23958],[-122.80716,49.23957],[-122.80716,49.23957],[-122.80716,49.23957],[-122.80716,49.23957],[-122.80716,49.23957],[-122.80716,49.23957],[-122.80716,49.23957],[-122.80716,49.23957],[-122.80716,49.23957],[-122.80716,49.23956],[-122.80716,49.23956],[-122.80716,49.23956],[-122.80716,49.23956],[-122.80716,49.23956],[-122.80716,49.23956],[-122.80716,49.23956],[-122.80716,49.23956],[-122.80716,49.23956],[-122.80716,49.23955],[-122.80717,49.23955],[-122.80717,49.23955],[-122.80717,49.23955],[-122.80717,49.23955],[-122.80717,49.23955],[-122.80717,49.23955],[-122.80717,49.23955],[-122.80717,49.23955],[-122.80717,49.23954],[-122.80717,49.23954],[-122.80717,49.23954],[-122.80717,49.23954],[-122.80717,49.23954],[-122.80717,49.23954],[-122.80717,49.23954],[-122.80717,49.23954],[-122.80717,49.23954],[-122.80717,49.23953],[-122.80717,49.23953],[-122.80717,49.23953],[-122.80717,49.23953],[-122.80717,49.23953],[-122.80717,49.23953],[-122.80717,49.23953],[-122.80718,49.23953],[-122.80718,49.23953],[-122.80718,49.23952],[-122.80718,49.23952],[-122.80718,49.23952],[-122.80718,49.23952],[-122.80718,49.23952],[-122.80718,49.23952],[-122.80718,49.23952],[-122.80718,49.23952],[-122.80718,49.23952],[-122.80718,49.23951],[-122.80718,49.23951],[-122.80718,49.23951],[-122.80718,49.23951],[-122.80718,49.23951],[-122.80718,49.23951],[-122.80718,49.23951],[-122.80718,49.23951],[-122.80718,49.23951],[-122.80718,49.23951],[-122.80718,49.2395],[-122.80718,49.2395],[-122.80718,49.2395],[-122.80719,49.2395],[-122.80719,49.2395],[-122.80719,49.2395],[-122.80719,49.2395],[-122.80719,49.2395],[-122.80719,49.2395],[-122.80719,49.23949],[-122.80719,49.23949],[-122.80719,49.23949],[-122.80719,49.23949],[-122.80719,49.23949],[-122.80719,49.23949],[-122.80719,49.23949],[-122.80719,49.23949],[-122.80719,49.23949],[-122.80719,49.23948],[-122.80719,49.23948],[-122.80719,49.23948],[-122.80719,49.23948],[-122.80719,49.23948],[-122.80719,49.23948],[-122.80719,49.23948],[-122.80719,49.23948],[-122.80719,49.23948],[-122.80719,49.23947],[-122.80719,49.23947],[-122.80719,49.23947],[-122.80719,49.23947],[-122.8072,49.23947],[-122.8072,49.23947],[-122.8072,49.23947],[-122.8072,49.23947],[-122.8072,49.23946],[-122.8072,49.23946],[-122.8072,49.23946],[-122.8072,49.23946],[-122.8072,49.23946],[-122.8072,49.23946],[-122.8072,49.23946],[-122.8072,49.23946],[-122.8072,49.23946],[-122.8072,49.23945],[-122.8072,49.23945],[-122.8072,49.23945],[-122.8072,49.23945],[-122.8072,49.23945],[-122.8072,49.23945],[-122.8072,49.23945],[-122.8072,49.23945],[-122.8072,49.23945],[-122.8072,49.23944],[-122.8072,49.23944],[-122.8072,49.23944],[-122.8072,49.23944],[-122.8072,49.23944],[-122.8072,49.23944],[-122.8072,49.23944],[-122.8072,49.23944],[-122.8072,49.23944],[-122.8072,49.23943],[-122.8072,49.23943],[-122.80721,49.23943],[-122.80721,49.23943],[-122.80721,49.23943],[-122.80721,49.23943],[-122.80721,49.23943],[-122.80721,49.23943],[-122.80721,49.23943],[-122.80721,49.23942],[-122.80721,49.23942],[-122.80721,49.23942],[-122.80721,49.23942],[-122.80721,49.23942],[-122.80721,49.23942],[-122.80721,49.23942],[-122.80721,49.23942],[-122.80721,49.23942],[-122.80721,49.23941],[-122.80721,49.23941],[-122.80721,49.23941],[-122.80721,49.23941],[-122.80721,49.23941],[-122.80721,49.23941],[-122.80721,49.23941],[-122.80721,49.23941],[-122.80721,49.23941],[-122.80721,49.2394],[-122.80721,49.2394],[-122.80721,49.2394],[-122.80721,49.2394],[-122.80721,49.2394],[-122.80721,49.2394],[-122.80721,49.2394],[-122.80721,49.2394],[-122.80721,49.2394],[-122.80721,49.23939],[-122.80721,49.23939],[-122.80721,49.23939],[-122.80722,49.23939],[-122.80722,49.23939],[-122.80722,49.23939],[-122.80722,49.23939],[-122.80722,49.23939],[-122.80722,49.23938],[-122.80722,49.23938],[-122.80722,49.23938],[-122.80722,49.23938],[-122.80722,49.23938],[-122.80722,49.23938],[-122.80722,49.23938],[-122.80722,49.23938],[-122.80722,49.23938],[-122.80722,49.23937],[-122.80722,49.23937],[-122.80722,49.23937],[-122.80722,49.23937],[-122.80722,49.23937],[-122.80722,49.23937],[-122.80722,49.23937],[-122.80722,49.23937],[-122.80722,49.23937],[-122.80722,49.23936],[-122.80722,49.23936],[-122.80722,49.23936],[-122.80722,49.23936],[-122.80722,49.23936],[-122.80722,49.23936],[-122.80722,49.23936],[-122.80722,49.23936],[-122.80722,49.23936],[-122.80722,49.23935],[-122.80722,49.23935],[-122.80722,49.23935],[-122.80722,49.23935],[-122.80722,49.23935],[-122.80722,49.23935],[-122.80723,49.23935],[-122.80723,49.23935],[-122.80723,49.23935],[-122.80723,49.23934],[-122.80723,49.23934],[-122.80723,49.23934],[-122.80723,49.23934],[-122.80723,49.23934],[-122.80723,49.23934],[-122.80723,49.23934],[-122.80723,49.23934],[-122.80723,49.23934],[-122.80723,49.23933],[-122.80723,49.23933],[-122.80723,49.23933],[-122.80723,49.23933],[-122.80723,49.23933],[-122.80723,49.23933],[-122.80723,49.23933],[-122.80723,49.23933],[-122.80723,49.23932],[-122.80723,49.23932],[-122.80723,49.23932],[-122.80723,49.23932],[-122.80723,49.23932],[-122.80723,49.23932],[-122.80723,49.23932],[-122.80723,49.23932],[-122.80723,49.23932],[-122.80723,49.23931],[-122.80723,49.23931],[-122.80723,49.23931],[-122.80723,49.23931],[-122.80723,49.23931],[-122.80723,49.23931],[-122.80723,49.23931],[-122.80723,49.23931],[-122.80723,49.23931],[-122.80723,49.2393],[-122.80723,49.2393],[-122.80723,49.2393],[-122.80724,49.2393],[-122.80724,49.2393],[-122.80724,49.2393],[-122.80724,49.2393],[-122.80724,49.2393],[-122.80724,49.2393],[-122.80724,49.23929],[-122.80724,49.23929],[-122.80724,49.23929],[-122.80724,49.23929],[-122.80724,49.23929],[-122.80724,49.23929],[-122.80724,49.23929],[-122.80724,49.23929],[-122.80724,49.23929],[-122.80724,49.23928],[-122.80724,49.23928],[-122.80724,49.23928],[-122.80724,49.23928],[-122.80724,49.23928],[-122.80724,49.23928],[-122.80724,49.23928],[-122.80724,49.23928],[-122.80724,49.23928],[-122.80724,49.23927],[-122.80724,49.23927],[-122.80724,49.23927],[-122.80724,49.23927],[-122.80724,49.23927],[-122.80724,49.23927],[-122.80724,49.23927],[-122.80724,49.23927],[-122.80724,49.23927],[-122.80724,49.23926],[-122.80724,49.23926],[-122.80724,49.23926],[-122.80724,49.23926],[-122.80724,49.23926],[-122.80724,49.23926],[-122.80724,49.23926],[-122.80724,49.23926],[-122.80724,49.23925],[-122.80724,49.23925],[-122.80724,49.23925],[-122.80724,49.23925],[-122.80724,49.23925],[-122.80724,49.23925],[-122.80724,49.23925],[-122.80724,49.23925],[-122.80725,49.23925],[-122.80725,49.23924],[-122.80725,49.23924],[-122.80725,49.23924],[-122.80725,49.23924],[-122.80725,49.23924],[-122.80725,49.23924],[-122.80725,49.23924],[-122.80725,49.23924],[-122.80725,49.23924],[-122.80725,49.23923],[-122.80725,49.23923],[-122.80725,49.23923],[-122.80725,49.23923],[-122.80725,49.23923],[-122.80725,49.23923],[-122.80725,49.23923],[-122.80725,49.23923],[-122.80725,49.23923],[-122.80725,49.23922],[-122.80725,49.23922],[-122.80725,49.23922],[-122.80725,49.23922],[-122.80725,49.23922],[-122.80725,49.23922],[-122.80725,49.23922],[-122.80725,49.23922],[-122.80725,49.23922],[-122.80725,49.23921],[-122.80725,49.23921],[-122.80725,49.23921],[-122.80725,49.23921],[-122.80725,49.23921],[-122.80725,49.23921],[-122.80725,49.23921],[-122.80725,49.23921],[-122.80725,49.2392],[-122.80725,49.2392],[-122.80725,49.2392],[-122.80725,49.2392],[-122.80725,49.2392],[-122.80725,49.2392],[-122.80725,49.2392],[-122.80725,49.2392],[-122.80725,49.2392],[-122.80725,49.23919],[-122.80725,49.23919],[-122.80725,49.23919],[-122.80725,49.23919],[-122.80725,49.23919],[-122.80725,49.23919],[-122.80725,49.23919],[-122.80725,49.23919],[-122.80725,49.23919],[-122.80725,49.23918],[-122.80725,49.23918],[-122.80725,49.23918],[-122.80725,49.23918],[-122.80725,49.23918],[-122.80725,49.23918],[-122.80725,49.23918],[-122.80725,49.23918],[-122.80725,49.23918],[-122.80726,49.23917],[-122.80726,49.23917],[-122.80726,49.23917],[-122.80726,49.23917],[-122.80726,49.23917],[-122.80726,49.23917],[-122.80726,49.23917],[-122.80726,49.23917],[-122.80726,49.23916],[-122.80726,49.23916],[-122.80726,49.23916],[-122.80726,49.23916],[-122.80726,49.23916],[-122.80726,49.23916],[-122.80726,49.23916],[-122.80726,49.23916],[-122.80726,49.23916],[-122.80726,49.23915],[-122.80726,49.23915],[-122.80726,49.23915],[-122.80726,49.23915],[-122.80726,49.23915],[-122.80726,49.23915],[-122.80726,49.23915],[-122.80726,49.23915],[-122.80726,49.23915],[-122.80726,49.23914],[-122.80726,49.23914],[-122.80726,49.23914],[-122.80726,49.23914],[-122.80726,49.23914],[-122.80726,49.23914],[-122.80726,49.23914],[-122.80726,49.23914],[-122.80726,49.23914],[-122.80726,49.23913],[-122.80726,49.23913],[-122.80726,49.23913],[-122.80726,49.23913],[-122.80726,49.23913],[-122.80726,49.23913],[-122.80726,49.23913],[-122.80726,49.23913],[-122.80726,49.23913],[-122.80726,49.23912],[-122.80726,49.23912],[-122.80726,49.23912],[-122.80726,49.23912],[-122.80726,49.23912],[-122.80726,49.23912],[-122.80726,49.23912],[-122.80726,49.23912],[-122.80726,49.23911],[-122.80726,49.23911],[-122.80726,49.23911],[-122.80726,49.23911],[-122.80726,49.23911],[-122.80726,49.23911],[-122.80726,49.23911],[-122.80726,49.23911],[-122.80726,49.23911],[-122.80726,49.2391],[-122.80726,49.2391],[-122.80726,49.2391],[-122.80726,49.2391],[-122.80726,49.2391],[-122.80726,49.2391],[-122.80726,49.2391],[-122.80726,49.2391],[-122.80726,49.2391],[-122.80727,49.23909],[-122.80727,49.23909],[-122.80727,49.23909],[-122.80727,49.23909],[-122.80727,49.23909],[-122.80727,49.23909],[-122.80727,49.23909],[-122.80727,49.23909],[-122.80727,49.23909],[-122.80727,49.23908],[-122.80727,49.23908],[-122.80727,49.23908],[-122.80727,49.23908],[-122.80727,49.23908],[-122.80727,49.23908],[-122.80727,49.23908],[-122.80727,49.23908],[-122.80727,49.23907],[-122.80727,49.23907],[-122.80727,49.23907],[-122.80727,49.23907],[-122.80727,49.23907],[-122.80727,49.23907],[-122.80727,49.23907],[-122.80727,49.23907],[-122.80727,49.23907],[-122.80727,49.23906],[-122.80727,49.23906],[-122.80727,49.23906],[-122.80727,49.23906],[-122.80727,49.23906],[-122.80727,49.23906],[-122.80727,49.23906],[-122.80727,49.23906],[-122.80727,49.23906],[-122.80727,49.23905],[-122.80727,49.23905],[-122.80727,49.23905],[-122.80727,49.23905],[-122.80727,49.23905],[-122.80727,49.23905],[-122.80727,49.23905],[-122.80727,49.23905],[-122.80727,49.23905],[-122.80727,49.23904],[-122.80727,49.23904],[-122.80727,49.23904],[-122.80727,49.23904],[-122.80727,49.23904],[-122.80727,49.23904],[-122.80727,49.23904],[-122.80727,49.23904],[-122.80727,49.23904],[-122.80727,49.23903],[-122.80727,49.23903],[-122.80727,49.23903],[-122.80727,49.23903],[-122.80727,49.23903],[-122.80728,49.23903],[-122.80728,49.23903],[-122.80728,49.23903],[-122.80728,49.23902],[-122.80728,49.23902],[-122.80728,49.23902],[-122.80728,49.23902],[-122.80728,49.23902],[-122.80728,49.23902],[-122.80728,49.23902],[-122.80728,49.23902],[-122.80728,49.23902],[-122.80728,49.23901],[-122.80728,49.23901],[-122.80728,49.23901],[-122.80728,49.23901],[-122.80728,49.23901],[-122.80728,49.23901],[-122.80728,49.23901],[-122.80728,49.23901],[-122.80728,49.23901],[-122.80728,49.239],[-122.80728,49.239],[-122.80728,49.239],[-122.80728,49.239],[-122.80728,49.239],[-122.80728,49.239],[-122.80728,49.239],[-122.80728,49.239],[-122.80728,49.239],[-122.80728,49.23899],[-122.80728,49.23899],[-122.80728,49.23899],[-122.80728,49.23899],[-122.80728,49.23899],[-122.80728,49.23899],[-122.80728,49.23899],[-122.80728,49.23899],[-122.80728,49.23899],[-122.80728,49.23898],[-122.80728,49.23898],[-122.80728,49.23898],[-122.80728,49.23898],[-122.80728,49.23898],[-122.80728,49.23898],[-122.80729,49.23898],[-122.80729,49.23898],[-122.80729,49.23898],[-122.80729,49.23897],[-122.80729,49.23897],[-122.80729,49.23897],[-122.80729,49.23897],[-122.80729,49.23897],[-122.80729,49.23897],[-122.80729,49.23897],[-122.80729,49.23897],[-122.80729,49.23896],[-122.80729,49.23896],[-122.80729,49.23896],[-122.80729,49.23896],[-122.80729,49.23896],[-122.80729,49.23896],[-122.80729,49.23896],[-122.80729,49.23896],[-122.80729,49.23896],[-122.80729,49.23895],[-122.80729,49.23895],[-122.80729,49.23895],[-122.80729,49.23895],[-122.80729,49.23895],[-122.80729,49.23895],[-122.80729,49.23895],[-122.80729,49.23895],[-122.80729,49.23895],[-122.80729,49.23894],[-122.80729,49.23894],[-122.80729,49.23894],[-122.80729,49.23894],[-122.80729,49.23894],[-122.8073,49.23894],[-122.8073,49.23894],[-122.8073,49.23894],[-122.8073,49.23894],[-122.8073,49.23893],[-122.8073,49.23893],[-122.8073,49.23893],[-122.8073,49.23893],[-122.8073,49.23893],[-122.8073,49.23893],[-122.8073,49.23893],[-122.8073,49.23893],[-122.8073,49.23893],[-122.8073,49.23892],[-122.8073,49.23892],[-122.8073,49.23892],[-122.8073,49.23892],[-122.8073,49.23892],[-122.8073,49.23892],[-122.8073,49.23892],[-122.8073,49.23892],[-122.8073,49.23892],[-122.8073,49.23891],[-122.8073,49.23891],[-122.8073,49.23891],[-122.8073,49.23891],[-122.8073,49.23891],[-122.8073,49.23891],[-122.8073,49.23891],[-122.8073,49.23891],[-122.80731,49.23891],[-122.80731,49.2389],[-122.80731,49.2389],[-122.80731,49.2389],[-122.80731,49.2389],[-122.80731,49.2389],[-122.80731,49.2389],[-122.80731,49.2389],[-122.80731,49.2389],[-122.80731,49.2389],[-122.80731,49.23889],[-122.80731,49.23889],[-122.80731,49.23889],[-122.80731,49.23889],[-122.80731,49.23889],[-122.80731,49.23889],[-122.80731,49.23889],[-122.80731,49.23889],[-122.80731,49.23889],[-122.80731,49.23888],[-122.80731,49.23888],[-122.80731,49.23888],[-122.80731,49.23888],[-122.80731,49.23888],[-122.80731,49.23888],[-122.80731,49.23888],[-122.80731,49.23888],[-122.80731,49.23888],[-122.80732,49.23887],[-122.80732,49.23887],[-122.80732,49.23887],[-122.80732,49.23887],[-122.80732,49.23887],[-122.80732,49.23887],[-122.80732,49.23887],[-122.80732,49.23887],[-122.80732,49.23887],[-122.80732,49.23886],[-122.80732,49.23886],[-122.80732,49.23886],[-122.80732,49.23886],[-122.80732,49.23886],[-122.80732,49.23886],[-122.80732,49.23886],[-122.80732,49.23886],[-122.80732,49.23886],[-122.80732,49.23885],[-122.80732,49.23885],[-122.80732,49.23885],[-122.80732,49.23885],[-122.80732,49.23885],[-122.80732,49.23885],[-122.80732,49.23885],[-122.80732,49.23885],[-122.80732,49.23885],[-122.80733,49.23884],[-122.80733,49.23884],[-122.80733,49.23884],[-122.80733,49.23884],[-122.80733,49.23884],[-122.80733,49.23884],[-122.80733,49.23884],[-122.80733,49.23884],[-122.80733,49.23884],[-122.80733,49.23883],[-122.80733,49.23883],[-122.80733,49.23883],[-122.80733,49.23883],[-122.80733,49.23883],[-122.80733,49.23883],[-122.80733,49.23883],[-122.80733,49.23883],[-122.80733,49.23883],[-122.80733,49.23882],[-122.80733,49.23882],[-122.80733,49.23882],[-122.80733,49.23882],[-122.80733,49.23882],[-122.80733,49.23882],[-122.80734,49.23882],[-122.80734,49.23882],[-122.80734,49.23882],[-122.80734,49.23881],[-122.80734,49.23881],[-122.80734,49.23881],[-122.80734,49.23881],[-122.80734,49.23881],[-122.80734,49.23881],[-122.80734,49.23881],[-122.80734,49.23881],[-122.80734,49.23881],[-122.80734,49.2388],[-122.80734,49.2388],[-122.80734,49.2388],[-122.80734,49.2388],[-122.80734,49.2388],[-122.80734,49.2388],[-122.80734,49.2388],[-122.80734,49.2388],[-122.80734,49.2388],[-122.80734,49.23879],[-122.80735,49.23879],[-122.80735,49.23879],[-122.80735,49.23879],[-122.80735,49.23879],[-122.80735,49.23879],[-122.80735,49.23879],[-122.80735,49.23879],[-122.80735,49.23879],[-122.80735,49.23878],[-122.80735,49.23878],[-122.80735,49.23878],[-122.80735,49.23878],[-122.80735,49.23878],[-122.80735,49.23878],[-122.80735,49.23878],[-122.80735,49.23878],[-122.80735,49.23878],[-122.80735,49.23877],[-122.80735,49.23877],[-122.80735,49.23877],[-122.80736,49.23877],[-122.80736,49.23877],[-122.80736,49.23877],[-122.80736,49.23877],[-122.80736,49.23877],[-122.80736,49.23877],[-122.80736,49.23877],[-122.80736,49.23876],[-122.80736,49.23876],[-122.80736,49.23876],[-122.80736,49.23876],[-122.80736,49.23876],[-122.80736,49.23876],[-122.80736,49.23876],[-122.80736,49.23876],[-122.80736,49.23876],[-122.80736,49.23875],[-122.80736,49.23875],[-122.80736,49.23875],[-122.80736,49.23875],[-122.80737,49.23875],[-122.80737,49.23875],[-122.80737,49.23875],[-122.80737,49.23875],[-122.80737,49.23875],[-122.80737,49.23874],[-122.80737,49.23874],[-122.80737,49.23874],[-122.80737,49.23874],[-122.80737,49.23874],[-122.80737,49.23874],[-122.80737,49.23874],[-122.80737,49.23874],[-122.80737,49.23874],[-122.80737,49.23873],[-122.80737,49.23873],[-122.80737,49.23873],[-122.80737,49.23873],[-122.80737,49.23873],[-122.80737,49.23873],[-122.80737,49.23873],[-122.80737,49.23873],[-122.80737,49.23873],[-122.80738,49.23872],[-122.80738,49.23872],[-122.80738,49.23872],[-122.80738,49.23872],[-122.80738,49.23872],[-122.80738,49.23872],[-122.80738,49.23872],[-122.80738,49.23872],[-122.80738,49.23872],[-122.80738,49.23871],[-122.80738,49.23871],[-122.80738,49.23871],[-122.80738,49.23871],[-122.80738,49.23871],[-122.80738,49.23871],[-122.80738,49.23871],[-122.80738,49.23871],[-122.80738,49.23871],[-122.80738,49.2387],[-122.80738,49.2387],[-122.80738,49.2387],[-122.80738,49.2387],[-122.80738,49.2387],[-122.80738,49.2387],[-122.80738,49.2387],[-122.80738,49.2387],[-122.80738,49.2387],[-122.80739,49.23869],[-122.80739,49.23869],[-122.80739,49.23869],[-122.80739,49.23869],[-122.80739,49.23869],[-122.80739,49.23869],[-122.80739,49.23869],[-122.80739,49.23869],[-122.80739,49.23869],[-122.80739,49.23868],[-122.80739,49.23868],[-122.80739,49.23868],[-122.80739,49.23868],[-122.80739,49.23868],[-122.80739,49.23868],[-122.80739,49.23868],[-122.80739,49.23868],[-122.80739,49.23868],[-122.80739,49.23867],[-122.80739,49.23867],[-122.80739,49.23867],[-122.80739,49.23867],[-122.80739,49.23867],[-122.80739,49.23867],[-122.80739,49.23867],[-122.80739,49.23867],[-122.80739,49.23867],[-122.80739,49.23866],[-122.80739,49.23866],[-122.80739,49.23866],[-122.80739,49.23866],[-122.80739,49.23866],[-122.80739,49.23866],[-122.80739,49.23866],[-122.80739,49.23866],[-122.80739,49.23865],[-122.8074,49.23865],[-122.8074,49.23865],[-122.8074,49.23865],[-122.8074,49.23865],[-122.8074,49.23865],[-122.8074,49.23865],[-122.8074,49.23865],[-122.8074,49.23865],[-122.8074,49.23864],[-122.8074,49.23864],[-122.8074,49.23864],[-122.8074,49.23864],[-122.8074,49.23864],[-122.8074,49.23864],[-122.8074,49.23864],[-122.8074,49.23864],[-122.8074,49.23864],[-122.8074,49.23863],[-122.8074,49.23863],[-122.8074,49.23863],[-122.8074,49.23863],[-122.8074,49.23863],[-122.8074,49.23863],[-122.8074,49.23863],[-122.8074,49.23863],[-122.8074,49.23863],[-122.8074,49.23862],[-122.8074,49.23862],[-122.8074,49.23862],[-122.8074,49.23862],[-122.8074,49.23862],[-122.8074,49.23862],[-122.8074,49.23862],[-122.8074,49.23862],[-122.8074,49.23862],[-122.8074,49.23861],[-122.8074,49.23861],[-122.8074,49.23861],[-122.8074,49.23861],[-122.8074,49.23861],[-122.8074,49.23861],[-122.8074,49.23861],[-122.8074,49.23861],[-122.8074,49.23861],[-122.8074,49.2386],[-122.8074,49.2386],[-122.8074,49.2386],[-122.8074,49.2386],[-122.8074,49.2386],[-122.8074,49.2386],[-122.8074,49.2386],[-122.8074,49.2386],[-122.8074,49.23859],[-122.8074,49.23859],[-122.8074,49.23859],[-122.8074,49.23859],[-122.8074,49.23859],[-122.8074,49.23859],[-122.8074,49.23859],[-122.8074,49.23859],[-122.8074,49.23859],[-122.8074,49.23858],[-122.8074,49.23858],[-122.8074,49.23858],[-122.8074,49.23858],[-122.80739,49.23858],[-122.80739,49.23858],[-122.80739,49.23858],[-122.80739,49.23858],[-122.80739,49.23858],[-122.80739,49.23857],[-122.80739,49.23857],[-122.80739,49.23857],[-122.80739,49.23857],[-122.80739,49.23857],[-122.80739,49.23857],[-122.80739,49.23857],[-122.80739,49.23857],[-122.80739,49.23857],[-122.80739,49.23856],[-122.80739,49.23856],[-122.80739,49.23856],[-122.80739,49.23856],[-122.80739,49.23856],[-122.80739,49.23856],[-122.80739,49.23856],[-122.80739,49.23856],[-122.80739,49.23856],[-122.80739,49.23855],[-122.80739,49.23855],[-122.80739,49.23855],[-122.80739,49.23855],[-122.80739,49.23855],[-122.8074,49.23855],[-122.8074,49.23855],[-122.8074,49.23855],[-122.8074,49.23855],[-122.8074,49.23854],[-122.8074,49.23854],[-122.8074,49.23854],[-122.8074,49.23854],[-122.8074,49.23854],[-122.8074,49.23854],[-122.8074,49.23854],[-122.8074,49.23854],[-122.8074,49.23854],[-122.8074,49.23853],[-122.8074,49.23853],[-122.8074,49.23853],[-122.8074,49.23853],[-122.8074,49.23853],[-122.8074,49.23853],[-122.8074,49.23853],[-122.8074,49.23853],[-122.8074,49.23853],[-122.8074,49.23852],[-122.8074,49.23852],[-122.8074,49.23852],[-122.8074,49.23852],[-122.8074,49.23852],[-122.8074,49.23852],[-122.8074,49.23852],[-122.8074,49.23852],[-122.8074,49.23852],[-122.8074,49.23851],[-122.8074,49.23851],[-122.8074,49.23851],[-122.8074,49.23851],[-122.8074,49.23851],[-122.8074,49.23851],[-122.80741,49.23851],[-122.80741,49.23851],[-122.80741,49.23851],[-122.80741,49.2385],[-122.80741,49.2385],[-122.80741,49.2385],[-122.80741,49.2385],[-122.80741,49.2385],[-122.80741,49.2385],[-122.80741,49.2385],[-122.80741,49.2385],[-122.80741,49.23849],[-122.80741,49.23849],[-122.80741,49.23849],[-122.80741,49.23849],[-122.80741,49.23849],[-122.80741,49.23849],[-122.80741,49.23849],[-122.80741,49.23849],[-122.80741,49.23849],[-122.80741,49.23848],[-122.80741,49.23848],[-122.80741,49.23848],[-122.80741,49.23848],[-122.80741,49.23848],[-122.80741,49.23848],[-122.80741,49.23848],[-122.80741,49.23848],[-122.80741,49.23848],[-122.80741,49.23847],[-122.80741,49.23847],[-122.80741,49.23847],[-122.80741,49.23847],[-122.80741,49.23847],[-122.80741,49.23847],[-122.80741,49.23847],[-122.80741,49.23847],[-122.80741,49.23847],[-122.80741,49.23846],[-122.80741,49.23846],[-122.80741,49.23846],[-122.80741,49.23846],[-122.80741,49.23846],[-122.80741,49.23846],[-122.80741,49.23846],[-122.80741,49.23846],[-122.80741,49.23846],[-122.80741,49.23845],[-122.80741,49.23845],[-122.80741,49.23845],[-122.80741,49.23845],[-122.80741,49.23845],[-122.80741,49.23845],[-122.80741,49.23845],[-122.80741,49.23845],[-122.80741,49.23845],[-122.80741,49.23844],[-122.80741,49.23844],[-122.80741,49.23844],[-122.80741,49.23844],[-122.80741,49.23844],[-122.80741,49.23844],[-122.80741,49.23844],[-122.80741,49.23844],[-122.80741,49.23844],[-122.80741,49.23843],[-122.80741,49.23843],[-122.80741,49.23843],[-122.8074,49.23843],[-122.8074,49.23843],[-122.8074,49.23843],[-122.8074,49.23843],[-122.8074,49.23843],[-122.8074,49.23843],[-122.8074,49.23842],[-122.8074,49.23842],[-122.8074,49.23842],[-122.8074,49.23842],[-122.8074,49.23842],[-122.8074,49.23842],[-122.8074,49.23842],[-122.8074,49.23842],[-122.8074,49.23842],[-122.8074,49.23841],[-122.8074,49.23841],[-122.8074,49.23841],[-122.8074,49.23841],[-122.8074,49.23841],[-122.8074,49.23841],[-122.8074,49.23841],[-122.8074,49.23841],[-122.8074,49.2384],[-122.8074,49.2384],[-122.8074,49.2384],[-122.8074,49.2384],[-122.8074,49.2384],[-122.8074,49.2384],[-122.8074,49.2384],[-122.8074,49.2384],[-122.8074,49.2384],[-122.8074,49.23839],[-122.8074,49.23839],[-122.8074,49.23839],[-122.8074,49.23839],[-122.8074,49.23839],[-122.8074,49.23839],[-122.8074,49.23839],[-122.8074,49.23839],[-122.8074,49.23839],[-122.8074,49.23838],[-122.8074,49.23838],[-122.8074,49.23838],[-122.8074,49.23838],[-122.8074,49.23838],[-122.8074,49.23838],[-122.8074,49.23838],[-122.80739,49.23838],[-122.80739,49.23838],[-122.80739,49.23837],[-122.80739,49.23837],[-122.80739,49.23837],[-122.80739,49.23837],[-122.80739,49.23837],[-122.80739,49.23837],[-122.80739,49.23837],[-122.80739,49.23837],[-122.80739,49.23837],[-122.80739,49.23836],[-122.80739,49.23836],[-122.80739,49.23836],[-122.80739,49.23836],[-122.80739,49.23836],[-122.80739,49.23836],[-122.80739,49.23836],[-122.80739,49.23836],[-122.80739,49.23836],[-122.80739,49.23835],[-122.80739,49.23835],[-122.80739,49.23835],[-122.80739,49.23835],[-122.80739,49.23835],[-122.80739,49.23835],[-122.80739,49.23835],[-122.80739,49.23835],[-122.80739,49.23834],[-122.80739,49.23834],[-122.80739,49.23834],[-122.80739,49.23834],[-122.80739,49.23834],[-122.80739,49.23834],[-122.80739,49.23834],[-122.80739,49.23834],[-122.80739,49.23834],[-122.80739,49.23833],[-122.80739,49.23833],[-122.80739,49.23833],[-122.80739,49.23833],[-122.80739,49.23833],[-122.80739,49.23833],[-122.80739,49.23833],[-122.80739,49.23833],[-122.80739,49.23833],[-122.80739,49.23832],[-122.80739,49.23832],[-122.80739,49.23832],[-122.80739,49.23832],[-122.80739,49.23832],[-122.80739,49.23832],[-122.80739,49.23832],[-122.80739,49.23832],[-122.80739,49.23832],[-122.80739,49.23831],[-122.80739,49.23831],[-122.80739,49.23831],[-122.80739,49.23831],[-122.80739,49.23831],[-122.80739,49.23831],[-122.80739,49.23831],[-122.80739,49.23831],[-122.80739,49.23831],[-122.80739,49.2383],[-122.80739,49.2383],[-122.80739,49.2383],[-122.80739,49.2383],[-122.80739,49.2383],[-122.80739,49.2383],[-122.80739,49.2383],[-122.80739,49.2383],[-122.80739,49.23829],[-122.80739,49.23829],[-122.80739,49.23829],[-122.80739,49.23829],[-122.80739,49.23829],[-122.80739,49.23829],[-122.80739,49.23829],[-122.80739,49.23829],[-122.80739,49.23829],[-122.80739,49.23828],[-122.80739,49.23828],[-122.80739,49.23828],[-122.80739,49.23828],[-122.80739,49.23828],[-122.80739,49.23828],[-122.80739,49.23828],[-122.80739,49.23828],[-122.80739,49.23828],[-122.80739,49.23827],[-122.80739,49.23827],[-122.80739,49.23827],[-122.80739,49.23827],[-122.80739,49.23827],[-122.80739,49.23827],[-122.80739,49.23827],[-122.80739,49.23827],[-122.80739,49.23827],[-122.80739,49.23826],[-122.80739,49.23826],[-122.80739,49.23826],[-122.80739,49.23826],[-122.80739,49.23826],[-122.80739,49.23826],[-122.80739,49.23826],[-122.80739,49.23826],[-122.80739,49.23826],[-122.80739,49.23825],[-122.80739,49.23825],[-122.80739,49.23825],[-122.80739,49.23825],[-122.80739,49.23825],[-122.80739,49.23825],[-122.80739,49.23825],[-122.80739,49.23825],[-122.80739,49.23824],[-122.80739,49.23824],[-122.80739,49.23824],[-122.80739,49.23824],[-122.80739,49.23824],[-122.80739,49.23824],[-122.80739,49.23824],[-122.80739,49.23824],[-122.80739,49.23824],[-122.80739,49.23823],[-122.80738,49.23823],[-122.80738,49.23823],[-122.80738,49.23823],[-122.80738,49.23823],[-122.80738,49.23823],[-122.80738,49.23823],[-122.80738,49.23823],[-122.80738,49.23823],[-122.80738,49.23822],[-122.80738,49.23822],[-122.80738,49.23822],[-122.80738,49.23822],[-122.80738,49.23822],[-122.80738,49.23822],[-122.80738,49.23822],[-122.80738,49.23822],[-122.80738,49.23822],[-122.80738,49.23821],[-122.80738,49.23821],[-122.80738,49.23821],[-122.80738,49.23821],[-122.80738,49.23821],[-122.80738,49.23821],[-122.80738,49.23821],[-122.80738,49.23821],[-122.80738,49.23821],[-122.80738,49.2382],[-122.80738,49.2382],[-122.80738,49.2382],[-122.80738,49.2382],[-122.80738,49.2382],[-122.80738,49.2382],[-122.80738,49.2382],[-122.80738,49.2382],[-122.80738,49.23819],[-122.80738,49.23819],[-122.80738,49.23819],[-122.80738,49.23819],[-122.80738,49.23819],[-122.80738,49.23819],[-122.80738,49.23819],[-122.80738,49.23819],[-122.80738,49.23819],[-122.80738,49.23818],[-122.80738,49.23818],[-122.80738,49.23818],[-122.80738,49.23818],[-122.80738,49.23818],[-122.80738,49.23818],[-122.80738,49.23818],[-122.80738,49.23818],[-122.80738,49.23818],[-122.80738,49.23817],[-122.80738,49.23817],[-122.80738,49.23817],[-122.80738,49.23817],[-122.80738,49.23817],[-122.80738,49.23817],[-122.80738,49.23817],[-122.80738,49.23817],[-122.80738,49.23817],[-122.80738,49.23816],[-122.80738,49.23816],[-122.80738,49.23816],[-122.80738,49.23816],[-122.80738,49.23816],[-122.80738,49.23816],[-122.80738,49.23816],[-122.80738,49.23816],[-122.80738,49.23815],[-122.80738,49.23815],[-122.80738,49.23815],[-122.80738,49.23815],[-122.80738,49.23815],[-122.80738,49.23815],[-122.80738,49.23815],[-122.80738,49.23815],[-122.80738,49.23815],[-122.80738,49.23814],[-122.80738,49.23814],[-122.80738,49.23814],[-122.80738,49.23814],[-122.80738,49.23814],[-122.80738,49.23814],[-122.80738,49.23814],[-122.80738,49.23814],[-122.80738,49.23814],[-122.80738,49.23813],[-122.80738,49.23813],[-122.80738,49.23813],[-122.80738,49.23813],[-122.80738,49.23813],[-122.80738,49.23813],[-122.80738,49.23813],[-122.80738,49.23813],[-122.80738,49.23813],[-122.80738,49.23812],[-122.80738,49.23812],[-122.80738,49.23812],[-122.80738,49.23812],[-122.80738,49.23812],[-122.80738,49.23812],[-122.80738,49.23812],[-122.80738,49.23812],[-122.80738,49.23812],[-122.80738,49.23811],[-122.80738,49.23811],[-122.80738,49.23811],[-122.80738,49.23811],[-122.80738,49.23811],[-122.80738,49.23811],[-122.80738,49.23811],[-122.80738,49.23811],[-122.80738,49.23811],[-122.80738,49.2381],[-122.80738,49.2381],[-122.80738,49.2381],[-122.80738,49.2381],[-122.80738,49.2381],[-122.80738,49.2381],[-122.80738,49.2381],[-122.80738,49.2381],[-122.80738,49.23809],[-122.80738,49.23809],[-122.80738,49.23809],[-122.80738,49.23809],[-122.80738,49.23809],[-122.80738,49.23809],[-122.80738,49.23809],[-122.80738,49.23809],[-122.80738,49.23809],[-122.80738,49.23808],[-122.80738,49.23808],[-122.80738,49.23808],[-122.80738,49.23808],[-122.80738,49.23808],[-122.80738,49.23808],[-122.80738,49.23808],[-122.80738,49.23808],[-122.80738,49.23808],[-122.80737,49.23807],[-122.80737,49.23807],[-122.80737,49.23807],[-122.80737,49.23807],[-122.80737,49.23807],[-122.80737,49.23807],[-122.80737,49.23807],[-122.80737,49.23807],[-122.80737,49.23807],[-122.80737,49.23806],[-122.80737,49.23806],[-122.80737,49.23806],[-122.80737,49.23806],[-122.80737,49.23806],[-122.80737,49.23806],[-122.80737,49.23806],[-122.80737,49.23806],[-122.80737,49.23806],[-122.80737,49.23805],[-122.80737,49.23805],[-122.80737,49.23805],[-122.80737,49.23805],[-122.80737,49.23805],[-122.80737,49.23805],[-122.80737,49.23805],[-122.80737,49.23805],[-122.80737,49.23805],[-122.80737,49.23804],[-122.80737,49.23804],[-122.80737,49.23804],[-122.80737,49.23804],[-122.80737,49.23804],[-122.80737,49.23804],[-122.80737,49.23804],[-122.80737,49.23804],[-122.80737,49.23804],[-122.80737,49.23803],[-122.80737,49.23803],[-122.80737,49.23803],[-122.80737,49.23803],[-122.80737,49.23803],[-122.80737,49.23803],[-122.80737,49.23803],[-122.80737,49.23803],[-122.80737,49.23803],[-122.80737,49.23802],[-122.80737,49.23802],[-122.80737,49.23802],[-122.80737,49.23802],[-122.80737,49.23802],[-122.80737,49.23802],[-122.80737,49.23802],[-122.80737,49.23802],[-122.80737,49.23801],[-122.80737,49.23801],[-122.80737,49.23801],[-122.80737,49.23801],[-122.80737,49.23801],[-122.80737,49.23801],[-122.80737,49.23801],[-122.80737,49.23801],[-122.80737,49.23801],[-122.80737,49.238],[-122.80737,49.238],[-122.80737,49.238],[-122.80737,49.238],[-122.80737,49.238],[-122.80737,49.238],[-122.80737,49.238],[-122.80737,49.238],[-122.80737,49.238],[-122.80737,49.23799],[-122.80737,49.23799],[-122.80737,49.23799],[-122.80737,49.23799],[-122.80737,49.23799],[-122.80737,49.23799],[-122.80737,49.23799],[-122.80737,49.23799],[-122.80737,49.23799],[-122.80737,49.23798],[-122.80737,49.23798],[-122.80737,49.23798],[-122.80737,49.23798],[-122.80737,49.23798],[-122.80737,49.23798],[-122.80737,49.23798],[-122.80737,49.23798],[-122.80737,49.23798],[-122.80737,49.23797],[-122.80737,49.23797],[-122.80737,49.23797],[-122.80737,49.23797],[-122.80737,49.23797],[-122.80737,49.23797],[-122.80737,49.23797],[-122.80737,49.23797],[-122.80737,49.23797],[-122.80737,49.23796],[-122.80737,49.23796],[-122.80737,49.23796],[-122.80737,49.23796],[-122.80737,49.23796],[-122.80737,49.23796],[-122.80737,49.23796],[-122.80737,49.23796],[-122.80737,49.23796],[-122.80737,49.23795],[-122.80737,49.23795],[-122.80737,49.23795],[-122.80737,49.23795],[-122.80737,49.23795],[-122.80737,49.23795],[-122.80737,49.23795],[-122.80737,49.23795],[-122.80737,49.23794],[-122.80737,49.23794],[-122.80737,49.23794],[-122.80737,49.23794],[-122.80737,49.23794],[-122.80737,49.23794],[-122.80737,49.23794],[-122.80737,49.23794],[-122.80737,49.23794],[-122.80737,49.23793],[-122.80737,49.23793],[-122.80737,49.23793],[-122.80737,49.23793],[-122.80737,49.23793],[-122.80736,49.23793],[-122.80736,49.23793],[-122.80736,49.23793],[-122.80736,49.23793],[-122.80736,49.23792],[-122.80736,49.23792],[-122.80736,49.23792],[-122.80736,49.23792],[-122.80736,49.23792],[-122.80736,49.23792],[-122.80736,49.23792],[-122.80736,49.23792],[-122.80736,49.23792],[-122.80736,49.23791],[-122.80736,49.23791],[-122.80736,49.23791],[-122.80736,49.23791],[-122.80736,49.23791],[-122.80736,49.23791],[-122.80736,49.23791],[-122.80736,49.23791],[-122.80736,49.23791],[-122.80736,49.2379],[-122.80736,49.2379],[-122.80736,49.2379],[-122.80736,49.2379],[-122.80736,49.2379],[-122.80736,49.2379],[-122.80736,49.2379],[-122.80736,49.2379],[-122.80736,49.2379],[-122.80736,49.23789],[-122.80735,49.23789],[-122.80735,49.23789],[-122.80735,49.23789],[-122.80735,49.23789],[-122.80735,49.23789],[-122.80735,49.23789],[-122.80735,49.23789],[-122.80735,49.23789],[-122.80735,49.23788],[-122.80735,49.23788],[-122.80735,49.23788],[-122.80735,49.23788],[-122.80735,49.23788],[-122.80735,49.23788],[-122.80735,49.23788],[-122.80735,49.23788],[-122.80735,49.23788],[-122.80735,49.23787],[-122.80735,49.23787],[-122.80735,49.23787],[-122.80735,49.23787],[-122.80735,49.23787],[-122.80735,49.23787],[-122.80735,49.23787],[-122.80735,49.23787],[-122.80735,49.23787],[-122.80735,49.23786],[-122.80735,49.23786],[-122.80735,49.23786],[-122.80735,49.23786],[-122.80735,49.23786],[-122.80735,49.23786],[-122.80735,49.23786],[-122.80735,49.23786],[-122.80735,49.23785],[-122.80735,49.23785],[-122.80735,49.23785],[-122.80735,49.23785],[-122.80734,49.23785],[-122.80734,49.23785],[-122.80734,49.23785],[-122.80734,49.23785],[-122.80734,49.23785],[-122.80734,49.23784],[-122.80734,49.23784],[-122.80734,49.23784],[-122.80734,49.23784],[-122.80734,49.23784],[-122.80734,49.23784],[-122.80734,49.23784],[-122.80734,49.23784],[-122.80734,49.23784],[-122.80734,49.23783],[-122.80734,49.23783],[-122.80734,49.23783],[-122.80734,49.23783],[-122.80734,49.23783],[-122.80734,49.23783],[-122.80734,49.23783],[-122.80734,49.23783],[-122.80734,49.23783],[-122.80734,49.23782],[-122.80734,49.23782],[-122.80734,49.23782],[-122.80734,49.23782],[-122.80734,49.23782],[-122.80734,49.23782],[-122.80734,49.23782],[-122.80734,49.23782],[-122.80734,49.23782],[-122.80734,49.23781],[-122.80734,49.23781],[-122.80734,49.23781],[-122.80734,49.23781],[-122.80734,49.23781],[-122.80734,49.23781],[-122.80734,49.23781],[-122.80734,49.23781],[-122.80734,49.2378],[-122.80734,49.2378],[-122.80734,49.2378],[-122.80734,49.2378],[-122.80734,49.2378],[-122.80734,49.2378],[-122.80734,49.2378],[-122.80734,49.2378],[-122.80734,49.2378],[-122.80734,49.23779],[-122.80734,49.23779],[-122.80734,49.23779],[-122.80734,49.23779],[-122.80734,49.23779],[-122.80734,49.23779],[-122.80734,49.23779],[-122.80734,49.23779],[-122.80734,49.23779],[-122.80733,49.23778],[-122.80733,49.23778],[-122.80733,49.23778],[-122.80733,49.23778],[-122.80733,49.23778],[-122.80733,49.23778],[-122.80733,49.23778],[-122.80733,49.23778],[-122.80733,49.23778],[-122.80733,49.23777],[-122.80733,49.23777],[-122.80733,49.23777],[-122.80733,49.23777],[-122.80733,49.23777],[-122.80733,49.23777],[-122.80733,49.23777],[-122.80733,49.23777],[-122.80733,49.23777],[-122.80732,49.23777],[-122.80732,49.23776],[-122.80732,49.23776],[-122.80732,49.23776],[-122.80732,49.23776],[-122.80732,49.23776],[-122.80732,49.23776],[-122.80732,49.23776],[-122.80732,49.23776],[-122.80732,49.23776],[-122.80732,49.23775],[-122.80732,49.23775],[-122.80731,49.23775],[-122.80731,49.23775],[-122.80731,49.23775],[-122.80731,49.23775],[-122.80731,49.23775],[-122.80731,49.23775],[-122.80731,49.23775],[-122.80731,49.23775],[-122.80731,49.23774],[-122.80731,49.23774],[-122.80731,49.23774],[-122.80731,49.23774],[-122.8073,49.23774],[-122.8073,49.23774],[-122.8073,49.23774],[-122.8073,49.23774],[-122.8073,49.23774],[-122.8073,49.23774],[-122.8073,49.23773],[-122.8073,49.23773],[-122.8073,49.23773],[-122.8073,49.23773],[-122.80729,49.23773],[-122.80729,49.23773],[-122.80729,49.23773],[-122.80729,49.23773],[-122.80729,49.23773],[-122.80729,49.23773],[-122.80729,49.23772],[-122.80729,49.23772],[-122.80729,49.23772],[-122.80729,49.23772],[-122.80729,49.23772],[-122.80729,49.23772],[-122.80728,49.23772],[-122.80728,49.23772],[-122.80728,49.23772],[-122.80728,49.23772],[-122.80728,49.23771],[-122.80728,49.23771],[-122.80728,49.23771],[-122.80728,49.23771],[-122.80728,49.23771],[-122.80728,49.23771],[-122.80728,49.23771],[-122.80728,49.23771],[-122.80728,49.23771],[-122.80728,49.23771],[-122.80727,49.2377],[-122.80727,49.2377],[-122.80727,49.2377],[-122.80727,49.2377],[-122.80727,49.2377],[-122.80727,49.2377],[-122.80727,49.2377],[-122.80727,49.2377],[-122.80727,49.2377],[-122.80727,49.23769],[-122.80727,49.23769],[-122.80727,49.23769],[-122.80727,49.23769],[-122.80727,49.23769],[-122.80727,49.23769],[-122.80727,49.23769],[-122.80727,49.23769],[-122.80726,49.23769],[-122.80726,49.23768],[-122.80726,49.23768],[-122.80726,49.23768],[-122.80726,49.23768],[-122.80726,49.23768],[-122.80726,49.23768],[-122.80726,49.23768],[-122.80726,49.23768],[-122.80726,49.23768],[-122.80726,49.23768],[-122.80726,49.23767],[-122.80726,49.23767],[-122.80726,49.23767],[-122.80726,49.23767],[-122.80726,49.23767],[-122.80726,49.23767],[-122.80726,49.23767],[-122.80726,49.23767],[-122.80725,49.23767],[-122.80725,49.23766],[-122.80725,49.23766],[-122.80725,49.23766],[-122.80725,49.23766],[-122.80725,49.23766],[-122.80725,49.23766],[-122.80725,49.23766],[-122.80725,49.23766],[-122.80725,49.23766],[-122.80725,49.23765],[-122.80725,49.23765],[-122.80725,49.23765],[-122.80725,49.23765],[-122.80725,49.23765],[-122.80725,49.23765],[-122.80725,49.23765],[-122.80725,49.23765],[-122.80725,49.23765],[-122.80724,49.23764],[-122.80724,49.23764],[-122.80724,49.23764],[-122.80724,49.23764],[-122.80724,49.23764],[-122.80724,49.23764],[-122.80724,49.23764],[-122.80724,49.23764],[-122.80724,49.23764],[-122.80724,49.23763],[-122.80724,49.23763],[-122.80724,49.23763],[-122.80724,49.23763],[-122.80724,49.23763],[-122.80724,49.23763],[-122.80724,49.23763],[-122.80724,49.23763],[-122.80724,49.23763],[-122.80723,49.23763],[-122.80723,49.23762],[-122.80723,49.23762],[-122.80723,49.23762],[-122.80723,49.23762],[-122.80723,49.23762],[-122.80723,49.23762],[-122.80723,49.23762],[-122.80723,49.23762],[-122.80723,49.23762],[-122.80723,49.23761],[-122.80723,49.23761],[-122.80723,49.23761],[-122.80723,49.23761],[-122.80723,49.23761],[-122.80723,49.23761],[-122.80723,49.23761],[-122.80722,49.23761],[-122.80722,49.23761],[-122.80722,49.2376],[-122.80722,49.2376],[-122.80722,49.2376],[-122.80722,49.2376],[-122.80722,49.2376],[-122.80722,49.2376],[-122.80722,49.2376],[-122.80722,49.2376],[-122.80722,49.2376],[-122.80722,49.2376],[-122.80722,49.23759],[-122.80722,49.23759],[-122.80722,49.23759],[-122.80721,49.23759],[-122.80721,49.23759],[-122.80721,49.23759],[-122.80721,49.23759],[-122.80721,49.23759],[-122.80721,49.23759],[-122.80721,49.23758],[-122.80721,49.23758],[-122.80721,49.23758],[-122.80721,49.23758],[-122.80721,49.23758],[-122.80721,49.23758],[-122.80721,49.23758],[-122.80721,49.23758],[-122.80721,49.23758],[-122.8072,49.23758],[-122.8072,49.23757],[-122.8072,49.23757],[-122.8072,49.23757],[-122.8072,49.23757],[-122.8072,49.23757],[-122.8072,49.23757],[-122.8072,49.23757],[-122.8072,49.23757],[-122.8072,49.23757],[-122.8072,49.23756],[-122.8072,49.23756],[-122.8072,49.23756],[-122.8072,49.23756],[-122.8072,49.23756],[-122.80719,49.23756],[-122.80719,49.23756],[-122.80719,49.23756],[-122.80719,49.23756],[-122.80719,49.23756],[-122.80719,49.23755],[-122.80719,49.23755],[-122.80719,49.23755],[-122.80719,49.23755],[-122.80719,49.23755],[-122.80719,49.23755],[-122.80719,49.23755],[-122.80719,49.23755],[-122.80719,49.23755],[-122.80718,49.23754],[-122.80718,49.23754],[-122.80718,49.23754],[-122.80718,49.23754],[-122.80718,49.23754],[-122.80718,49.23754],[-122.80718,49.23754],[-122.80718,49.23754],[-122.80718,49.23754],[-122.80718,49.23754],[-122.80718,49.23753],[-122.80718,49.23753],[-122.80718,49.23753],[-122.80717,49.23753],[-122.80717,49.23753],[-122.80717,49.23753],[-122.80717,49.23753],[-122.80717,49.23753],[-122.80717,49.23753],[-122.80717,49.23753],[-122.80717,49.23752],[-122.80717,49.23752],[-122.80717,49.23752],[-122.80717,49.23752],[-122.80717,49.23752],[-122.80717,49.23752],[-122.80717,49.23752],[-122.80716,49.23752],[-122.80716,49.23752],[-122.80716,49.23751],[-122.80716,49.23751],[-122.80716,49.23751],[-122.80716,49.23751],[-122.80716,49.23751],[-122.80716,49.23751],[-122.80716,49.23751],[-122.80716,49.23751],[-122.80716,49.23751],[-122.80716,49.23751],[-122.80716,49.2375],[-122.80715,49.2375],[-122.80715,49.2375],[-122.80715,49.2375],[-122.80715,49.2375],[-122.80715,49.2375],[-122.80715,49.2375],[-122.80715,49.2375],[-122.80715,49.2375],[-122.80715,49.23749],[-122.80715,49.23749],[-122.80715,49.23749],[-122.80715,49.23749],[-122.80715,49.23749],[-122.80714,49.23749],[-122.80714,49.23749],[-122.80714,49.23749],[-122.80714,49.23749],[-122.80714,49.23749],[-122.80714,49.23749],[-122.80714,49.23748],[-122.80714,49.23748],[-122.80714,49.23748],[-122.80714,49.23748],[-122.80714,49.23748],[-122.80714,49.23748],[-122.80714,49.23748],[-122.80713,49.23748],[-122.80713,49.23748],[-122.80713,49.23747],[-122.80713,49.23747],[-122.80713,49.23747],[-122.80713,49.23747],[-122.80713,49.23747],[-122.80713,49.23747],[-122.80713,49.23747],[-122.80713,49.23747],[-122.80713,49.23747],[-122.80713,49.23747],[-122.80712,49.23746],[-122.80712,49.23746],[-122.80712,49.23746],[-122.80712,49.23746],[-122.80712,49.23746],[-122.80712,49.23746],[-122.80712,49.23746],[-122.80712,49.23746],[-122.80712,49.23746],[-122.80712,49.23746],[-122.80712,49.23745],[-122.80712,49.23745],[-122.80711,49.23745],[-122.80711,49.23745],[-122.80711,49.23745],[-122.80711,49.23745],[-122.80711,49.23745],[-122.80711,49.23745],[-122.80711,49.23745],[-122.80711,49.23745],[-122.80711,49.23744],[-122.80711,49.23744],[-122.80711,49.23744],[-122.80711,49.23744],[-122.8071,49.23744],[-122.8071,49.23744],[-122.8071,49.23744],[-122.8071,49.23744],[-122.8071,49.23744],[-122.8071,49.23744],[-122.8071,49.23743],[-122.8071,49.23743],[-122.8071,49.23743],[-122.8071,49.23743],[-122.8071,49.23743],[-122.80709,49.23743],[-122.80709,49.23743],[-122.80709,49.23743],[-122.80709,49.23743],[-122.80709,49.23742],[-122.80709,49.23742],[-122.80709,49.23742],[-122.80709,49.23742],[-122.80709,49.23742],[-122.80709,49.23742],[-122.80709,49.23742],[-122.80708,49.23742],[-122.80708,49.23742],[-122.80708,49.23741],[-122.80708,49.23741],[-122.80708,49.23741],[-122.80708,49.23741],[-122.80708,49.23741],[-122.80708,49.23741],[-122.80708,49.23741],[-122.80708,49.23741],[-122.80708,49.23741],[-122.80708,49.23741],[-122.80707,49.23741],[-122.80707,49.2374],[-122.80707,49.2374],[-122.80707,49.2374],[-122.80707,49.2374],[-122.80707,49.2374],[-122.80707,49.2374],[-122.80707,49.2374],[-122.80707,49.2374],[-122.80707,49.23739],[-122.80706,49.23739],[-122.80706,49.23739],[-122.80706,49.23739],[-122.80706,49.23739],[-122.80706,49.23739],[-122.80706,49.23739],[-122.80706,49.23739],[-122.80706,49.23739],[-122.80706,49.23738],[-122.80706,49.23738],[-122.80706,49.23738],[-122.80705,49.23738],[-122.80705,49.23738],[-122.80705,49.23738],[-122.80705,49.23738],[-122.80705,49.23738],[-122.80705,49.23738],[-122.80705,49.23738],[-122.80705,49.23737],[-122.80705,49.23737],[-122.80704,49.23737],[-122.80704,49.23737],[-122.80704,49.23737],[-122.80704,49.23737],[-122.80704,49.23737],[-122.80704,49.23737],[-122.80704,49.23737],[-122.80704,49.23736],[-122.80704,49.23736],[-122.80704,49.23736],[-122.80703,49.23736],[-122.80703,49.23736],[-122.80703,49.23736],[-122.80703,49.23736],[-122.80703,49.23736],[-122.80703,49.23736],[-122.80703,49.23735],[-122.80703,49.23735],[-122.80703,49.23735],[-122.80703,49.23735],[-122.80702,49.23735],[-122.80702,49.23735],[-122.80702,49.23735],[-122.80702,49.23735],[-122.80702,49.23735],[-122.80702,49.23734],[-122.80702,49.23734],[-122.80702,49.23734],[-122.80702,49.23734],[-122.80702,49.23734],[-122.80701,49.23734],[-122.80701,49.23734],[-122.80701,49.23734],[-122.80701,49.23734],[-122.80701,49.23733],[-122.80701,49.23733],[-122.80701,49.23733],[-122.80701,49.23733],[-122.80701,49.23733],[-122.80701,49.23733],[-122.807,49.23733],[-122.807,49.23733],[-122.807,49.23733],[-122.807,49.23733],[-122.807,49.23732],[-122.807,49.23732],[-122.807,49.23732],[-122.807,49.23732],[-122.807,49.23732],[-122.807,49.23732],[-122.807,49.23732],[-122.80699,49.23732],[-122.80699,49.23732],[-122.80699,49.23732],[-122.80699,49.23731],[-122.80699,49.23731],[-122.80699,49.23731],[-122.80699,49.23731],[-122.80699,49.23731],[-122.80699,49.23731],[-122.80698,49.23731],[-122.80698,49.23731],[-122.80698,49.23731],[-122.80698,49.23731],[-122.80698,49.2373],[-122.80698,49.2373],[-122.80698,49.2373],[-122.80698,49.2373],[-122.80698,49.2373],[-122.80697,49.2373],[-122.80697,49.2373],[-122.80697,49.2373],[-122.80697,49.2373],[-122.80697,49.23729],[-122.80697,49.23729],[-122.80697,49.23729],[-122.80697,49.23729],[-122.80697,49.23729],[-122.80697,49.23729],[-122.80696,49.23729],[-122.80696,49.23729],[-122.80696,49.23729],[-122.80696,49.23729],[-122.80696,49.23728],[-122.80696,49.23728],[-122.80696,49.23728],[-122.80696,49.23728],[-122.80696,49.23728],[-122.80695,49.23728],[-122.80695,49.23728],[-122.80695,49.23728],[-122.80695,49.23728],[-122.80695,49.23728],[-122.80695,49.23727],[-122.80695,49.23727],[-122.80695,49.23727],[-122.80695,49.23727],[-122.80694,49.23727],[-122.80694,49.23727],[-122.80694,49.23727],[-122.80694,49.23727],[-122.80694,49.23727],[-122.80694,49.23727],[-122.80694,49.23726],[-122.80694,49.23726],[-122.80694,49.23726],[-122.80693,49.23726],[-122.80693,49.23726],[-122.80693,49.23726],[-122.80693,49.23726],[-122.80693,49.23726],[-122.80693,49.23726],[-122.80693,49.23725],[-122.80693,49.23725],[-122.80693,49.23725],[-122.80692,49.23725],[-122.80692,49.23725],[-122.80692,49.23725],[-122.80692,49.23725],[-122.80692,49.23725],[-122.80692,49.23725],[-122.80692,49.23725],[-122.80692,49.23724],[-122.80691,49.23724],[-122.80691,49.23724],[-122.80691,49.23724],[-122.80691,49.23724],[-122.80691,49.23724],[-122.80691,49.23724],[-122.80691,49.23724],[-122.80691,49.23724],[-122.80691,49.23723],[-122.8069,49.23723],[-122.8069,49.23723],[-122.8069,49.23723],[-122.8069,49.23723],[-122.8069,49.23723],[-122.8069,49.23723],[-122.8069,49.23723],[-122.8069,49.23723],[-122.80689,49.23722],[-122.80689,49.23722],[-122.80689,49.23722],[-122.80689,49.23722],[-122.80689,49.23722],[-122.80689,49.23722],[-122.80689,49.23722],[-122.80689,49.23722],[-122.80688,49.23722],[-122.80688,49.23721],[-122.80688,49.23721],[-122.80688,49.23721],[-122.80688,49.23721],[-122.80688,49.23721],[-122.80688,49.23721],[-122.80687,49.23721],[-122.80687,49.23721],[-122.80687,49.23721],[-122.80687,49.2372],[-122.80687,49.2372],[-122.80687,49.2372],[-122.80687,49.2372],[-122.80687,49.2372],[-122.80686,49.2372],[-122.80686,49.2372],[-122.80686,49.2372],[-122.80686,49.2372],[-122.80686,49.23719],[-122.80686,49.23719],[-122.80686,49.23719],[-122.80686,49.23719],[-122.80685,49.23719],[-122.80685,49.23719],[-122.80685,49.23719],[-122.80685,49.23719],[-122.80685,49.23719],[-122.80685,49.23718],[-122.80685,49.23718],[-122.80685,49.23718],[-122.80684,49.23718],[-122.80684,49.23718],[-122.80684,49.23718],[-122.80684,49.23718],[-122.80684,49.23718],[-122.80684,49.23718],[-122.80684,49.23717],[-122.80683,49.23717],[-122.80683,49.23717],[-122.80683,49.23717],[-122.80683,49.23717],[-122.80683,49.23717],[-122.80683,49.23717],[-122.80683,49.23717],[-122.80682,49.23717],[-122.80682,49.23716],[-122.80682,49.23716],[-122.80682,49.23716],[-122.80682,49.23716],[-122.80682,49.23716],[-122.80682,49.23716],[-122.80682,49.23716],[-122.80681,49.23716],[-122.80681,49.23716],[-122.80681,49.23715],[-122.80681,49.23715],[-122.80681,49.23715],[-122.80681,49.23715],[-122.80681,49.23715],[-122.80681,49.23715],[-122.80681,49.23715],[-122.8068,49.23715],[-122.8068,49.23715],[-122.8068,49.23714],[-122.8068,49.23714],[-122.8068,49.23714],[-122.8068,49.23714],[-122.8068,49.23714],[-122.80679,49.23714],[-122.80679,49.23714],[-122.80679,49.23714],[-122.80679,49.23714],[-122.80679,49.23713],[-122.80679,49.23713],[-122.80679,49.23713],[-122.80679,49.23713],[-122.80678,49.23713],[-122.80678,49.23713],[-122.80678,49.23713],[-122.80678,49.23713],[-122.80678,49.23713],[-122.80678,49.23713],[-122.80678,49.23712],[-122.80677,49.23712],[-122.80677,49.23712],[-122.80677,49.23712],[-122.80677,49.23712],[-122.80677,49.23712],[-122.80677,49.23712],[-122.80677,49.23712],[-122.80677,49.23712],[-122.80676,49.23711],[-122.80676,49.23711],[-122.80676,49.23711],[-122.80676,49.23711],[-122.80676,49.23711],[-122.80676,49.23711],[-122.80676,49.23711],[-122.80676,49.23711],[-122.80675,49.23711],[-122.80675,49.2371],[-122.80675,49.2371],[-122.80675,49.2371],[-122.80675,49.2371],[-122.80675,49.2371],[-122.80675,49.2371],[-122.80674,49.2371],[-122.80674,49.2371],[-122.80674,49.2371],[-122.80674,49.23709],[-122.80674,49.23709],[-122.80674,49.23709],[-122.80674,49.23709],[-122.80673,49.23709],[-122.80673,49.23709],[-122.80673,49.23709],[-122.80673,49.23709],[-122.80673,49.23709],[-122.80673,49.23708],[-122.80673,49.23708],[-122.80673,49.23708],[-122.80672,49.23708],[-122.80672,49.23708],[-122.80672,49.23708],[-122.80672,49.23708],[-122.80672,49.23708],[-122.80672,49.23707],[-122.80672,49.23707],[-122.80671,49.23707],[-122.80671,49.23707],[-122.80671,49.23707],[-122.80671,49.23707],[-122.80671,49.23707],[-122.80671,49.23707],[-122.80671,49.23707],[-122.80671,49.23707],[-122.8067,49.23706],[-122.8067,49.23706],[-122.8067,49.23706],[-122.8067,49.23706],[-122.8067,49.23706],[-122.8067,49.23706],[-122.8067,49.23706],[-122.8067,49.23706],[-122.80669,49.23706],[-122.80669,49.23705],[-122.80669,49.23705],[-122.80669,49.23705],[-122.80669,49.23705],[-122.80669,49.23705],[-122.80669,49.23705],[-122.80669,49.23705],[-122.80668,49.23705],[-122.80668,49.23705],[-122.80668,49.23704],[-122.80668,49.23704],[-122.80668,49.23704],[-122.80668,49.23704],[-122.80668,49.23704],[-122.80667,49.23704],[-122.80667,49.23704],[-122.80667,49.23704],[-122.80667,49.23704],[-122.80667,49.23703],[-122.80667,49.23703],[-122.80667,49.23703],[-122.80667,49.23703],[-122.80666,49.23703],[-122.80666,49.23703],[-122.80666,49.23703],[-122.80666,49.23703],[-122.80666,49.23703],[-122.80666,49.23703],[-122.80666,49.23702],[-122.80665,49.23702],[-122.80665,49.23702],[-122.80665,49.23702],[-122.80665,49.23702],[-122.80665,49.23702],[-122.80665,49.23702],[-122.80665,49.23702],[-122.80664,49.23702],[-122.80664,49.23701],[-122.80664,49.23701],[-122.80664,49.23701],[-122.80664,49.23701],[-122.80664,49.23701],[-122.80664,49.23701],[-122.80664,49.23701],[-122.80663,49.23701],[-122.80663,49.23701],[-122.80663,49.237],[-122.80663,49.237],[-122.80663,49.237],[-122.80663,49.237],[-122.80663,49.237],[-122.80662,49.237],[-122.80662,49.237],[-122.80662,49.237],[-122.80662,49.237],[-122.80662,49.237],[-122.80662,49.23699],[-122.80662,49.23699],[-122.80662,49.23699],[-122.80661,49.23699],[-122.80661,49.23699],[-122.80661,49.23699],[-122.80661,49.23699],[-122.80661,49.23699],[-122.80661,49.23699],[-122.80661,49.23698],[-122.8066,49.23698],[-122.8066,49.23698],[-122.8066,49.23698],[-122.8066,49.23698],[-122.8066,49.23698],[-122.8066,49.23698],[-122.8066,49.23698],[-122.80659,49.23698],[-122.80659,49.23697],[-122.80659,49.23697],[-122.80659,49.23697],[-122.80659,49.23697],[-122.80659,49.23697],[-122.80659,49.23697],[-122.80659,49.23697],[-122.80658,49.23697],[-122.80658,49.23697],[-122.80658,49.23697],[-122.80658,49.23696],[-122.80658,49.23696],[-122.80658,49.23696],[-122.80658,49.23696],[-122.80658,49.23696],[-122.80657,49.23696],[-122.80657,49.23696],[-122.80657,49.23696],[-122.80657,49.23696],[-122.80657,49.23696],[-122.80657,49.23695],[-122.80657,49.23695],[-122.80656,49.23695],[-122.80656,49.23695],[-122.80656,49.23695],[-122.80656,49.23695],[-122.80656,49.23695],[-122.80656,49.23695],[-122.80656,49.23695],[-122.80655,49.23694],[-122.80655,49.23694],[-122.80655,49.23694],[-122.80655,49.23694],[-122.80655,49.23694],[-122.80655,49.23694],[-122.80655,49.23694],[-122.80654,49.23694],[-122.80654,49.23694],[-122.80654,49.23694],[-122.80654,49.23693],[-122.80654,49.23693],[-122.80654,49.23693],[-122.80654,49.23693],[-122.80653,49.23693],[-122.80653,49.23693],[-122.80653,49.23693],[-122.80653,49.23693],[-122.80653,49.23693],[-122.80653,49.23692],[-122.80653,49.23692],[-122.80652,49.23692],[-122.80652,49.23692],[-122.80652,49.23692],[-122.80652,49.23692],[-122.80652,49.23692],[-122.80652,49.23692],[-122.80652,49.23692],[-122.80651,49.23691],[-122.80651,49.23691],[-122.80651,49.23691],[-122.80651,49.23691],[-122.80651,49.23691],[-122.80651,49.23691],[-122.80651,49.23691],[-122.8065,49.23691],[-122.8065,49.23691],[-122.8065,49.23691],[-122.8065,49.23691],[-122.8065,49.2369],[-122.8065,49.2369],[-122.8065,49.2369],[-122.80649,49.2369],[-122.80649,49.2369],[-122.80649,49.2369],[-122.80649,49.2369],[-122.80649,49.2369],[-122.80649,49.2369],[-122.80649,49.23689],[-122.80648,49.23689],[-122.80648,49.23689],[-122.80648,49.23689],[-122.80648,49.23689],[-122.80648,49.23689],[-122.80648,49.23689],[-122.80648,49.23689],[-122.80647,49.23689],[-122.80647,49.23689],[-122.80647,49.23688],[-122.80647,49.23688],[-122.80647,49.23688],[-122.80647,49.23688],[-122.80646,49.23688],[-122.80646,49.23688],[-122.80646,49.23688],[-122.80646,49.23688],[-122.80646,49.23688],[-122.80646,49.23687],[-122.80645,49.23687],[-122.80645,49.23687],[-122.80645,49.23687],[-122.80645,49.23687],[-122.80645,49.23687],[-122.80645,49.23687],[-122.80645,49.23687],[-122.80644,49.23687],[-122.80644,49.23686],[-122.80644,49.23686],[-122.80644,49.23686],[-122.80644,49.23686],[-122.80644,49.23686],[-122.80643,49.23686],[-122.80643,49.23686],[-122.80643,49.23686],[-122.80643,49.23686],[-122.80643,49.23686],[-122.80643,49.23685],[-122.80642,49.23685],[-122.80642,49.23685],[-122.80642,49.23685],[-122.80642,49.23685],[-122.80642,49.23685],[-122.80642,49.23685],[-122.80642,49.23685],[-122.80641,49.23685],[-122.80641,49.23684],[-122.80641,49.23684],[-122.80641,49.23684],[-122.80641,49.23684],[-122.8064,49.23684],[-122.8064,49.23684],[-122.8064,49.23684],[-122.8064,49.23684],[-122.8064,49.23684],[-122.8064,49.23684],[-122.8064,49.23683],[-122.80639,49.23683],[-122.80639,49.23683],[-122.80639,49.23683],[-122.80639,49.23683],[-122.80639,49.23683],[-122.80639,49.23683],[-122.80638,49.23683],[-122.80638,49.23683],[-122.80638,49.23682],[-122.80638,49.23682],[-122.80638,49.23682],[-122.80638,49.23682],[-122.80638,49.23682],[-122.80637,49.23682],[-122.80637,49.23682],[-122.80637,49.23682],[-122.80637,49.23682],[-122.80637,49.23682],[-122.80636,49.23681],[-122.80636,49.23681],[-122.80636,49.23681],[-122.80636,49.23681],[-122.80636,49.23681],[-122.80636,49.23681],[-122.80636,49.23681],[-122.80635,49.23681],[-122.80635,49.23681],[-122.80635,49.23681],[-122.80635,49.23681],[-122.80635,49.2368],[-122.80635,49.2368],[-122.80635,49.2368],[-122.80634,49.2368],[-122.80634,49.2368],[-122.80634,49.2368],[-122.80634,49.2368],[-122.80634,49.2368],[-122.80634,49.2368],[-122.80633,49.2368],[-122.80633,49.23679],[-122.80633,49.23679],[-122.80633,49.23679],[-122.80633,49.23679],[-122.80633,49.23679],[-122.80632,49.23679],[-122.80632,49.23679],[-122.80632,49.23679],[-122.80632,49.23679],[-122.80632,49.23679],[-122.80632,49.23678],[-122.80632,49.23678],[-122.80631,49.23678],[-122.80631,49.23678],[-122.80631,49.23678],[-122.80631,49.23678],[-122.80631,49.23678],[-122.80631,49.23678],[-122.8063,49.23678],[-122.8063,49.23678],[-122.8063,49.23678],[-122.8063,49.23677],[-122.8063,49.23677],[-122.8063,49.23677],[-122.80629,49.23677],[-122.80629,49.23677],[-122.80629,49.23677],[-122.80629,49.23677],[-122.80629,49.23677],[-122.80629,49.23677],[-122.80629,49.23677],[-122.80628,49.23676],[-122.80628,49.23676],[-122.80628,49.23676],[-122.80628,49.23676],[-122.80628,49.23676],[-122.80628,49.23676],[-122.80627,49.23676],[-122.80627,49.23676],[-122.80627,49.23676],[-122.80627,49.23676],[-122.80627,49.23676],[-122.80627,49.23676],[-122.80627,49.23675],[-122.80626,49.23675],[-122.80626,49.23675],[-122.80626,49.23675],[-122.80626,49.23675],[-122.80626,49.23675],[-122.80626,49.23675],[-122.80625,49.23675],[-122.80625,49.23675],[-122.80625,49.23675],[-122.80625,49.23674],[-122.80625,49.23674],[-122.80625,49.23674],[-122.80624,49.23674],[-122.80624,49.23674],[-122.80624,49.23674],[-122.80624,49.23674],[-122.80624,49.23674],[-122.80624,49.23674],[-122.80623,49.23674],[-122.80623,49.23674],[-122.80623,49.23673],[-122.80623,49.23673],[-122.80623,49.23673],[-122.80623,49.23673],[-122.80623,49.23673],[-122.80622,49.23673],[-122.80622,49.23673],[-122.80622,49.23673],[-122.80622,49.23673],[-122.80622,49.23673],[-122.80622,49.23673],[-122.80621,49.23673],[-122.80621,49.23673],[-122.80621,49.23672],[-122.80621,49.23672],[-122.80621,49.23672],[-122.80621,49.23672],[-122.8062,49.23672],[-122.8062,49.23672],[-122.8062,49.23672],[-122.8062,49.23672],[-122.8062,49.23672],[-122.8062,49.23672],[-122.8062,49.23672],[-122.80619,49.23671],[-122.80619,49.23671],[-122.80619,49.23671],[-122.80619,49.23671],[-122.80619,49.23671],[-122.80619,49.23671],[-122.80619,49.23671],[-122.80618,49.23671],[-122.80618,49.23671],[-122.80618,49.23671],[-122.80618,49.23671],[-122.80618,49.23671],[-122.80618,49.23671],[-122.80617,49.2367],[-122.80617,49.2367],[-122.80617,49.2367],[-122.80617,49.2367],[-122.80617,49.2367],[-122.80617,49.2367],[-122.80616,49.2367],[-122.80616,49.2367],[-122.80616,49.2367],[-122.80616,49.2367],[-122.80616,49.2367],[-122.80616,49.2367],[-122.80616,49.2367],[-122.80615,49.23669],[-122.80615,49.23669],[-122.80615,49.23669],[-122.80615,49.23669],[-122.80615,49.23669],[-122.80615,49.23669],[-122.80615,49.23669],[-122.80614,49.23669],[-122.80614,49.23669],[-122.80614,49.23669],[-122.80614,49.23669],[-122.80614,49.23669],[-122.80613,49.23668],[-122.80613,49.23668],[-122.80613,49.23668],[-122.80613,49.23668],[-122.80613,49.23668],[-122.80613,49.23668],[-122.80613,49.23668],[-122.80612,49.23668],[-122.80612,49.23668],[-122.80612,49.23668],[-122.80612,49.23668],[-122.80612,49.23668],[-122.80612,49.23668],[-122.80611,49.23667],[-122.80611,49.23667],[-122.80611,49.23667],[-122.80611,49.23667],[-122.80611,49.23667],[-122.80611,49.23667],[-122.8061,49.23667],[-122.8061,49.23667],[-122.8061,49.23667],[-122.8061,49.23667],[-122.8061,49.23667],[-122.8061,49.23667],[-122.80609,49.23667],[-122.80609,49.23666],[-122.80609,49.23666],[-122.80609,49.23666],[-122.80609,49.23666],[-122.80609,49.23666],[-122.80608,49.23666],[-122.80608,49.23666],[-122.80608,49.23666],[-122.80608,49.23666],[-122.80608,49.23666],[-122.80608,49.23666],[-122.80607,49.23666],[-122.80607,49.23666],[-122.80607,49.23665],[-122.80607,49.23665],[-122.80607,49.23665],[-122.80607,49.23665],[-122.80606,49.23665],[-122.80606,49.23665],[-122.80606,49.23665],[-122.80606,49.23665],[-122.80606,49.23665],[-122.80606,49.23665],[-122.80606,49.23665],[-122.80605,49.23665],[-122.80605,49.23665],[-122.80605,49.23665],[-122.80605,49.23665],[-122.80605,49.23664],[-122.80605,49.23664],[-122.80605,49.23664],[-122.80604,49.23664],[-122.80604,49.23664],[-122.80604,49.23664],[-122.80604,49.23664],[-122.80604,49.23664],[-122.80604,49.23664],[-122.80603,49.23664],[-122.80603,49.23664],[-122.80603,49.23664],[-122.80603,49.23664],[-122.80603,49.23664],[-122.80603,49.23663],[-122.80602,49.23663],[-122.80602,49.23663],[-122.80602,49.23663],[-122.80602,49.23663],[-122.80602,49.23663],[-122.80601,49.23663],[-122.80601,49.23663],[-122.80601,49.23663],[-122.80601,49.23663],[-122.80601,49.23663],[-122.80601,49.23663],[-122.80601,49.23663],[-122.806,49.23663],[-122.806,49.23662],[-122.806,49.23662],[-122.806,49.23662],[-122.806,49.23662],[-122.806,49.23662],[-122.80599,49.23662],[-122.80599,49.23662],[-122.80599,49.23662],[-122.80599,49.23662],[-122.80599,49.23662],[-122.80598,49.23662],[-122.80598,49.23662],[-122.80598,49.23662],[-122.80598,49.23662],[-122.80598,49.23661],[-122.80598,49.23661],[-122.80598,49.23661],[-122.80597,49.23661],[-122.80597,49.23661],[-122.80597,49.23661],[-122.80597,49.23661],[-122.80597,49.23661],[-122.80597,49.23661],[-122.80596,49.23661],[-122.80596,49.23661],[-122.80596,49.23661],[-122.80596,49.23661],[-122.80596,49.23661],[-122.80595,49.23661],[-122.80595,49.2366],[-122.80595,49.2366],[-122.80595,49.2366],[-122.80595,49.2366],[-122.80595,49.2366],[-122.80594,49.2366],[-122.80594,49.2366],[-122.80594,49.2366],[-122.80594,49.2366],[-122.80594,49.2366],[-122.80594,49.2366],[-122.80593,49.2366],[-122.80593,49.2366],[-122.80593,49.2366],[-122.80593,49.2366],[-122.80593,49.2366],[-122.80593,49.23659],[-122.80593,49.23659],[-122.80592,49.23659],[-122.80592,49.23659],[-122.80592,49.23659],[-122.80592,49.23659],[-122.80592,49.23659],[-122.80592,49.23659],[-122.80591,49.23659],[-122.80591,49.23659],[-122.80591,49.23659],[-122.80591,49.23659],[-122.80591,49.23659],[-122.80591,49.23659],[-122.8059,49.23659],[-122.8059,49.23659],[-122.8059,49.23658],[-122.8059,49.23658],[-122.8059,49.23658],[-122.8059,49.23658],[-122.80589,49.23658],[-122.80589,49.23658],[-122.80589,49.23658],[-122.80589,49.23658],[-122.80589,49.23658],[-122.80588,49.23658],[-122.80588,49.23658],[-122.80588,49.23658],[-122.80588,49.23658],[-122.80588,49.23658],[-122.80588,49.23658],[-122.80587,49.23657],[-122.80587,49.23657],[-122.80587,49.23657],[-122.80587,49.23657],[-122.80587,49.23657],[-122.80587,49.23657],[-122.80587,49.23657],[-122.80586,49.23657],[-122.80586,49.23657],[-122.80586,49.23657],[-122.80586,49.23657],[-122.80586,49.23657],[-122.80586,49.23657],[-122.80585,49.23657],[-122.80585,49.23657],[-122.80585,49.23657],[-122.80585,49.23657],[-122.80585,49.23656],[-122.80585,49.23656],[-122.80584,49.23656],[-122.80584,49.23656],[-122.80584,49.23656],[-122.80584,49.23656],[-122.80584,49.23656],[-122.80583,49.23656],[-122.80583,49.23656],[-122.80583,49.23656],[-122.80583,49.23656],[-122.80583,49.23656],[-122.80583,49.23656],[-122.80582,49.23656],[-122.80582,49.23656],[-122.80582,49.23656],[-122.80582,49.23656],[-122.80582,49.23655],[-122.80582,49.23655],[-122.80581,49.23655],[-122.80581,49.23655],[-122.80581,49.23655],[-122.80581,49.23655],[-122.80581,49.23655],[-122.80581,49.23655],[-122.8058,49.23655],[-122.8058,49.23655],[-122.8058,49.23655],[-122.8058,49.23655],[-122.8058,49.23655],[-122.80579,49.23655],[-122.80579,49.23655],[-122.80579,49.23655],[-122.80579,49.23655],[-122.80579,49.23654],[-122.80579,49.23654],[-122.80579,49.23654],[-122.80578,49.23654],[-122.80578,49.23654],[-122.80578,49.23654],[-122.80578,49.23654],[-122.80578,49.23654],[-122.80578,49.23654],[-122.80577,49.23654],[-122.80577,49.23654],[-122.80577,49.23654],[-122.80577,49.23654],[-122.80577,49.23654],[-122.80577,49.23654],[-122.80576,49.23654],[-122.80576,49.23654],[-122.80576,49.23654],[-122.80576,49.23653],[-122.80576,49.23653],[-122.80576,49.23653],[-122.80576,49.23653],[-122.80575,49.23653],[-122.80575,49.23653],[-122.80575,49.23653],[-122.80575,49.23653],[-122.80575,49.23653],[-122.80574,49.23653],[-122.80574,49.23653],[-122.80574,49.23653],[-122.80574,49.23653],[-122.80574,49.23653],[-122.80574,49.23653],[-122.80573,49.23653],[-122.80573,49.23653],[-122.80573,49.23653],[-122.80573,49.23653],[-122.80573,49.23652],[-122.80573,49.23652],[-122.80573,49.23652],[-122.80572,49.23652],[-122.80572,49.23652],[-122.80572,49.23652],[-122.80572,49.23652],[-122.80572,49.23652],[-122.80572,49.23652],[-122.80571,49.23652],[-122.80571,49.23652],[-122.80571,49.23652],[-122.80571,49.23652],[-122.80571,49.23652],[-122.80571,49.23652],[-122.8057,49.23652],[-122.8057,49.23652],[-122.8057,49.23652],[-122.8057,49.23652],[-122.8057,49.23652],[-122.8057,49.23651],[-122.8057,49.23651],[-122.80569,49.23651],[-122.80569,49.23651],[-122.80569,49.23651],[-122.80569,49.23651],[-122.80569,49.23651],[-122.80569,49.23651],[-122.80568,49.23651],[-122.80568,49.23651],[-122.80568,49.23651],[-122.80568,49.23651],[-122.80568,49.23651],[-122.80568,49.23651],[-122.80568,49.23651],[-122.80567,49.23651],[-122.80567,49.23651],[-122.80567,49.23651],[-122.80567,49.23651],[-122.80567,49.23651],[-122.80567,49.23651],[-122.80566,49.2365],[-122.80566,49.2365],[-122.80566,49.2365],[-122.80566,49.2365],[-122.80566,49.2365],[-122.80566,49.2365],[-122.80565,49.2365],[-122.80565,49.2365],[-122.80565,49.2365],[-122.80565,49.2365],[-122.80565,49.2365],[-122.80565,49.2365],[-122.80564,49.2365],[-122.80564,49.2365],[-122.80564,49.2365],[-122.80564,49.2365],[-122.80564,49.2365],[-122.80564,49.2365],[-122.80564,49.2365],[-122.80563,49.2365],[-122.80563,49.2365],[-122.80563,49.23649],[-122.80563,49.23649],[-122.80563,49.23649],[-122.80563,49.23649],[-122.80562,49.23649],[-122.80562,49.23649],[-122.80562,49.23649],[-122.80562,49.23649],[-122.80562,49.23649],[-122.80562,49.23649],[-122.80561,49.23649],[-122.80561,49.23649],[-122.80561,49.23649],[-122.80561,49.23649],[-122.80561,49.23649],[-122.80561,49.23649],[-122.80561,49.23649],[-122.8056,49.23649],[-122.8056,49.23649],[-122.8056,49.23649],[-122.8056,49.23649],[-122.8056,49.23649],[-122.8056,49.23648],[-122.80559,49.23648],[-122.80559,49.23648],[-122.80559,49.23648],[-122.80559,49.23648],[-122.80559,49.23648],[-122.80558,49.23648],[-122.80558,49.23648],[-122.80558,49.23648],[-122.80558,49.23648],[-122.80558,49.23648],[-122.80558,49.23648],[-122.80558,49.23648],[-122.80557,49.23648],[-122.80557,49.23648],[-122.80557,49.23648],[-122.80557,49.23648],[-122.80557,49.23648],[-122.80556,49.23648],[-122.80556,49.23648],[-122.80556,49.23648],[-122.80556,49.23647],[-122.80556,49.23647],[-122.80556,49.23647],[-122.80556,49.23647],[-122.80555,49.23647],[-122.80555,49.23647],[-122.80555,49.23647],[-122.80555,49.23647],[-122.80555,49.23647],[-122.80555,49.23647],[-122.80554,49.23647],[-122.80554,49.23647],[-122.80554,49.23647],[-122.80554,49.23647],[-122.80554,49.23647],[-122.80553,49.23647],[-122.80553,49.23647],[-122.80553,49.23647],[-122.80553,49.23647],[-122.80553,49.23647],[-122.80553,49.23647],[-122.80552,49.23646],[-122.80552,49.23646],[-122.80552,49.23646],[-122.80552,49.23646],[-122.80552,49.23646],[-122.80552,49.23646],[-122.80551,49.23646],[-122.80551,49.23646],[-122.80551,49.23646],[-122.80551,49.23646],[-122.80551,49.23646],[-122.80551,49.23646],[-122.8055,49.23646],[-122.8055,49.23646],[-122.8055,49.23646],[-122.8055,49.23646],[-122.8055,49.23646],[-122.80549,49.23646],[-122.80549,49.23646],[-122.80549,49.23646],[-122.80549,49.23646],[-122.80549,49.23645],[-122.80549,49.23645],[-122.80548,49.23645],[-122.80548,49.23645],[-122.80548,49.23645],[-122.80548,49.23645],[-122.80548,49.23645],[-122.80548,49.23645],[-122.80547,49.23645],[-122.80547,49.23645],[-122.80547,49.23645],[-122.80547,49.23645],[-122.80547,49.23645],[-122.80547,49.23645],[-122.80546,49.23645],[-122.80546,49.23645],[-122.80546,49.23645],[-122.80546,49.23645],[-122.80546,49.23645],[-122.80545,49.23645],[-122.80545,49.23645],[-122.80545,49.23644],[-122.80545,49.23644],[-122.80545,49.23644],[-122.80545,49.23644],[-122.80545,49.23644],[-122.80544,49.23644],[-122.80544,49.23644],[-122.80544,49.23644],[-122.80544,49.23644],[-122.80544,49.23644],[-122.80544,49.23644],[-122.80543,49.23644],[-122.80543,49.23644],[-122.80543,49.23644],[-122.80543,49.23644],[-122.80543,49.23644],[-122.80542,49.23644],[-122.80542,49.23644],[-122.80542,49.23644],[-122.80542,49.23644],[-122.80542,49.23644],[-122.80542,49.23644],[-122.80541,49.23643],[-122.80541,49.23643],[-122.80541,49.23643],[-122.80541,49.23643],[-122.80541,49.23643],[-122.80541,49.23643],[-122.80541,49.23643],[-122.8054,49.23643],[-122.8054,49.23643],[-122.8054,49.23643],[-122.8054,49.23643],[-122.8054,49.23643],[-122.80539,49.23643],[-122.80539,49.23643],[-122.80539,49.23643],[-122.80539,49.23643],[-122.80539,49.23643],[-122.80539,49.23643],[-122.80539,49.23643],[-122.80538,49.23643],[-122.80538,49.23643],[-122.80538,49.23643],[-122.80538,49.23642],[-122.80538,49.23642],[-122.80538,49.23642],[-122.80537,49.23642],[-122.80537,49.23642],[-122.80537,49.23642],[-122.80537,49.23642],[-122.80537,49.23642],[-122.80536,49.23642],[-122.80536,49.23642],[-122.80536,49.23642],[-122.80536,49.23642],[-122.80536,49.23642],[-122.80536,49.23642],[-122.80536,49.23642],[-122.80535,49.23642],[-122.80535,49.23642],[-122.80535,49.23642],[-122.80535,49.23642],[-122.80535,49.23642],[-122.80535,49.23642],[-122.80534,49.23642],[-122.80534,49.23641],[-122.80534,49.23641],[-122.80534,49.23641],[-122.80534,49.23641],[-122.80534,49.23641],[-122.80533,49.23641],[-122.80533,49.23641],[-122.80533,49.23641],[-122.80533,49.23641],[-122.80533,49.23641],[-122.80533,49.23641],[-122.80532,49.23641],[-122.80532,49.23641],[-122.80532,49.23641],[-122.80532,49.23641],[-122.80532,49.23641],[-122.80532,49.23641],[-122.80532,49.23641],[-122.80531,49.23641],[-122.80531,49.23641],[-122.80531,49.23641],[-122.80531,49.23641],[-122.80531,49.23641],[-122.8053,49.23641],[-122.8053,49.2364],[-122.8053,49.2364],[-122.8053,49.2364],[-122.8053,49.2364],[-122.8053,49.2364],[-122.8053,49.2364],[-122.80529,49.2364],[-122.80529,49.2364],[-122.80529,49.2364],[-122.80529,49.2364],[-122.80529,49.2364],[-122.80529,49.2364],[-122.80528,49.2364],[-122.80528,49.2364],[-122.80528,49.2364],[-122.80528,49.2364],[-122.80528,49.2364],[-122.80528,49.2364],[-122.80527,49.2364],[-122.80527,49.2364],[-122.80527,49.2364],[-122.80527,49.2364],[-122.80527,49.2364],[-122.80527,49.2364],[-122.80526,49.23639],[-122.80526,49.23639],[-122.80526,49.23639],[-122.80526,49.23639],[-122.80526,49.23639],[-122.80526,49.23639],[-122.80525,49.23639],[-122.80525,49.23639],[-122.80525,49.23639],[-122.80525,49.23639],[-122.80525,49.23639],[-122.80525,49.23639],[-122.80525,49.23639],[-122.80524,49.23639],[-122.80524,49.23639],[-122.80524,49.23639],[-122.80524,49.23639],[-122.80524,49.23639],[-122.80524,49.23639],[-122.80523,49.23639],[-122.80523,49.23639],[-122.80523,49.23639],[-122.80523,49.23639],[-122.80523,49.23639],[-122.80523,49.23639],[-122.80522,49.23638],[-122.80522,49.23638],[-122.80522,49.23638],[-122.80522,49.23638],[-122.80522,49.23638],[-122.80522,49.23638],[-122.80521,49.23638],[-122.80521,49.23638],[-122.80521,49.23638],[-122.80521,49.23638],[-122.80521,49.23638],[-122.80521,49.23638],[-122.8052,49.23638],[-122.8052,49.23638],[-122.8052,49.23638],[-122.8052,49.23638],[-122.8052,49.23638],[-122.8052,49.23638],[-122.80519,49.23638],[-122.80519,49.23638],[-122.80519,49.23638],[-122.80519,49.23638],[-122.80519,49.23638],[-122.80519,49.23638],[-122.80519,49.23638],[-122.80518,49.23638],[-122.80518,49.23637],[-122.80518,49.23637],[-122.80518,49.23637],[-122.80518,49.23637],[-122.80518,49.23637],[-122.80517,49.23637],[-122.80517,49.23637],[-122.80517,49.23637],[-122.80517,49.23637],[-122.80517,49.23637],[-122.80517,49.23637],[-122.80516,49.23637],[-122.80516,49.23637],[-122.80516,49.23637],[-122.80516,49.23637],[-122.80516,49.23637],[-122.80516,49.23637],[-122.80515,49.23637],[-122.80515,49.23637],[-122.80515,49.23637],[-122.80515,49.23637],[-122.80515,49.23637],[-122.80515,49.23637],[-122.80514,49.23637],[-122.80514,49.23637],[-122.80514,49.23637],[-122.80514,49.23636],[-122.80514,49.23636],[-122.80514,49.23636],[-122.80513,49.23636],[-122.80513,49.23636],[-122.80513,49.23636],[-122.80513,49.23636],[-122.80513,49.23636],[-122.80513,49.23636],[-122.80512,49.23636],[-122.80512,49.23636],[-122.80512,49.23636],[-122.80512,49.23636],[-122.80512,49.23636],[-122.80512,49.23636],[-122.80511,49.23636],[-122.80511,49.23636],[-122.80511,49.23636],[-122.80511,49.23636],[-122.80511,49.23636],[-122.80511,49.23636],[-122.8051,49.23636],[-122.8051,49.23636],[-122.8051,49.23636],[-122.8051,49.23636],[-122.8051,49.23636],[-122.8051,49.23636],[-122.80509,49.23636],[-122.80509,49.23635],[-122.80509,49.23635],[-122.80509,49.23635],[-122.80509,49.23635],[-122.80509,49.23635],[-122.80508,49.23635],[-122.80508,49.23635],[-122.80508,49.23635],[-122.80508,49.23635],[-122.80508,49.23635],[-122.80508,49.23635],[-122.80507,49.23635],[-122.80507,49.23635],[-122.80507,49.23635],[-122.80507,49.23635],[-122.80507,49.23635],[-122.80507,49.23635],[-122.80506,49.23635],[-122.80506,49.23635],[-122.80506,49.23635],[-122.80506,49.23635],[-122.80506,49.23635],[-122.80506,49.23635],[-122.80506,49.23635],[-122.80505,49.23635],[-122.80505,49.23635],[-122.80505,49.23635],[-122.80505,49.23635],[-122.80505,49.23635],[-122.80504,49.23635],[-122.80504,49.23634],[-122.80504,49.23634],[-122.80504,49.23634],[-122.80504,49.23634],[-122.80504,49.23634],[-122.80503,49.23634],[-122.80503,49.23634],[-122.80503,49.23634],[-122.80503,49.23634],[-122.80503,49.23634],[-122.80503,49.23634],[-122.80502,49.23634],[-122.80502,49.23634],[-122.80502,49.23634],[-122.80502,49.23634],[-122.80502,49.23634],[-122.80502,49.23634],[-122.80501,49.23634],[-122.80501,49.23634],[-122.80501,49.23634],[-122.80501,49.23634],[-122.80501,49.23634],[-122.80501,49.23634],[-122.805,49.23634],[-122.805,49.23634],[-122.805,49.23634],[-122.805,49.23634],[-122.805,49.23634],[-122.805,49.23634],[-122.80499,49.23634],[-122.80499,49.23634],[-122.80499,49.23633],[-122.80499,49.23633],[-122.80499,49.23633],[-122.80499,49.23633],[-122.80498,49.23633],[-122.80498,49.23633],[-122.80498,49.23633],[-122.80498,49.23633],[-122.80498,49.23633],[-122.80498,49.23633],[-122.80497,49.23633],[-122.80497,49.23633],[-122.80497,49.23633],[-122.80497,49.23633],[-122.80497,49.23633],[-122.80497,49.23633],[-122.80496,49.23633],[-122.80496,49.23633],[-122.80496,49.23633],[-122.80496,49.23633],[-122.80496,49.23633],[-122.80496,49.23633],[-122.80495,49.23633],[-122.80495,49.23633],[-122.80495,49.23633],[-122.80495,49.23633],[-122.80495,49.23633],[-122.80495,49.23633],[-122.80494,49.23633],[-122.80494,49.23633],[-122.80494,49.23633],[-122.80494,49.23633],[-122.80494,49.23633],[-122.80494,49.23632],[-122.80493,49.23632],[-122.80493,49.23632],[-122.80493,49.23632],[-122.80493,49.23632],[-122.80493,49.23632],[-122.80493,49.23632],[-122.80492,49.23632],[-122.80492,49.23632],[-122.80492,49.23632],[-122.80492,49.23632],[-122.80492,49.23632],[-122.80492,49.23632],[-122.80491,49.23632],[-122.80491,49.23632],[-122.80491,49.23632],[-122.80491,49.23632],[-122.80491,49.23632],[-122.80491,49.23632],[-122.8049,49.23632],[-122.8049,49.23632],[-122.8049,49.23632],[-122.8049,49.23632],[-122.8049,49.23632],[-122.8049,49.23632],[-122.80489,49.23632],[-122.80489,49.23632],[-122.80489,49.23632],[-122.80489,49.23632],[-122.80489,49.23632],[-122.80489,49.23632],[-122.80488,49.23632],[-122.80488,49.23632],[-122.80488,49.23632],[-122.80488,49.23632],[-122.80488,49.23631],[-122.80488,49.23631],[-122.80487,49.23631],[-122.80487,49.23631],[-122.80487,49.23631],[-122.80487,49.23631],[-122.80487,49.23631],[-122.80487,49.23631],[-122.80486,49.23631],[-122.80486,49.23631],[-122.80486,49.23631],[-122.80486,49.23631],[-122.80486,49.23631],[-122.80486,49.23631],[-122.80485,49.23631],[-122.80485,49.23631],[-122.80485,49.23631],[-122.80485,49.23631],[-122.80485,49.23631],[-122.80484,49.23631],[-122.80484,49.23631],[-122.80484,49.23631],[-122.80484,49.23631],[-122.80484,49.23631],[-122.80484,49.23631],[-122.80483,49.23631],[-122.80483,49.23631],[-122.80483,49.23631],[-122.80483,49.23631],[-122.80483,49.23631],[-122.80483,49.23631],[-122.80483,49.23631],[-122.80482,49.23631],[-122.80482,49.23631],[-122.80482,49.23631],[-122.80482,49.2363],[-122.80482,49.2363],[-122.80481,49.2363],[-122.80481,49.2363],[-122.80481,49.2363],[-122.80481,49.2363],[-122.80481,49.2363],[-122.80481,49.2363],[-122.8048,49.2363],[-122.8048,49.2363],[-122.8048,49.2363],[-122.8048,49.2363],[-122.8048,49.2363],[-122.8048,49.2363],[-122.80479,49.2363],[-122.80479,49.2363],[-122.80479,49.2363],[-122.80479,49.2363],[-122.80479,49.2363],[-122.80479,49.2363],[-122.80478,49.2363],[-122.80478,49.2363],[-122.80478,49.2363],[-122.80478,49.2363],[-122.80478,49.2363],[-122.80478,49.2363],[-122.80477,49.2363],[-122.80477,49.2363],[-122.80477,49.2363],[-122.80477,49.2363],[-122.80477,49.2363],[-122.80477,49.2363],[-122.80476,49.2363],[-122.80476,49.2363],[-122.80476,49.2363],[-122.80476,49.2363],[-122.80476,49.23629],[-122.80476,49.23629],[-122.80475,49.23629],[-122.80475,49.23629],[-122.80475,49.23629],[-122.80475,49.23629],[-122.80475,49.23629],[-122.80475,49.23629],[-122.80474,49.23629],[-122.80474,49.23629],[-122.80474,49.23629],[-122.80474,49.23629],[-122.80474,49.23629],[-122.80474,49.23629],[-122.80473,49.23629],[-122.80473,49.23629],[-122.80473,49.23629],[-122.80473,49.23629],[-122.80473,49.23629],[-122.80473,49.23629],[-122.80472,49.23629],[-122.80472,49.23629],[-122.80472,49.23629],[-122.80472,49.23629],[-122.80472,49.23629],[-122.80472,49.23629],[-122.80471,49.23629],[-122.80471,49.23629],[-122.80471,49.23629],[-122.80471,49.23629],[-122.80471,49.23629],[-122.8047,49.23629],[-122.8047,49.23629],[-122.8047,49.23629],[-122.8047,49.23629],[-122.8047,49.23629],[-122.8047,49.23629],[-122.8047,49.23629],[-122.80469,49.23628],[-122.80469,49.23628],[-122.80469,49.23628],[-122.80469,49.23628],[-122.80469,49.23628],[-122.80468,49.23628],[-122.80468,49.23628],[-122.80468,49.23628],[-122.80468,49.23628],[-122.80468,49.23628],[-122.80468,49.23628],[-122.80467,49.23628],[-122.80467,49.23628],[-122.80467,49.23628],[-122.80467,49.23628],[-122.80467,49.23628],[-122.80467,49.23628],[-122.80466,49.23628],[-122.80466,49.23628],[-122.80466,49.23628],[-122.80466,49.23628],[-122.80466,49.23628],[-122.80466,49.23628],[-122.80465,49.23628],[-122.80465,49.23628],[-122.80465,49.23628],[-122.80465,49.23628],[-122.80465,49.23628],[-122.80465,49.23628],[-122.80464,49.23628],[-122.80464,49.23628],[-122.80464,49.23628],[-122.80464,49.23628],[-122.80464,49.23628],[-122.80464,49.23628],[-122.80463,49.23628],[-122.80463,49.23628],[-122.80463,49.23628],[-122.80463,49.23628],[-122.80463,49.23627],[-122.80463,49.23627],[-122.80462,49.23627],[-122.80462,49.23627],[-122.80462,49.23627],[-122.80462,49.23627],[-122.80462,49.23627],[-122.80462,49.23627],[-122.80461,49.23627],[-122.80461,49.23627],[-122.80461,49.23627],[-122.80461,49.23627],[-122.80461,49.23627],[-122.80461,49.23627],[-122.8046,49.23627],[-122.8046,49.23627],[-122.8046,49.23627],[-122.8046,49.23627],[-122.8046,49.23627],[-122.8046,49.23627],[-122.80459,49.23627],[-122.80459,49.23627],[-122.80459,49.23627],[-122.80459,49.23627],[-122.80459,49.23627],[-122.80458,49.23627],[-122.80458,49.23627],[-122.80458,49.23627],[-122.80458,49.23627],[-122.80458,49.23627],[-122.80458,49.23627],[-122.80457,49.23627],[-122.80457,49.23627],[-122.80457,49.23627],[-122.80457,49.23627],[-122.80457,49.23627],[-122.80457,49.23627],[-122.80456,49.23627],[-122.80456,49.23627],[-122.80456,49.23627],[-122.80456,49.23627],[-122.80456,49.23627],[-122.80456,49.23627],[-122.80455,49.23626],[-122.80455,49.23626],[-122.80455,49.23626],[-122.80455,49.23626],[-122.80455,49.23626],[-122.80455,49.23626],[-122.80454,49.23626],[-122.80454,49.23626],[-122.80454,49.23626],[-122.80454,49.23626],[-122.80454,49.23626],[-122.80454,49.23626],[-122.80453,49.23626],[-122.80453,49.23626],[-122.80453,49.23626],[-122.80453,49.23626],[-122.80453,49.23626],[-122.80453,49.23626],[-122.80452,49.23626],[-122.80452,49.23626],[-122.80452,49.23626],[-122.80452,49.23626],[-122.80452,49.23626],[-122.80452,49.23626],[-122.80451,49.23626],[-122.80451,49.23626],[-122.80451,49.23626],[-122.80451,49.23626],[-122.80451,49.23626],[-122.80451,49.23626],[-122.8045,49.23626],[-122.8045,49.23626],[-122.8045,49.23626],[-122.8045,49.23626],[-122.8045,49.23626],[-122.8045,49.23626],[-122.80449,49.23626],[-122.80449,49.23626],[-122.80449,49.23626],[-122.80449,49.23626],[-122.80449,49.23626],[-122.80448,49.23626],[-122.80448,49.23626],[-122.80448,49.23626],[-122.80448,49.23626],[-122.80448,49.23626],[-122.80448,49.23626],[-122.80447,49.23626],[-122.80447,49.23625],[-122.80447,49.23625],[-122.80447,49.23625],[-122.80447,49.23625],[-122.80447,49.23625],[-122.80446,49.23625],[-122.80446,49.23625],[-122.80446,49.23625],[-122.80446,49.23625],[-122.80446,49.23625],[-122.80446,49.23625],[-122.80445,49.23625],[-122.80445,49.23625],[-122.80445,49.23625],[-122.80445,49.23625],[-122.80445,49.23625],[-122.80445,49.23625],[-122.80444,49.23625],[-122.80444,49.23625],[-122.80444,49.23625],[-122.80444,49.23625],[-122.80444,49.23625],[-122.80444,49.23625],[-122.80443,49.23625],[-122.80443,49.23625],[-122.80443,49.23625],[-122.80443,49.23625],[-122.80443,49.23625],[-122.80443,49.23625],[-122.80442,49.23625],[-122.80442,49.23625],[-122.80442,49.23625],[-122.80442,49.23625],[-122.80442,49.23625],[-122.80441,49.23625],[-122.80441,49.23625],[-122.80441,49.23625],[-122.80441,49.23625],[-122.80441,49.23625],[-122.80441,49.23625],[-122.8044,49.23625],[-122.8044,49.23625],[-122.8044,49.23625],[-122.8044,49.23625],[-122.8044,49.23625],[-122.8044,49.23625],[-122.80439,49.23625],[-122.80439,49.23625],[-122.80439,49.23625],[-122.80439,49.23625],[-122.80439,49.23625],[-122.80439,49.23625],[-122.80438,49.23625],[-122.80438,49.23625],[-122.80438,49.23625],[-122.80438,49.23625],[-122.80438,49.23625],[-122.80438,49.23625],[-122.80437,49.23625],[-122.80437,49.23625],[-122.80437,49.23624],[-122.80437,49.23624],[-122.80437,49.23624],[-122.80437,49.23624],[-122.80436,49.23624],[-122.80436,49.23624],[-122.80436,49.23624],[-122.80436,49.23624],[-122.80436,49.23624],[-122.80435,49.23624],[-122.80435,49.23624],[-122.80435,49.23624],[-122.80435,49.23624],[-122.80435,49.23624],[-122.80435,49.23624],[-122.80434,49.23624],[-122.80434,49.23624],[-122.80434,49.23624],[-122.80434,49.23624],[-122.80434,49.23624],[-122.80434,49.23624],[-122.80433,49.23624],[-122.80433,49.23624],[-122.80433,49.23624],[-122.80433,49.23624],[-122.80433,49.23624],[-122.80433,49.23624],[-122.80432,49.23624],[-122.80432,49.23624],[-122.80432,49.23624],[-122.80432,49.23624],[-122.80432,49.23624],[-122.80432,49.23624],[-122.80431,49.23624],[-122.80431,49.23624],[-122.80431,49.23624],[-122.80431,49.23624],[-122.80431,49.23624],[-122.8043,49.23624],[-122.8043,49.23624],[-122.8043,49.23624],[-122.8043,49.23624],[-122.8043,49.23624],[-122.8043,49.23624],[-122.80429,49.23624],[-122.80429,49.23624],[-122.80429,49.23624],[-122.80429,49.23624],[-122.80429,49.23624],[-122.80429,49.23624],[-122.80428,49.23624],[-122.80428,49.23624],[-122.80428,49.23624],[-122.80428,49.23624],[-122.80428,49.23624],[-122.80428,49.23624],[-122.80427,49.23624],[-122.80427,49.23624],[-122.80427,49.23624],[-122.80427,49.23624],[-122.80427,49.23624],[-122.80426,49.23624],[-122.80426,49.23624],[-122.80426,49.23624],[-122.80426,49.23624],[-122.80426,49.23624],[-122.80426,49.23624],[-122.80425,49.23624],[-122.80425,49.23624],[-122.80425,49.23624],[-122.80425,49.23624],[-122.80425,49.23624],[-122.80425,49.23624],[-122.80424,49.23624],[-122.80424,49.23623],[-122.80424,49.23623],[-122.80424,49.23623],[-122.80424,49.23623],[-122.80424,49.23623],[-122.80423,49.23623],[-122.80423,49.23623],[-122.80423,49.23623],[-122.80423,49.23623],[-122.80423,49.23623],[-122.80423,49.23623],[-122.80422,49.23623],[-122.80422,49.23623],[-122.80422,49.23623],[-122.80422,49.23623],[-122.80422,49.23623],[-122.80422,49.23623],[-122.80421,49.23623],[-122.80421,49.23623],[-122.80421,49.23623],[-122.80421,49.23623],[-122.80421,49.23623],[-122.8042,49.23623],[-122.8042,49.23623],[-122.8042,49.23623],[-122.8042,49.23623],[-122.8042,49.23623],[-122.8042,49.23623],[-122.80419,49.23623],[-122.80419,49.23623],[-122.80419,49.23623],[-122.80419,49.23623],[-122.80419,49.23623],[-122.80419,49.23623],[-122.80418,49.23623],[-122.80418,49.23623],[-122.80418,49.23623],[-122.80418,49.23623],[-122.80418,49.23623],[-122.80418,49.23623],[-122.80417,49.23623],[-122.80417,49.23623],[-122.80417,49.23623],[-122.80417,49.23623],[-122.80417,49.23623],[-122.80416,49.23623],[-122.80416,49.23623],[-122.80416,49.23623],[-122.80416,49.23623],[-122.80416,49.23623],[-122.80416,49.23623],[-122.80415,49.23623],[-122.80415,49.23623],[-122.80415,49.23623],[-122.80415,49.23623],[-122.80415,49.23623],[-122.80415,49.23623],[-122.80414,49.23623],[-122.80414,49.23623],[-122.80414,49.23623],[-122.80414,49.23623],[-122.80414,49.23623],[-122.80414,49.23623],[-122.80413,49.23623],[-122.80413,49.23623],[-122.80413,49.23623],[-122.80413,49.23623],[-122.80413,49.23622],[-122.80413,49.23622],[-122.80412,49.23622],[-122.80412,49.23622],[-122.80412,49.23622],[-122.80412,49.23622],[-122.80412,49.23622],[-122.80411,49.23622],[-122.80411,49.23622],[-122.80411,49.23622],[-122.80411,49.23622],[-122.80411,49.23622],[-122.80411,49.23622],[-122.8041,49.23622],[-122.8041,49.23622],[-122.8041,49.23622],[-122.8041,49.23622],[-122.8041,49.23622],[-122.8041,49.23622],[-122.80409,49.23622],[-122.80409,49.23622],[-122.80409,49.23622],[-122.80409,49.23622],[-122.80409,49.23622],[-122.80409,49.23622],[-122.80408,49.23622],[-122.80408,49.23622],[-122.80408,49.23622],[-122.80408,49.23622],[-122.80408,49.23622],[-122.80408,49.23622],[-122.80407,49.23622],[-122.80407,49.23622],[-122.80407,49.23622],[-122.80407,49.23622],[-122.80407,49.23622],[-122.80406,49.23622],[-122.80406,49.23622],[-122.80406,49.23622],[-122.80406,49.23622],[-122.80406,49.23622],[-122.80406,49.23622],[-122.80405,49.23622],[-122.80405,49.23622],[-122.80405,49.23622],[-122.80405,49.23622],[-122.80405,49.23622],[-122.80405,49.23622],[-122.80404,49.23622],[-122.80404,49.23622],[-122.80404,49.23622],[-122.80404,49.23622],[-122.80404,49.23622],[-122.80404,49.23622],[-122.80403,49.23622],[-122.80403,49.23622],[-122.80403,49.23622],[-122.80403,49.23622],[-122.80403,49.23622],[-122.80402,49.23622],[-122.80402,49.23622],[-122.80402,49.23622],[-122.80402,49.23622],[-122.80402,49.23622],[-122.80402,49.23622],[-122.80401,49.23622],[-122.80401,49.23622],[-122.80401,49.23622],[-122.80401,49.23622],[-122.80401,49.23622],[-122.80401,49.23622],[-122.804,49.23622],[-122.804,49.23622],[-122.804,49.23622],[-122.804,49.23622],[-122.804,49.23622],[-122.804,49.23622],[-122.80399,49.23622],[-122.80399,49.23622],[-122.80399,49.23622],[-122.80399,49.23622],[-122.80399,49.23622],[-122.80398,49.23622],[-122.80398,49.23622],[-122.80398,49.23622],[-122.80398,49.23622],[-122.80398,49.23622],[-122.80398,49.23622],[-122.80397,49.23622],[-122.80397,49.23622],[-122.80397,49.23621],[-122.80397,49.23621],[-122.80397,49.23621],[-122.80397,49.23621],[-122.80396,49.23621],[-122.80396,49.23621],[-122.80396,49.23621],[-122.80396,49.23621],[-122.80396,49.23621],[-122.80396,49.23621],[-122.80395,49.23621],[-122.80395,49.23621],[-122.80395,49.23621],[-122.80395,49.23621],[-122.80395,49.23621],[-122.80394,49.23621],[-122.80394,49.23621],[-122.80394,49.23621],[-122.80394,49.23621],[-122.80394,49.23621],[-122.80394,49.23621],[-122.80393,49.23621],[-122.80393,49.23621],[-122.80393,49.23621],[-122.80393,49.23621],[-122.80393,49.23621],[-122.80393,49.23621],[-122.80392,49.23621],[-122.80392,49.23621],[-122.80392,49.23621],[-122.80392,49.23621],[-122.80392,49.23621],[-122.80392,49.23621],[-122.80391,49.23621],[-122.80391,49.23621],[-122.80391,49.23621],[-122.80391,49.23621],[-122.80391,49.23621],[-122.8039,49.23621],[-122.8039,49.23621],[-122.8039,49.23621],[-122.8039,49.23621],[-122.8039,49.23621],[-122.8039,49.23621],[-122.80389,49.23621],[-122.80389,49.23621],[-122.80389,49.23621],[-122.80389,49.23621],[-122.80389,49.23621],[-122.80389,49.23621],[-122.80388,49.23621],[-122.80388,49.23621],[-122.80388,49.23621],[-122.80388,49.23621],[-122.80388,49.23621],[-122.80388,49.23621],[-122.80387,49.23621],[-122.80387,49.23621],[-122.80387,49.23621],[-122.80387,49.23621],[-122.80387,49.23621],[-122.80386,49.23621],[-122.80386,49.23621],[-122.80386,49.23621],[-122.80386,49.23621],[-122.80386,49.23621],[-122.80386,49.23621],[-122.80385,49.23621],[-122.80385,49.23621],[-122.80385,49.23621],[-122.80385,49.23621],[-122.80385,49.23621],[-122.80385,49.23621],[-122.80384,49.23621],[-122.80384,49.23621],[-122.80384,49.23621],[-122.80384,49.23621],[-122.80384,49.23621],[-122.80384,49.23621],[-122.80383,49.23621],[-122.80383,49.23621],[-122.80383,49.23621],[-122.80383,49.23621],[-122.80383,49.23621],[-122.80382,49.23621],[-122.80382,49.23621],[-122.80382,49.23621],[-122.80382,49.23621],[-122.80382,49.23621],[-122.80382,49.23621],[-122.80381,49.23621],[-122.80381,49.23621],[-122.80381,49.23621],[-122.80381,49.23621],[-122.80381,49.23621],[-122.80381,49.23621],[-122.8038,49.23621],[-122.8038,49.23621],[-122.8038,49.23621],[-122.8038,49.23621],[-122.8038,49.23621],[-122.8038,49.23621],[-122.80379,49.23621],[-122.80379,49.23621],[-122.80379,49.23621],[-122.80379,49.23621],[-122.80379,49.23621],[-122.80378,49.23621],[-122.80378,49.23621],[-122.80378,49.23621],[-122.80378,49.23621],[-122.80378,49.23621],[-122.80378,49.23621],[-122.80377,49.23621],[-122.80377,49.23621],[-122.80377,49.23621],[-122.80377,49.23621],[-122.80377,49.23621],[-122.80377,49.23621],[-122.80376,49.23621],[-122.80376,49.23621],[-122.80376,49.23621],[-122.80376,49.23621],[-122.80376,49.23621],[-122.80376,49.23621],[-122.80375,49.23621],[-122.80375,49.23621],[-122.80375,49.23621],[-122.80375,49.23621],[-122.80375,49.23621],[-122.80375,49.23621],[-122.80374,49.23621],[-122.80374,49.23621],[-122.80374,49.23621],[-122.80374,49.23621],[-122.80374,49.23621],[-122.80373,49.23621],[-122.80373,49.23621],[-122.80373,49.23621],[-122.80373,49.23621],[-122.80373,49.23621],[-122.80373,49.23621],[-122.80372,49.23621],[-122.80372,49.23621],[-122.80372,49.23621],[-122.80372,49.23621],[-122.80372,49.23621],[-122.80372,49.23621],[-122.80371,49.23621],[-122.80371,49.23621],[-122.80371,49.23621],[-122.80371,49.23621],[-122.80371,49.23621],[-122.80371,49.23621],[-122.8037,49.23621],[-122.8037,49.23621],[-122.8037,49.23621],[-122.8037,49.23621],[-122.8037,49.23621],[-122.80369,49.23621],[-122.80369,49.23621],[-122.80369,49.23621],[-122.80369,49.23621],[-122.80369,49.23621],[-122.80369,49.23621],[-122.80368,49.23621],[-122.80368,49.23621],[-122.80368,49.23621],[-122.80368,49.23621],[-122.80368,49.23621],[-122.80368,49.23621],[-122.80367,49.23621],[-122.80367,49.23621],[-122.80367,49.23621],[-122.80367,49.23621],[-122.80367,49.23621],[-122.80367,49.23621],[-122.80366,49.23621],[-122.80366,49.23621],[-122.80366,49.23621],[-122.80366,49.23621],[-122.80366,49.23621],[-122.80366,49.23621],[-122.80365,49.23621],[-122.80365,49.23621],[-122.80365,49.23621],[-122.80365,49.23621],[-122.80365,49.23621],[-122.80365,49.23621],[-122.80364,49.23621],[-122.80364,49.23621],[-122.80364,49.23621],[-122.80364,49.23621],[-122.80364,49.23621],[-122.80363,49.23621],[-122.80363,49.23621],[-122.80363,49.23621],[-122.80363,49.23621],[-122.80363,49.23621],[-122.80363,49.23621],[-122.80362,49.23621],[-122.80362,49.23621],[-122.80362,49.23621],[-122.80362,49.23621],[-122.80362,49.23621],[-122.80362,49.23621],[-122.80361,49.23621],[-122.80361,49.23621],[-122.80361,49.23621],[-122.80361,49.23621],[-122.80361,49.23621],[-122.80361,49.23621],[-122.8036,49.23621],[-122.8036,49.23621],[-122.8036,49.23621],[-122.8036,49.23621],[-122.8036,49.23621],[-122.8036,49.23621],[-122.80359,49.23621],[-122.80359,49.23621],[-122.80359,49.23621],[-122.80359,49.23621],[-122.80359,49.23621],[-122.80358,49.23621],[-122.80358,49.2362],[-122.80358,49.2362],[-122.80358,49.2362],[-122.80358,49.2362],[-122.80358,49.2362],[-122.80357,49.2362],[-122.80357,49.2362],[-122.80357,49.2362],[-122.80357,49.2362],[-122.80357,49.2362],[-122.80357,49.2362],[-122.80356,49.2362],[-122.80356,49.2362],[-122.80356,49.2362],[-122.80356,49.2362],[-122.80356,49.2362],[-122.80356,49.2362],[-122.80355,49.2362],[-122.80355,49.2362],[-122.80355,49.2362],[-122.80355,49.2362],[-122.80355,49.2362],[-122.80355,49.2362],[-122.80354,49.2362],[-122.80354,49.2362],[-122.80354,49.2362],[-122.80354,49.2362],[-122.80354,49.2362],[-122.80354,49.2362],[-122.80353,49.2362],[-122.80353,49.2362],[-122.80353,49.2362],[-122.80353,49.2362],[-122.80353,49.2362],[-122.80353,49.2362],[-122.80352,49.2362],[-122.80352,49.2362],[-122.80335,49.2362],[-122.80335,49.2362],[-122.80318,49.2362],[-122.80318,49.2362],[-122.803,49.23621],[-122.803,49.23621],[-122.80293,49.23621],[-122.80276,49.23621],[-122.80276,49.23621],[-122.80259,49.23621],[-122.80258,49.23621],[-122.80247,49.23621],[-122.80229,49.23621],[-122.80229,49.23621],[-122.80212,49.23622],[-122.80212,49.23622],[-122.80205,49.23622],[-122.80188,49.23622],[-122.80187,49.23622],[-122.80185,49.23622],[-122.80171,49.23621],[-122.80156,49.23621],[-122.80138,49.2362],[-122.80138,49.2362],[-122.8013,49.2362],[-122.80124,49.23619],[-122.80119,49.23619],[-122.80114,49.23618],[-122.80109,49.23617],[-122.80102,49.23615],[-122.80094,49.23612],[-122.80088,49.23609],[-122.8008,49.23606],[-122.80075,49.23602],[-122.80067,49.23597],[-122.80052,49.23586],[-122.80052,49.23586],[-122.80044,49.23579],[-122.80038,49.23575],[-122.80033,49.2357],[-122.80029,49.23566],[-122.80026,49.23562],[-122.80023,49.23558],[-122.80021,49.23554],[-122.80019,49.23549],[-122.80017,49.23544],[-122.80016,49.2354],[-122.80016,49.23535],[-122.80015,49.23531],[-122.80015,49.23526],[-122.80015,49.23521],[-122.80016,49.23516],[-122.80016,49.23513],[-122.80018,49.23509],[-122.80019,49.23504],[-122.80022,49.23499],[-122.80028,49.23488],[-122.80028,49.23487],[-122.80033,49.23479],[-122.80037,49.23471],[-122.80042,49.2346],[-122.80042,49.23459],[-122.80042,49.23459],[-122.80046,49.23447],[-122.80046,49.23447],[-122.80049,49.23436],[-122.80049,49.23436],[-122.8005,49.23434],[-122.80055,49.23422],[-122.80055,49.23422],[-122.80056,49.23418],[-122.8006,49.23408],[-122.80065,49.23398],[-122.80068,49.2339],[-122.80073,49.23382],[-122.80076,49.23377],[-122.80081,49.23371],[-122.8009,49.23359],[-122.8009,49.23359],[-122.80096,49.23351],[-122.80101,49.23344],[-122.80108,49.23333],[-122.80115,49.23322],[-122.80115,49.23322],[-122.80123,49.2331],[-122.80123,49.2331],[-122.80123,49.2331],[-122.8013,49.23298],[-122.8013,49.23298],[-122.80131,49.23298],[-122.80138,49.23287],[-122.80138,49.23287],[-122.80146,49.23275],[-122.80146,49.23275],[-122.80151,49.23268],[-122.80158,49.23259],[-122.80164,49.23252],[-122.80169,49.23246],[-122.80174,49.23241],[-122.80178,49.23236],[-122.80183,49.23232],[-122.80191,49.23225],[-122.80205,49.23214],[-122.80205,49.23214],[-122.80208,49.23211],[-122.80219,49.23202],[-122.80232,49.23192],[-122.80238,49.23186],[-122.80242,49.23182],[-122.80246,49.23176],[-122.8025,49.2317],[-122.80254,49.23164],[-122.80256,49.23158],[-122.80258,49.23151],[-122.8026,49.23145],[-122.8026,49.23145],[-122.80354,49.23027],[-122.80354,49.23027],[-122.80368,49.23017],[-122.8038,49.23008],[-122.80395,49.22998],[-122.8041,49.22988],[-122.80425,49.22978],[-122.80443,49.22968],[-122.80443,49.22968],[-122.80455,49.22961],[-122.80466,49.22954],[-122.80483,49.22944],[-122.80483,49.22944],[-122.80492,49.22939],[-122.805,49.22933],[-122.80508,49.22928],[-122.80517,49.22921],[-122.80527,49.22913],[-122.8054,49.22901],[-122.8054,49.22901],[-122.80554,49.2289],[-122.80554,49.2289],[-122.80567,49.22879],[-122.80567,49.22878],[-122.80574,49.22873],[-122.80583,49.22864],[-122.8059,49.22857],[-122.80593,49.22853],[-122.80596,49.22849],[-122.80601,49.22841],[-122.80606,49.22832],[-122.80611,49.22822],[-122.80615,49.22811],[-122.80615,49.22811],[-122.80619,49.22799],[-122.80619,49.22799],[-122.8062,49.22796],[-122.80623,49.22785],[-122.80623,49.22785],[-122.80623,49.22782],[-122.80625,49.22775],[-122.80626,49.22769],[-122.80626,49.22764],[-122.80626,49.22758],[-122.80626,49.22753],[-122.80626,49.22747],[-122.80626,49.22729],[-122.80624,49.2271],[-122.80612,49.22686],[-122.80507,49.22555],[-122.80503,49.22041],[-122.84301,49.21989],[-122.85575,49.22063],[-122.86679,49.22083],[-122.87642,49.21987],[-122.8764,49.22604],[-122.8764,49.22617],[-122.8764,49.22879],[-122.8764,49.22891],[-122.8764,49.22941],[-122.8764,49.22977],[-122.8764,49.22994],[-122.87637,49.22995],[-122.87637,49.22995],[-122.87637,49.22995],[-122.87637,49.22995],[-122.87637,49.22995],[-122.87637,49.22996],[-122.87637,49.22996],[-122.87637,49.22996],[-122.87637,49.22996],[-122.87637,49.22996],[-122.87637,49.22996],[-122.87636,49.22996],[-122.87636,49.22996],[-122.87636,49.22996],[-122.87636,49.22996],[-122.87636,49.22996],[-122.87636,49.22996],[-122.87636,49.22996],[-122.87636,49.22996],[-122.87636,49.22996],[-122.87636,49.22996],[-122.87636,49.22996],[-122.87636,49.22996],[-122.87635,49.22996],[-122.87635,49.22996],[-122.87635,49.22996],[-122.87635,49.22996],[-122.87635,49.22997],[-122.87635,49.22997],[-122.87635,49.22997],[-122.87635,49.22997],[-122.87635,49.22997],[-122.87635,49.22997],[-122.87635,49.22997],[-122.87635,49.22997],[-122.87634,49.22997],[-122.87634,49.22997],[-122.87634,49.22997],[-122.87634,49.22997],[-122.87634,49.22997],[-122.87634,49.22997],[-122.87634,49.22997],[-122.87634,49.22997],[-122.87634,49.22997],[-122.87634,49.22997],[-122.87634,49.22997],[-122.87633,49.22997],[-122.87633,49.22997],[-122.87633,49.22997],[-122.87633,49.22998],[-122.87633,49.22998],[-122.87633,49.22998],[-122.87633,49.22998],[-122.87633,49.22998],[-122.87633,49.22998],[-122.87633,49.22998],[-122.87633,49.22998],[-122.87633,49.22998],[-122.87632,49.22998],[-122.87632,49.22998],[-122.87632,49.22998],[-122.87632,49.22998],[-122.87632,49.22998],[-122.87632,49.22998],[-122.87632,49.22998],[-122.87632,49.22998],[-122.87632,49.22998],[-122.87632,49.22998],[-122.87632,49.22998],[-122.87631,49.22998],[-122.87631,49.22998],[-122.87631,49.22998],[-122.87631,49.22999],[-122.87631,49.22999],[-122.87631,49.22999],[-122.87631,49.22999],[-122.87631,49.22999],[-122.87631,49.22999],[-122.87631,49.22999],[-122.87631,49.22999],[-122.87631,49.22999],[-122.8763,49.22999],[-122.8763,49.22999],[-122.8763,49.22999],[-122.8763,49.22999],[-122.8763,49.22999],[-122.8763,49.22999],[-122.8763,49.22999],[-122.8763,49.22999],[-122.8763,49.22999],[-122.8763,49.22999],[-122.8763,49.22999],[-122.87629,49.22999],[-122.87629,49.22999],[-122.87629,49.22999],[-122.87629,49.23],[-122.87629,49.23],[-122.87629,49.23],[-122.87629,49.23],[-122.87629,49.23],[-122.87629,49.23],[-122.87629,49.23],[-122.87629,49.23],[-122.87628,49.23],[-122.87628,49.23],[-122.87628,49.23],[-122.87628,49.23],[-122.87628,49.23],[-122.87628,49.23],[-122.87628,49.23],[-122.87628,49.23],[-122.87628,49.23],[-122.87628,49.23],[-122.87628,49.23],[-122.87627,49.23],[-122.87627,49.23],[-122.87627,49.23001],[-122.87627,49.23001],[-122.87627,49.23001],[-122.87627,49.23001],[-122.87627,49.23001],[-122.87627,49.23001],[-122.87627,49.23001],[-122.87627,49.23001],[-122.87627,49.23001],[-122.87626,49.23001],[-122.87626,49.23001],[-122.87626,49.23001],[-122.87626,49.23001],[-122.87626,49.23001],[-122.87626,49.23001],[-122.87626,49.23001],[-122.87626,49.23001],[-122.87626,49.23001],[-122.87626,49.23001],[-122.87626,49.23001],[-122.87625,49.23001],[-122.87625,49.23001],[-122.87625,49.23001],[-122.87625,49.23002],[-122.87625,49.23002],[-122.87625,49.23002],[-122.87625,49.23002],[-122.87625,49.23002],[-122.87625,49.23002],[-122.87625,49.23002],[-122.87625,49.23002],[-122.87625,49.23002],[-122.87624,49.23002],[-122.87624,49.23002],[-122.87624,49.23002],[-122.87624,49.23002],[-122.87624,49.23002],[-122.87624,49.23002],[-122.87624,49.23002],[-122.87624,49.23002],[-122.87624,49.23002],[-122.87624,49.23002],[-122.87624,49.23002],[-122.87623,49.23002],[-122.87623,49.23002],[-122.87623,49.23002],[-122.87623,49.23002],[-122.87623,49.23003],[-122.87623,49.23003],[-122.87623,49.23003],[-122.87623,49.23003],[-122.87623,49.23003],[-122.87623,49.23003],[-122.87623,49.23003],[-122.87622,49.23003],[-122.87622,49.23003],[-122.87622,49.23003],[-122.87622,49.23003],[-122.87622,49.23003],[-122.87622,49.23003],[-122.87622,49.23003],[-122.87622,49.23003],[-122.87622,49.23003],[-122.87622,49.23003],[-122.87622,49.23003],[-122.87622,49.23003],[-122.87621,49.23003],[-122.87621,49.23003],[-122.87621,49.23003],[-122.87621,49.23003],[-122.87621,49.23003],[-122.87621,49.23004],[-122.87621,49.23004],[-122.87621,49.23004],[-122.87621,49.23004],[-122.87621,49.23004],[-122.87621,49.23004],[-122.87621,49.23004],[-122.8762,49.23004],[-122.8762,49.23004],[-122.8762,49.23004],[-122.8762,49.23004],[-122.8762,49.23004],[-122.8762,49.23004],[-122.8762,49.23004],[-122.8762,49.23004],[-122.8762,49.23004],[-122.8762,49.23004],[-122.8762,49.23004],[-122.8762,49.23004],[-122.87619,49.23004],[-122.87619,49.23004],[-122.87619,49.23004],[-122.87619,49.23004],[-122.87619,49.23004],[-122.87619,49.23004],[-122.87619,49.23004],[-122.87619,49.23004],[-122.87619,49.23005],[-122.87619,49.23005],[-122.87619,49.23005],[-122.87618,49.23005],[-122.87618,49.23005],[-122.87618,49.23005],[-122.87618,49.23005],[-122.87618,49.23005],[-122.87618,49.23005],[-122.87618,49.23005],[-122.87618,49.23005],[-122.87618,49.23005],[-122.87618,49.23005],[-122.87618,49.23005],[-122.87618,49.23005],[-122.87618,49.23005],[-122.87617,49.23005],[-122.87617,49.23005],[-122.87617,49.23005],[-122.87617,49.23005],[-122.87617,49.23005],[-122.87617,49.23005],[-122.87617,49.23005],[-122.87617,49.23005],[-122.87617,49.23005],[-122.87617,49.23005],[-122.87617,49.23005],[-122.87617,49.23006],[-122.87616,49.23006],[-122.87616,49.23006],[-122.87616,49.23006],[-122.87616,49.23006],[-122.87616,49.23006],[-122.87616,49.23006],[-122.87616,49.23006],[-122.87616,49.23006],[-122.87616,49.23006],[-122.87616,49.23006],[-122.87616,49.23006],[-122.87615,49.23006],[-122.87615,49.23006],[-122.87615,49.23006],[-122.87615,49.23006],[-122.87615,49.23006],[-122.87615,49.23006],[-122.87615,49.23006],[-122.87615,49.23006],[-122.87615,49.23006],[-122.87615,49.23006],[-122.87615,49.23006],[-122.87614,49.23006],[-122.87614,49.23006],[-122.87614,49.23006],[-122.87614,49.23007],[-122.87614,49.23007],[-122.87614,49.23007],[-122.87614,49.23007],[-122.87614,49.23007],[-122.87614,49.23007],[-122.87614,49.23007],[-122.87614,49.23007],[-122.87614,49.23007],[-122.87613,49.23007],[-122.87613,49.23007],[-122.87613,49.23007],[-122.87613,49.23007],[-122.87613,49.23007],[-122.87613,49.23007],[-122.87613,49.23007],[-122.87613,49.23007],[-122.87613,49.23007],[-122.87613,49.23007],[-122.87613,49.23007],[-122.87613,49.23007],[-122.87612,49.23007],[-122.87612,49.23007],[-122.87612,49.23007],[-122.87612,49.23007],[-122.87612,49.23007],[-122.87612,49.23007],[-122.87612,49.23007],[-122.87612,49.23007],[-122.87612,49.23008],[-122.87612,49.23008],[-122.87612,49.23008],[-122.87612,49.23008],[-122.87611,49.23008],[-122.87611,49.23008],[-122.87611,49.23008],[-122.87611,49.23008],[-122.87611,49.23008],[-122.87611,49.23008],[-122.87611,49.23008],[-122.87611,49.23008],[-122.87611,49.23008],[-122.87611,49.23008],[-122.87611,49.23008],[-122.8761,49.23008],[-122.8761,49.23008],[-122.8761,49.23008],[-122.8761,49.23008],[-122.8761,49.23008],[-122.8761,49.23008],[-122.8761,49.23008],[-122.8761,49.23008],[-122.8761,49.23008],[-122.8761,49.23008],[-122.87609,49.23008],[-122.87609,49.23008],[-122.87609,49.23008],[-122.87609,49.23009],[-122.87609,49.23009],[-122.87609,49.23009],[-122.87609,49.23009],[-122.87609,49.23009],[-122.87609,49.23009],[-122.87609,49.23009],[-122.87609,49.23009],[-122.87609,49.23009],[-122.87609,49.23009],[-122.87608,49.23009],[-122.87608,49.23009],[-122.87608,49.23009],[-122.87608,49.23009],[-122.87608,49.23009],[-122.87608,49.23009],[-122.87608,49.23009],[-122.87608,49.23009],[-122.87608,49.23009],[-122.87608,49.23009],[-122.87607,49.23009],[-122.87607,49.23009],[-122.87607,49.23009],[-122.87607,49.23009],[-122.87607,49.23009],[-122.87607,49.23009],[-122.87607,49.23009],[-122.87607,49.23009],[-122.87607,49.23009],[-122.87607,49.23009],[-122.87607,49.2301],[-122.87607,49.2301],[-122.87606,49.2301],[-122.87606,49.2301],[-122.87606,49.2301],[-122.87606,49.2301],[-122.87606,49.2301],[-122.87606,49.2301],[-122.87606,49.2301],[-122.87606,49.2301],[-122.87606,49.2301],[-122.87606,49.2301],[-122.87606,49.2301],[-122.87606,49.2301],[-122.87605,49.2301],[-122.87605,49.2301],[-122.87605,49.2301],[-122.87605,49.2301],[-122.87605,49.2301],[-122.87605,49.2301],[-122.87605,49.2301],[-122.87605,49.2301],[-122.87605,49.2301],[-122.87605,49.2301],[-122.87605,49.2301],[-122.87605,49.2301],[-122.87604,49.2301],[-122.87604,49.2301],[-122.87604,49.2301],[-122.87604,49.2301],[-122.87604,49.23011],[-122.87604,49.23011],[-122.87604,49.23011],[-122.87604,49.23011],[-122.87604,49.23011],[-122.87604,49.23011],[-122.87604,49.23011],[-122.87603,49.23011],[-122.87603,49.23011],[-122.87603,49.23011],[-122.87603,49.23011],[-122.87603,49.23011],[-122.87603,49.23011],[-122.87603,49.23011],[-122.87603,49.23011],[-122.87603,49.23011],[-122.87603,49.23011],[-122.87603,49.23011],[-122.87602,49.23011],[-122.87602,49.23011],[-122.87602,49.23011],[-122.87602,49.23011],[-122.87602,49.23011],[-122.87602,49.23011],[-122.87602,49.23011],[-122.87602,49.23011],[-122.87602,49.23011],[-122.87602,49.23011],[-122.87602,49.23011],[-122.87602,49.23011],[-122.87601,49.23011],[-122.87601,49.23012],[-122.87601,49.23012],[-122.87601,49.23012],[-122.87601,49.23012],[-122.87601,49.23012],[-122.87601,49.23012],[-122.87601,49.23012],[-122.87601,49.23012],[-122.87601,49.23012],[-122.87601,49.23012],[-122.876,49.23012],[-122.876,49.23012],[-122.876,49.23012],[-122.876,49.23012],[-122.876,49.23012],[-122.876,49.23012],[-122.876,49.23012],[-122.876,49.23012],[-122.876,49.23012],[-122.876,49.23012],[-122.876,49.23012],[-122.876,49.23012],[-122.87599,49.23012],[-122.87599,49.23012],[-122.87599,49.23012],[-122.87599,49.23012],[-122.87599,49.23012],[-122.87599,49.23012],[-122.87599,49.23012],[-122.87599,49.23012],[-122.87599,49.23012],[-122.87599,49.23013],[-122.87599,49.23013],[-122.87598,49.23013],[-122.87598,49.23013],[-122.87598,49.23013],[-122.87598,49.23013],[-122.87598,49.23013],[-122.87598,49.23013],[-122.87598,49.23013],[-122.87598,49.23013],[-122.87598,49.23013],[-122.87598,49.23013],[-122.87598,49.23013],[-122.87597,49.23013],[-122.87597,49.23013],[-122.87597,49.23013],[-122.87597,49.23013],[-122.87597,49.23013],[-122.87597,49.23013],[-122.87597,49.23013],[-122.87597,49.23013],[-122.87597,49.23013],[-122.87597,49.23013],[-122.87597,49.23013],[-122.87597,49.23013],[-122.87596,49.23013],[-122.87596,49.23013],[-122.87596,49.23013],[-122.87596,49.23013],[-122.87596,49.23013],[-122.87596,49.23013],[-122.87596,49.23014],[-122.87596,49.23014],[-122.87596,49.23014],[-122.87596,49.23014],[-122.87596,49.23014],[-122.87596,49.23014],[-122.87595,49.23014],[-122.87595,49.23014],[-122.87595,49.23014],[-122.87595,49.23014],[-122.87595,49.23014],[-122.87595,49.23014],[-122.87595,49.23014],[-122.87595,49.23014],[-122.87595,49.23014],[-122.87595,49.23014],[-122.87595,49.23014],[-122.87595,49.23014],[-122.87594,49.23014],[-122.87594,49.23014],[-122.87594,49.23014],[-122.87594,49.23014],[-122.87594,49.23014],[-122.87594,49.23014],[-122.87594,49.23014],[-122.87594,49.23014],[-122.87594,49.23014],[-122.87594,49.23014],[-122.87594,49.23014],[-122.87593,49.23014],[-122.87593,49.23014],[-122.87593,49.23014],[-122.87593,49.23015],[-122.87593,49.23015],[-122.87593,49.23015],[-122.87593,49.23015],[-122.87593,49.23015],[-122.87593,49.23015],[-122.87593,49.23015],[-122.87593,49.23015],[-122.87592,49.23015],[-122.87592,49.23015],[-122.87592,49.23015],[-122.87592,49.23015],[-122.87592,49.23015],[-122.87592,49.23015],[-122.87592,49.23015],[-122.87592,49.23015],[-122.87592,49.23015],[-122.87592,49.23015],[-122.87592,49.23015],[-122.87592,49.23015],[-122.87591,49.23015],[-122.87591,49.23015],[-122.87591,49.23015],[-122.87591,49.23015],[-122.87591,49.23015],[-122.87591,49.23015],[-122.87591,49.23015],[-122.87591,49.23015],[-122.87591,49.23015],[-122.87591,49.23015],[-122.87591,49.23015],[-122.87591,49.23015],[-122.8759,49.23016],[-122.8759,49.23016],[-122.8759,49.23016],[-122.8759,49.23016],[-122.8759,49.23016],[-122.8759,49.23016],[-122.8759,49.23016],[-122.8759,49.23016],[-122.8759,49.23016],[-122.8759,49.23016],[-122.8759,49.23016],[-122.87589,49.23016],[-122.87589,49.23016],[-122.87589,49.23016],[-122.87589,49.23016],[-122.87589,49.23016],[-122.87589,49.23016],[-122.87589,49.23016],[-122.87589,49.23016],[-122.87589,49.23016],[-122.87589,49.23016],[-122.87589,49.23016],[-122.87588,49.23016],[-122.87588,49.23016],[-122.87588,49.23016],[-122.87588,49.23016],[-122.87588,49.23016],[-122.87588,49.23016],[-122.87588,49.23016],[-122.87588,49.23016],[-122.87588,49.23017],[-122.87588,49.23017],[-122.87588,49.23017],[-122.87588,49.23017],[-122.87587,49.23017],[-122.87587,49.23017],[-122.87587,49.23017],[-122.87587,49.23017],[-122.87587,49.23017],[-122.87587,49.23017],[-122.87587,49.23017],[-122.87587,49.23017],[-122.87587,49.23017],[-122.87587,49.23017],[-122.87587,49.23017],[-122.87586,49.23017],[-122.87586,49.23017],[-122.87586,49.23017],[-122.87586,49.23017],[-122.87586,49.23017],[-122.87586,49.23017],[-122.87586,49.23017],[-122.87586,49.23017],[-122.87586,49.23017],[-122.87586,49.23017],[-122.87586,49.23017],[-122.87585,49.23017],[-122.87585,49.23017],[-122.87585,49.23017],[-122.87585,49.23017],[-122.87585,49.23018],[-122.87585,49.23018],[-122.87585,49.23018],[-122.87585,49.23018],[-122.87585,49.23018],[-122.87585,49.23018],[-122.87585,49.23018],[-122.87585,49.23018],[-122.87584,49.23018],[-122.87584,49.23018],[-122.87584,49.23018],[-122.87584,49.23018],[-122.87584,49.23018],[-122.87584,49.23018],[-122.87584,49.23018],[-122.87584,49.23018],[-122.87584,49.23018],[-122.87584,49.23018],[-122.87584,49.23018],[-122.87583,49.23018],[-122.87583,49.23018],[-122.87583,49.23018],[-122.87583,49.23018],[-122.87583,49.23018],[-122.87583,49.23018],[-122.87583,49.23018],[-122.87583,49.23018],[-122.87583,49.23018],[-122.87583,49.23019],[-122.87582,49.23019],[-122.87582,49.23019],[-122.87582,49.23019],[-122.87582,49.23019],[-122.87582,49.23019],[-122.87582,49.23019],[-122.87582,49.23019],[-122.87582,49.23019],[-122.87582,49.23019],[-122.87582,49.23019],[-122.87582,49.23019],[-122.87582,49.23019],[-122.87581,49.23019],[-122.87581,49.23019],[-122.87581,49.23019],[-122.87581,49.23019],[-122.87581,49.23019],[-122.87581,49.23019],[-122.87581,49.23019],[-122.87581,49.23019],[-122.87581,49.23019],[-122.87581,49.23019],[-122.87581,49.23019],[-122.87581,49.23019],[-122.8758,49.23019],[-122.8758,49.23019],[-122.8758,49.23019],[-122.8758,49.23019],[-122.8758,49.2302],[-122.8758,49.2302],[-122.8758,49.2302],[-122.8758,49.2302],[-122.8758,49.2302],[-122.8758,49.2302],[-122.8758,49.2302],[-122.87579,49.2302],[-122.87579,49.2302],[-122.87579,49.2302],[-122.87579,49.2302],[-122.87579,49.2302],[-122.87579,49.2302],[-122.87579,49.2302],[-122.87579,49.2302],[-122.87579,49.2302],[-122.87579,49.2302],[-122.87579,49.2302],[-122.87578,49.2302],[-122.87578,49.2302],[-122.87578,49.2302],[-122.87578,49.2302],[-122.87578,49.2302],[-122.87578,49.2302],[-122.87578,49.2302],[-122.87578,49.2302],[-122.87578,49.2302],[-122.87578,49.2302],[-122.87578,49.23021],[-122.87578,49.23021],[-122.87577,49.23021],[-122.87577,49.23021],[-122.87577,49.23021],[-122.87577,49.23021],[-122.87577,49.23021],[-122.87577,49.23021],[-122.87577,49.23021],[-122.87577,49.23021],[-122.87577,49.23021],[-122.87577,49.23021],[-122.87577,49.23021],[-122.87576,49.23021],[-122.87576,49.23021],[-122.87576,49.23021],[-122.87576,49.23021],[-122.87576,49.23021],[-122.87576,49.23021],[-122.87576,49.23021],[-122.87576,49.23021],[-122.87576,49.23021],[-122.87576,49.23021],[-122.87576,49.23021],[-122.87576,49.23021],[-122.87575,49.23021],[-122.87575,49.23021],[-122.87575,49.23021],[-122.87575,49.23021],[-122.87575,49.23022],[-122.87575,49.23022],[-122.87575,49.23022],[-122.87575,49.23022],[-122.87575,49.23022],[-122.87575,49.23022],[-122.87575,49.23022],[-122.87574,49.23022],[-122.87574,49.23022],[-122.87574,49.23022],[-122.87574,49.23022],[-122.87574,49.23022],[-122.87574,49.23022],[-122.87574,49.23022],[-122.87574,49.23022],[-122.87574,49.23022],[-122.87574,49.23022],[-122.87574,49.23022],[-122.87574,49.23022],[-122.87573,49.23022],[-122.87573,49.23022],[-122.87573,49.23022],[-122.87573,49.23022],[-122.87573,49.23022],[-122.87573,49.23022],[-122.87573,49.23022],[-122.87573,49.23022],[-122.87573,49.23022],[-122.87573,49.23022],[-122.87573,49.23022],[-122.87572,49.23023],[-122.87572,49.23023],[-122.87572,49.23023],[-122.87572,49.23023],[-122.87572,49.23023],[-122.87572,49.23023],[-122.87572,49.23023],[-122.87572,49.23023],[-122.87572,49.23023],[-122.87572,49.23023],[-122.87572,49.23023],[-122.87571,49.23023],[-122.87571,49.23023],[-122.87571,49.23023],[-122.87571,49.23023],[-122.87571,49.23023],[-122.87571,49.23023],[-122.87571,49.23023],[-122.87571,49.23023],[-122.87571,49.23023],[-122.87571,49.23023],[-122.87571,49.23023],[-122.8757,49.23023],[-122.8757,49.23023],[-122.8757,49.23023],[-122.8757,49.23023],[-122.8757,49.23023],[-122.8757,49.23024],[-122.8757,49.23024],[-122.8757,49.23024],[-122.8757,49.23024],[-122.8757,49.23024],[-122.8757,49.23024],[-122.87569,49.23024],[-122.87569,49.23024],[-122.87569,49.23024],[-122.87569,49.23024],[-122.87569,49.23024],[-122.87569,49.23024],[-122.87569,49.23024],[-122.87569,49.23024],[-122.87569,49.23024],[-122.87569,49.23024],[-122.87569,49.23024],[-122.87568,49.23024],[-122.87568,49.23024],[-122.87568,49.23024],[-122.87568,49.23024],[-122.87568,49.23024],[-122.87568,49.23024],[-122.87568,49.23024],[-122.87568,49.23024],[-122.87568,49.23024],[-122.87568,49.23024],[-122.87568,49.23024],[-122.87568,49.23025],[-122.87567,49.23025],[-122.87567,49.23025],[-122.87567,49.23025],[-122.87567,49.23025],[-122.87567,49.23025],[-122.87567,49.23025],[-122.87567,49.23025],[-122.87567,49.23025],[-122.87567,49.23025],[-122.87567,49.23025],[-122.87567,49.23025],[-122.87566,49.23025],[-122.87566,49.23025],[-122.87566,49.23025],[-122.87566,49.23025],[-122.87566,49.23025],[-122.87566,49.23025],[-122.87566,49.23025],[-122.87566,49.23025],[-122.87566,49.23025],[-122.87566,49.23025],[-122.87566,49.23025],[-122.87565,49.23025],[-122.87565,49.23025],[-122.87565,49.23025],[-122.87565,49.23025],[-122.87565,49.23026],[-122.87565,49.23026],[-122.87565,49.23026],[-122.87565,49.23026],[-122.87565,49.23026],[-122.87565,49.23026],[-122.87565,49.23026],[-122.87564,49.23026],[-122.87564,49.23026],[-122.87564,49.23026],[-122.87564,49.23026],[-122.87564,49.23026],[-122.87564,49.23026],[-122.87564,49.23026],[-122.87564,49.23026],[-122.87564,49.23026],[-122.87564,49.23026],[-122.87564,49.23026],[-122.87564,49.23026],[-122.87563,49.23026],[-122.87563,49.23026],[-122.87563,49.23026],[-122.87563,49.23026],[-122.87563,49.23026],[-122.87563,49.23026],[-122.87563,49.23026],[-122.87563,49.23026],[-122.87563,49.23026],[-122.87563,49.23027],[-122.87563,49.23027],[-122.87563,49.23027],[-122.87562,49.23027],[-122.87562,49.23027],[-122.87562,49.23027],[-122.87562,49.23027],[-122.87562,49.23027],[-122.87562,49.23027],[-122.87562,49.23027],[-122.87562,49.23027],[-122.87562,49.23027],[-122.87562,49.23027],[-122.87562,49.23027],[-122.87561,49.23027],[-122.87561,49.23027],[-122.87561,49.23027],[-122.87561,49.23027],[-122.87561,49.23027],[-122.87561,49.23027],[-122.87561,49.23027],[-122.87561,49.23027],[-122.87561,49.23027],[-122.87561,49.23027],[-122.87561,49.23027],[-122.87561,49.23027],[-122.8756,49.23028],[-122.8756,49.23028],[-122.8756,49.23028],[-122.8756,49.23028],[-122.8756,49.23028],[-122.8756,49.23028],[-122.8756,49.23028],[-122.8756,49.23028],[-122.8756,49.23028],[-122.8756,49.23028],[-122.8756,49.23028],[-122.8756,49.23028],[-122.87559,49.23028],[-122.87559,49.23028],[-122.87559,49.23028],[-122.87559,49.23028],[-122.87559,49.23028],[-122.87559,49.23028],[-122.87559,49.23028],[-122.87559,49.23028],[-122.87559,49.23028],[-122.87559,49.23028],[-122.87559,49.23028],[-122.87559,49.23028],[-122.87558,49.23028],[-122.87558,49.23028],[-122.87558,49.23028],[-122.87558,49.23029],[-122.87558,49.23029],[-122.87558,49.23029],[-122.87558,49.23029],[-122.87558,49.23029],[-122.87558,49.23029],[-122.87558,49.23029],[-122.87558,49.23029],[-122.87558,49.23029],[-122.87558,49.23029],[-122.87557,49.23029],[-122.87557,49.23029],[-122.87557,49.23029],[-122.87557,49.23029],[-122.87557,49.23029],[-122.87557,49.23029],[-122.87557,49.23029],[-122.87557,49.23029],[-122.87557,49.23029],[-122.87557,49.23029],[-122.87557,49.23029],[-122.87557,49.23029],[-122.87556,49.23029],[-122.87556,49.23029],[-122.87556,49.2303],[-122.87556,49.2303],[-122.87556,49.2303],[-122.87556,49.2303],[-122.87556,49.2303],[-122.87556,49.2303],[-122.87556,49.2303],[-122.87556,49.2303],[-122.87556,49.2303],[-122.87555,49.2303],[-122.87555,49.2303],[-122.87555,49.2303],[-122.87555,49.2303],[-122.87555,49.2303],[-122.87555,49.2303],[-122.87555,49.2303],[-122.87555,49.2303],[-122.87555,49.2303],[-122.87555,49.2303],[-122.87555,49.2303],[-122.87554,49.2303],[-122.87554,49.2303],[-122.87554,49.2303],[-122.87554,49.23031],[-122.87554,49.23031],[-122.87554,49.23031],[-122.87554,49.23031],[-122.87554,49.23031],[-122.87554,49.23031],[-122.87554,49.23031],[-122.87554,49.23031],[-122.87553,49.23031],[-122.87553,49.23031],[-122.87553,49.23031],[-122.87553,49.23031],[-122.87553,49.23031],[-122.87553,49.23031],[-122.87553,49.23031],[-122.87553,49.23031],[-122.87553,49.23031],[-122.87553,49.23031],[-122.87553,49.23031],[-122.87553,49.23031],[-122.87552,49.23031],[-122.87552,49.23031],[-122.87552,49.23032],[-122.87552,49.23032],[-122.87552,49.23032],[-122.87552,49.23032],[-122.87552,49.23032],[-122.87552,49.23032],[-122.87552,49.23032],[-122.87552,49.23032],[-122.87552,49.23032],[-122.87551,49.23032],[-122.87551,49.23032],[-122.87551,49.23032],[-122.87551,49.23032],[-122.87551,49.23032],[-122.87551,49.23032],[-122.87551,49.23032],[-122.87551,49.23032],[-122.87551,49.23032],[-122.87551,49.23032],[-122.87551,49.23032],[-122.87551,49.23032],[-122.8755,49.23032],[-122.8755,49.23033],[-122.8755,49.23033],[-122.8755,49.23033],[-122.8755,49.23033],[-122.8755,49.23033],[-122.8755,49.23033],[-122.8755,49.23033],[-122.8755,49.23033],[-122.8755,49.23033],[-122.8755,49.23033],[-122.8755,49.23033],[-122.87549,49.23033],[-122.87549,49.23033],[-122.87549,49.23033],[-122.87549,49.23033],[-122.87549,49.23033],[-122.87549,49.23033],[-122.87549,49.23033],[-122.87549,49.23033],[-122.87549,49.23033],[-122.87549,49.23033],[-122.87549,49.23033],[-122.87548,49.23034],[-122.87548,49.23034],[-122.87548,49.23034],[-122.87548,49.23034],[-122.87548,49.23034],[-122.87548,49.23034],[-122.87548,49.23034],[-122.87548,49.23034],[-122.87548,49.23034],[-122.87548,49.23034],[-122.87548,49.23034],[-122.87548,49.23034],[-122.87547,49.23034],[-122.87547,49.23034],[-122.87547,49.23034],[-122.87547,49.23034],[-122.87547,49.23034],[-122.87547,49.23034],[-122.87547,49.23034],[-122.87547,49.23034],[-122.87547,49.23035],[-122.87547,49.23035],[-122.87547,49.23035],[-122.87546,49.23035],[-122.87546,49.23035],[-122.87546,49.23035],[-122.87546,49.23035],[-122.87546,49.23035],[-122.87546,49.23035],[-122.87546,49.23035],[-122.87546,49.23035],[-122.87546,49.23035],[-122.87545,49.23035],[-122.87545,49.23035],[-122.87545,49.23035],[-122.87545,49.23035],[-122.87545,49.23035],[-122.87545,49.23036],[-122.87545,49.23036],[-122.87545,49.23036],[-122.87545,49.23036],[-122.87545,49.23036],[-122.87545,49.23036],[-122.87544,49.23036],[-122.87544,49.23036],[-122.87544,49.23036],[-122.87544,49.23036],[-122.87544,49.23036],[-122.87544,49.23036],[-122.87544,49.23036],[-122.87544,49.23036],[-122.87544,49.23036],[-122.87544,49.23036],[-122.87544,49.23036],[-122.87543,49.23037],[-122.87543,49.23037],[-122.87543,49.23037],[-122.87543,49.23037],[-122.87543,49.23037],[-122.87543,49.23037],[-122.87543,49.23037],[-122.87543,49.23037],[-122.87543,49.23037],[-122.87543,49.23037],[-122.87543,49.23037],[-122.87542,49.23037],[-122.87542,49.23037],[-122.87542,49.23037],[-122.87542,49.23037],[-122.87542,49.23037],[-122.87542,49.23038],[-122.87542,49.23038],[-122.87542,49.23038],[-122.87542,49.23038],[-122.87542,49.23038],[-122.87542,49.23038],[-122.87541,49.23038],[-122.87541,49.23038],[-122.87541,49.23038],[-122.87541,49.23038],[-122.87541,49.23038],[-122.87541,49.23038],[-122.87541,49.23038],[-122.87541,49.23038],[-122.87541,49.23038],[-122.87541,49.23038],[-122.87541,49.23038],[-122.8754,49.23038],[-122.8754,49.23039],[-122.8754,49.23039],[-122.8754,49.23039],[-122.8754,49.23039],[-122.8754,49.23039],[-122.8754,49.23039],[-122.8754,49.23039],[-122.8754,49.23039],[-122.8754,49.23039],[-122.8754,49.23039],[-122.8754,49.23039],[-122.87539,49.23039],[-122.87539,49.23039],[-122.87539,49.23039],[-122.87539,49.23039],[-122.87539,49.23039],[-122.87539,49.23039],[-122.87539,49.2304],[-122.87539,49.2304],[-122.87539,49.2304],[-122.87539,49.2304],[-122.87539,49.2304],[-122.87539,49.2304],[-122.87538,49.2304],[-122.87538,49.2304],[-122.87538,49.2304],[-122.87538,49.2304],[-122.87538,49.2304],[-122.87538,49.2304],[-122.87538,49.2304],[-122.87538,49.2304],[-122.87538,49.2304],[-122.87538,49.2304],[-122.87538,49.2304],[-122.87538,49.2304],[-122.87538,49.23041],[-122.87537,49.23041],[-122.87537,49.23041],[-122.87537,49.23041],[-122.87537,49.23041],[-122.87537,49.23041],[-122.87537,49.23041],[-122.87537,49.23041],[-122.87537,49.23041],[-122.87537,49.23041],[-122.87537,49.23041],[-122.87537,49.23041],[-122.87537,49.23041],[-122.87537,49.23041],[-122.87536,49.23041],[-122.87536,49.23041],[-122.87536,49.23041],[-122.87536,49.23041],[-122.87536,49.23042],[-122.87536,49.23042],[-122.87536,49.23042],[-122.87536,49.23042],[-122.87536,49.23042],[-122.87536,49.23042],[-122.87536,49.23042],[-122.87536,49.23042],[-122.87535,49.23042],[-122.87535,49.23042],[-122.87535,49.23042],[-122.87535,49.23042],[-122.87535,49.23042],[-122.87535,49.23042],[-122.87535,49.23042],[-122.87535,49.23042],[-122.87535,49.23042],[-122.87535,49.23043],[-122.87535,49.23043],[-122.87535,49.23043],[-122.87535,49.23043],[-122.87534,49.23043],[-122.87534,49.23043],[-122.87534,49.23043],[-122.87534,49.23043],[-122.87534,49.23043],[-122.87534,49.23043],[-122.87534,49.23043],[-122.87534,49.23043],[-122.87534,49.23043],[-122.87534,49.23043],[-122.87534,49.23043],[-122.87534,49.23043],[-122.87534,49.23043],[-122.87534,49.23044],[-122.87534,49.23044],[-122.87533,49.23044],[-122.87533,49.23044],[-122.87533,49.23044],[-122.87533,49.23044],[-122.87533,49.23044],[-122.87533,49.23044],[-122.87533,49.23044],[-122.87533,49.23044],[-122.87533,49.23044],[-122.87533,49.23044],[-122.87533,49.23044],[-122.87533,49.23044],[-122.87533,49.23044],[-122.87532,49.23044],[-122.87532,49.23044],[-122.87532,49.23044],[-122.87532,49.23045],[-122.87532,49.23045],[-122.87532,49.23045],[-122.87532,49.23045],[-122.87532,49.23045],[-122.87532,49.23045],[-122.87532,49.23045],[-122.87532,49.23045],[-122.87532,49.23045],[-122.87532,49.23045],[-122.87532,49.23045],[-122.87532,49.23045],[-122.87532,49.23045],[-122.87532,49.23045],[-122.87531,49.23045],[-122.87531,49.23045],[-122.87531,49.23045],[-122.87531,49.23045],[-122.87531,49.23045],[-122.87531,49.23046],[-122.87531,49.23046],[-122.87531,49.23046],[-122.87531,49.23046],[-122.87531,49.23046],[-122.87531,49.23046],[-122.87531,49.23046],[-122.87531,49.23046],[-122.87531,49.23046],[-122.87531,49.23046],[-122.87531,49.23046],[-122.8753,49.23046],[-122.8753,49.23046],[-122.8753,49.23046],[-122.8753,49.23046],[-122.8753,49.23046],[-122.8753,49.23046],[-122.8753,49.23047],[-122.8753,49.23047],[-122.8753,49.23047],[-122.8753,49.23047],[-122.8753,49.23047],[-122.8753,49.23047],[-122.8753,49.23047],[-122.8753,49.23047],[-122.8753,49.23047],[-122.8753,49.23047],[-122.87529,49.23047],[-122.87529,49.23047],[-122.87529,49.23047],[-122.87529,49.23047],[-122.87529,49.23047],[-122.87529,49.23047],[-122.87529,49.23047],[-122.87529,49.23047],[-122.87529,49.23047],[-122.87529,49.23048],[-122.87529,49.23048],[-122.87529,49.23048],[-122.87529,49.23048],[-122.87529,49.23048],[-122.87529,49.23048],[-122.87529,49.23048],[-122.87529,49.23048],[-122.87529,49.23048],[-122.87528,49.23048],[-122.87528,49.23048],[-122.87528,49.23048],[-122.87528,49.23048],[-122.87528,49.23048],[-122.87528,49.23048],[-122.87528,49.23048],[-122.87528,49.23048],[-122.87528,49.23048],[-122.87528,49.23048],[-122.87528,49.23049],[-122.87528,49.23049],[-122.87528,49.23049],[-122.87528,49.23049],[-122.87528,49.23049],[-122.87528,49.23049],[-122.87527,49.23049],[-122.87527,49.23049],[-122.87527,49.23049],[-122.87527,49.23049],[-122.87527,49.23049],[-122.87527,49.23049],[-122.87527,49.23049],[-122.87527,49.23049],[-122.87527,49.23049],[-122.87527,49.23049],[-122.87527,49.23049],[-122.87527,49.2305],[-122.87527,49.2305],[-122.87527,49.2305],[-122.87527,49.2305],[-122.87527,49.2305],[-122.87527,49.2305],[-122.87527,49.2305],[-122.87526,49.2305],[-122.87526,49.2305],[-122.87526,49.2305],[-122.87526,49.2305],[-122.87526,49.2305],[-122.87526,49.2305],[-122.87526,49.2305],[-122.87526,49.2305],[-122.87526,49.2305],[-122.87526,49.2305],[-122.87526,49.2305],[-122.87526,49.2305],[-122.87526,49.23051],[-122.87526,49.23051],[-122.87526,49.23051],[-122.87526,49.23051],[-122.87526,49.23051],[-122.87526,49.23051],[-122.87526,49.23051],[-122.87526,49.23051],[-122.87525,49.23051],[-122.87525,49.23051],[-122.87525,49.23051],[-122.87525,49.23051],[-122.87525,49.23051],[-122.87525,49.23051],[-122.87525,49.23051],[-122.87525,49.23051],[-122.87525,49.23051],[-122.87525,49.23052],[-122.87525,49.23052],[-122.87525,49.23052],[-122.87525,49.23052],[-122.87525,49.23052],[-122.87525,49.23052],[-122.87525,49.23052],[-122.87525,49.23052],[-122.87525,49.23052],[-122.87525,49.23052],[-122.87525,49.23052],[-122.87524,49.23052],[-122.87524,49.23052],[-122.87524,49.23052],[-122.87524,49.23052],[-122.87524,49.23052],[-122.87524,49.23052],[-122.87524,49.23052],[-122.87524,49.23053],[-122.87524,49.23053],[-122.87524,49.23053],[-122.87524,49.23053],[-122.87524,49.23053],[-122.87524,49.23053],[-122.87524,49.23053],[-122.87524,49.23053],[-122.87524,49.23053],[-122.87524,49.23053],[-122.87524,49.23053],[-122.87524,49.23053],[-122.87524,49.23053],[-122.87523,49.23053],[-122.87523,49.23053],[-122.87523,49.23053],[-122.87523,49.23053],[-122.87523,49.23054],[-122.87523,49.23054],[-122.87523,49.23054],[-122.87523,49.23054],[-122.87523,49.23054],[-122.87523,49.23054],[-122.87523,49.23054],[-122.87523,49.23054],[-122.87523,49.23054],[-122.87523,49.23054],[-122.87523,49.23054],[-122.87523,49.23054],[-122.87523,49.23054],[-122.87523,49.23054],[-122.87523,49.23054],[-122.87523,49.23054],[-122.87523,49.23054],[-122.87522,49.23055],[-122.87522,49.23055],[-122.87522,49.23055],[-122.87522,49.23055],[-122.87522,49.23055],[-122.87522,49.23055],[-122.87522,49.23055],[-122.87522,49.23055],[-122.87522,49.23055],[-122.87522,49.23055],[-122.87522,49.23055],[-122.87522,49.23055],[-122.87522,49.23055],[-122.87522,49.23055],[-122.87522,49.23055],[-122.87522,49.23055],[-122.87522,49.23055],[-122.87522,49.23055],[-122.87522,49.23056],[-122.87522,49.23056],[-122.87522,49.23056],[-122.87522,49.23056],[-122.87521,49.23056],[-122.87521,49.23056],[-122.87521,49.23056],[-122.87521,49.23056],[-122.87521,49.23056],[-122.87521,49.23056],[-122.87521,49.23056],[-122.87521,49.23056],[-122.87521,49.23056],[-122.87521,49.23056],[-122.87521,49.23056],[-122.87521,49.23056],[-122.87521,49.23056],[-122.87521,49.23057],[-122.87521,49.23057],[-122.87521,49.23057],[-122.87521,49.23057],[-122.87521,49.23057],[-122.87521,49.23057],[-122.87521,49.23057],[-122.87521,49.23057],[-122.87521,49.23057],[-122.87521,49.23057],[-122.8752,49.23057],[-122.8752,49.23057],[-122.8752,49.23057],[-122.8752,49.23057],[-122.8752,49.23057],[-122.8752,49.23057],[-122.8752,49.23057],[-122.8752,49.23057],[-122.8752,49.23058],[-122.8752,49.23058],[-122.8752,49.23058],[-122.8752,49.23058],[-122.8752,49.23058],[-122.8752,49.23058],[-122.8752,49.23058],[-122.8752,49.23058],[-122.8752,49.23058],[-122.8752,49.23058],[-122.8752,49.23058],[-122.8752,49.23058],[-122.8752,49.23058],[-122.8752,49.23058],[-122.8752,49.23058],[-122.8752,49.23058],[-122.8752,49.23058],[-122.87519,49.23059],[-122.87519,49.23059],[-122.87519,49.23059],[-122.87519,49.23059],[-122.87519,49.23059],[-122.87519,49.23059],[-122.87519,49.23059],[-122.87519,49.23059],[-122.87519,49.23059],[-122.87519,49.23059],[-122.87519,49.23059],[-122.87519,49.23059],[-122.87519,49.23059],[-122.87519,49.23059],[-122.87519,49.23059],[-122.87519,49.23059],[-122.87519,49.23059],[-122.87519,49.2306],[-122.87519,49.2306],[-122.87519,49.2306],[-122.87519,49.2306],[-122.87519,49.2306],[-122.87519,49.2306],[-122.87519,49.2306],[-122.87519,49.2306],[-122.87519,49.2306],[-122.87518,49.2306],[-122.87518,49.2306],[-122.87518,49.2306],[-122.87518,49.2306],[-122.87518,49.2306],[-122.87518,49.2306],[-122.87518,49.2306],[-122.87518,49.2306],[-122.87518,49.23061],[-122.87518,49.23061],[-122.87518,49.23061],[-122.87518,49.23061],[-122.87518,49.23061],[-122.87518,49.23061],[-122.87518,49.23061],[-122.87518,49.23061],[-122.87518,49.23061],[-122.87518,49.23061],[-122.87518,49.23061],[-122.87518,49.23061],[-122.87518,49.23061],[-122.87518,49.23061],[-122.87518,49.23061],[-122.87518,49.23061],[-122.87518,49.23061],[-122.87518,49.23062],[-122.87517,49.23062],[-122.87517,49.23062],[-122.87517,49.23062],[-122.87517,49.23062],[-122.87517,49.23062],[-122.87517,49.23062],[-122.87517,49.23062],[-122.87517,49.23062],[-122.87517,49.23062],[-122.87517,49.23062],[-122.87517,49.23062],[-122.87517,49.23062],[-122.87517,49.23062],[-122.87517,49.23062],[-122.87517,49.23062],[-122.87517,49.23062],[-122.87517,49.23063],[-122.87517,49.23063],[-122.87517,49.23063],[-122.87517,49.23063],[-122.87517,49.23063],[-122.87517,49.23063],[-122.87517,49.23063],[-122.87517,49.23063],[-122.87517,49.23063],[-122.87517,49.23063],[-122.87517,49.23063],[-122.87517,49.23063],[-122.87517,49.23063],[-122.87516,49.23063],[-122.87516,49.23063],[-122.87516,49.23063],[-122.87516,49.23064],[-122.87516,49.23064],[-122.87516,49.23064],[-122.87516,49.23064],[-122.87516,49.23064],[-122.87516,49.23064],[-122.87516,49.23064],[-122.87516,49.23064],[-122.87516,49.23064],[-122.87516,49.23064],[-122.87516,49.23064],[-122.87516,49.23064],[-122.87516,49.23064],[-122.87516,49.23064],[-122.87516,49.23064],[-122.87516,49.23064],[-122.87516,49.23064],[-122.87516,49.23065],[-122.87516,49.23065],[-122.87516,49.23065],[-122.87516,49.23065],[-122.87516,49.23065],[-122.87516,49.23065],[-122.87516,49.23065],[-122.87516,49.23065],[-122.87516,49.23065],[-122.87515,49.23065],[-122.87515,49.23065],[-122.87515,49.23065],[-122.87515,49.23065],[-122.87515,49.23065],[-122.87515,49.23065],[-122.87515,49.23065],[-122.87515,49.23065],[-122.87515,49.23066],[-122.87515,49.23066],[-122.87515,49.23066],[-122.87515,49.23066],[-122.87515,49.23066],[-122.87515,49.23066],[-122.87515,49.23066],[-122.87515,49.23066],[-122.87515,49.23066],[-122.87515,49.23066],[-122.87515,49.23066],[-122.87515,49.23066],[-122.87515,49.23066],[-122.87515,49.23066],[-122.87515,49.23066],[-122.87515,49.23066],[-122.87515,49.23066],[-122.87515,49.23067],[-122.87515,49.23067],[-122.87515,49.23067],[-122.87515,49.23067],[-122.87515,49.23067],[-122.87515,49.23067],[-122.87515,49.23067],[-122.87514,49.23067],[-122.87514,49.23067],[-122.87514,49.23067],[-122.87514,49.23067],[-122.87514,49.23067],[-122.87514,49.23067],[-122.87514,49.23067],[-122.87514,49.23067],[-122.87514,49.23067],[-122.87514,49.23068],[-122.87514,49.23068],[-122.87514,49.23068],[-122.87514,49.23068],[-122.87514,49.23068],[-122.87514,49.23068],[-122.87514,49.23068],[-122.87514,49.23068],[-122.87514,49.23068],[-122.87514,49.23068],[-122.87514,49.23068],[-122.87514,49.23068],[-122.87514,49.23068],[-122.87514,49.23068],[-122.87514,49.23068],[-122.87514,49.23068],[-122.87514,49.23068],[-122.87514,49.23068],[-122.87514,49.23069],[-122.87514,49.23069],[-122.87514,49.23069],[-122.87514,49.23069],[-122.87514,49.23069],[-122.87514,49.23069],[-122.87514,49.23069],[-122.87513,49.23069],[-122.87513,49.23069],[-122.87513,49.23069],[-122.87513,49.23069],[-122.87513,49.23069],[-122.87513,49.23069],[-122.87513,49.23069],[-122.87513,49.23069],[-122.87513,49.23069],[-122.87513,49.2307],[-122.87513,49.2307],[-122.87513,49.2307],[-122.87513,49.2307],[-122.87513,49.2307],[-122.87513,49.2307],[-122.87513,49.2307],[-122.87513,49.2307],[-122.87513,49.2307],[-122.87513,49.2307],[-122.87513,49.2307],[-122.87513,49.2307],[-122.87513,49.2307],[-122.87513,49.2307],[-122.87513,49.2307],[-122.87513,49.2307],[-122.87513,49.2307],[-122.87513,49.23071],[-122.87513,49.23071],[-122.87513,49.23071],[-122.87513,49.23071],[-122.87513,49.23071],[-122.87513,49.23071],[-122.87513,49.23071],[-122.87513,49.23071],[-122.87513,49.23071],[-122.87513,49.23071],[-122.87513,49.23071],[-122.87512,49.23071],[-122.87512,49.23071],[-122.87512,49.23071],[-122.87512,49.23071],[-122.87512,49.23071],[-122.87512,49.23072],[-122.87512,49.23072],[-122.87512,49.23072],[-122.87512,49.23072],[-122.87512,49.23072],[-122.87512,49.23072],[-122.87512,49.23072],[-122.87512,49.23072],[-122.87512,49.23072],[-122.87512,49.23072],[-122.87512,49.23072],[-122.87512,49.23072],[-122.87512,49.23072],[-122.87512,49.23072],[-122.87512,49.23072],[-122.87512,49.23073],[-122.87512,49.23073],[-122.87512,49.23073],[-122.87512,49.23073],[-122.87512,49.23073],[-122.87512,49.23073],[-122.87512,49.23073],[-122.87512,49.23073],[-122.87512,49.23073],[-122.87512,49.23073],[-122.87512,49.23073],[-122.87512,49.23073],[-122.87512,49.23073],[-122.87512,49.23073],[-122.87512,49.23073],[-122.87512,49.23073],[-122.87512,49.23074],[-122.87512,49.23074],[-122.87512,49.23074],[-122.87512,49.23074],[-122.87511,49.23074],[-122.87511,49.23074],[-122.87511,49.23074],[-122.87511,49.23074],[-122.87511,49.23074],[-122.87511,49.23074],[-122.87511,49.23074],[-122.87511,49.23074],[-122.87511,49.23074],[-122.87511,49.23074],[-122.87511,49.23074],[-122.87511,49.23074],[-122.87511,49.23074],[-122.87511,49.23075],[-122.87511,49.23075],[-122.87511,49.23075],[-122.87511,49.23075],[-122.87511,49.23075],[-122.87511,49.23075],[-122.87511,49.23075],[-122.87511,49.23075],[-122.87511,49.23075],[-122.87511,49.23075],[-122.87511,49.23075],[-122.87511,49.23075],[-122.87511,49.23075],[-122.87511,49.23075],[-122.87511,49.23075],[-122.87511,49.23075],[-122.87511,49.23076],[-122.87511,49.23076],[-122.87511,49.23076],[-122.87511,49.23076],[-122.87511,49.23076],[-122.87511,49.23076],[-122.87511,49.23076],[-122.87511,49.23076],[-122.87511,49.23076],[-122.87511,49.23076],[-122.87511,49.23076],[-122.87511,49.23076],[-122.87511,49.23076],[-122.87511,49.23076],[-122.87511,49.23076],[-122.87511,49.23076],[-122.87511,49.23077],[-122.87511,49.23077],[-122.87511,49.23077],[-122.8751,49.23077],[-122.8751,49.23077],[-122.8751,49.23077],[-122.8751,49.23077],[-122.8751,49.23077],[-122.8751,49.23077],[-122.8751,49.23077],[-122.8751,49.23077],[-122.8751,49.23077],[-122.8751,49.23077],[-122.8751,49.23077],[-122.8751,49.23077],[-122.8751,49.23077],[-122.8751,49.23078],[-122.8751,49.23078],[-122.8751,49.23078],[-122.8751,49.23078],[-122.8751,49.23078],[-122.8751,49.23078],[-122.8751,49.23078],[-122.8751,49.23078],[-122.8751,49.23078],[-122.8751,49.23078],[-122.8751,49.23078],[-122.8751,49.23078],[-122.8751,49.23078],[-122.8751,49.23078],[-122.8751,49.23078],[-122.8751,49.23078],[-122.8751,49.23079],[-122.8751,49.23079],[-122.8751,49.23079],[-122.8751,49.23079],[-122.8751,49.23079],[-122.8751,49.23079],[-122.8751,49.23079],[-122.8751,49.23079],[-122.8751,49.23079],[-122.8751,49.23079],[-122.8751,49.23079],[-122.8751,49.23079],[-122.8751,49.23079],[-122.8751,49.23079],[-122.8751,49.23079],[-122.8751,49.2308],[-122.8751,49.2308],[-122.8751,49.2308],[-122.8751,49.2308],[-122.8751,49.2308],[-122.8751,49.2308],[-122.8751,49.2308],[-122.8751,49.2308],[-122.8751,49.2308],[-122.8751,49.2308],[-122.8751,49.2308],[-122.8751,49.2308],[-122.8751,49.2308],[-122.8751,49.2308],[-122.8751,49.2308],[-122.8751,49.2308],[-122.8751,49.23081],[-122.8751,49.23081],[-122.8751,49.23081],[-122.87509,49.23081],[-122.87509,49.23081],[-122.87509,49.23081],[-122.87509,49.23081],[-122.87509,49.23081],[-122.87509,49.23081],[-122.87509,49.23081],[-122.87509,49.23081],[-122.87509,49.23081],[-122.87509,49.23081],[-122.87509,49.23081],[-122.87509,49.23081],[-122.87509,49.23082],[-122.87509,49.23082],[-122.87509,49.23082],[-122.87509,49.23082],[-122.87509,49.23082],[-122.87509,49.23082],[-122.87509,49.23082],[-122.87509,49.23082],[-122.87509,49.23082],[-122.87509,49.23082],[-122.87509,49.23082],[-122.87509,49.23082],[-122.87509,49.23082],[-122.87509,49.23082],[-122.87509,49.23082],[-122.87509,49.23082],[-122.87509,49.23082],[-122.87509,49.23083],[-122.87509,49.23083],[-122.87509,49.23083],[-122.87509,49.23083],[-122.87509,49.23083],[-122.87509,49.23083],[-122.87509,49.23083],[-122.87509,49.23083],[-122.87509,49.23083],[-122.87509,49.23083],[-122.87509,49.23083],[-122.87509,49.23083],[-122.87509,49.23083],[-122.87509,49.23083],[-122.87509,49.23083],[-122.87509,49.23084],[-122.87509,49.23084],[-122.87509,49.23084],[-122.87509,49.23084],[-122.87509,49.23084],[-122.87509,49.23084],[-122.87509,49.23084],[-122.87509,49.23084],[-122.87509,49.23084],[-122.87509,49.23084],[-122.87509,49.23084],[-122.87509,49.23084],[-122.87509,49.23084],[-122.87509,49.23084],[-122.87509,49.23084],[-122.87509,49.23084],[-122.87509,49.23085],[-122.87509,49.23085],[-122.87509,49.23085],[-122.87509,49.23085],[-122.87509,49.23085],[-122.87509,49.23085],[-122.87509,49.23085],[-122.87509,49.23085],[-122.87509,49.23085],[-122.87509,49.23085],[-122.87509,49.23085],[-122.87509,49.23085],[-122.87509,49.23085],[-122.87509,49.23085],[-122.87509,49.23085],[-122.87509,49.23085],[-122.87509,49.23086],[-122.87509,49.23086],[-122.87509,49.23086],[-122.87509,49.23086],[-122.87509,49.23086],[-122.87509,49.23086],[-122.87509,49.23086],[-122.87509,49.23086],[-122.87509,49.23086],[-122.87509,49.23086],[-122.87509,49.23086],[-122.87509,49.23086],[-122.87509,49.23086],[-122.87509,49.23086],[-122.87509,49.23086],[-122.87509,49.23086],[-122.87509,49.23087],[-122.87509,49.23087],[-122.87509,49.23087],[-122.87509,49.23087],[-122.87509,49.23087],[-122.87509,49.23087],[-122.87509,49.23087],[-122.87509,49.23087],[-122.87509,49.23087],[-122.87509,49.23087],[-122.87509,49.23087],[-122.87509,49.23087],[-122.87509,49.23087],[-122.87509,49.23087],[-122.87509,49.23087],[-122.87509,49.23087],[-122.87509,49.23088],[-122.87509,49.23088],[-122.87509,49.23088],[-122.87509,49.23088],[-122.87509,49.23088],[-122.87509,49.23088],[-122.87509,49.23088],[-122.87509,49.23088],[-122.87509,49.23088],[-122.87509,49.23088],[-122.87509,49.23088],[-122.87509,49.23088],[-122.87509,49.23088],[-122.87509,49.23088],[-122.87509,49.23089],[-122.87509,49.23089],[-122.87509,49.23089],[-122.87509,49.23089],[-122.87509,49.23089],[-122.87509,49.23089],[-122.87509,49.23089],[-122.87509,49.23089],[-122.87509,49.23089],[-122.87509,49.23089],[-122.87509,49.23089],[-122.87509,49.23089],[-122.87508,49.23089],[-122.87508,49.23089],[-122.87508,49.23089],[-122.87508,49.23089],[-122.87508,49.2309],[-122.87508,49.2309],[-122.87508,49.2309],[-122.87508,49.2309],[-122.87508,49.2309],[-122.87508,49.2309],[-122.87508,49.2309],[-122.87508,49.2309],[-122.87508,49.2309],[-122.87508,49.2309],[-122.87508,49.2309],[-122.87508,49.2309],[-122.87508,49.2309],[-122.87508,49.2309],[-122.87508,49.2309],[-122.87508,49.2309],[-122.87508,49.23091],[-122.87508,49.23091],[-122.87508,49.23091],[-122.87508,49.23091],[-122.87508,49.23091],[-122.87508,49.23091],[-122.87508,49.23091],[-122.87508,49.23091],[-122.87508,49.23091],[-122.87508,49.23091],[-122.87508,49.23091],[-122.87508,49.23091],[-122.87508,49.23091],[-122.87508,49.23091],[-122.87508,49.23091],[-122.87508,49.23091],[-122.87508,49.23092],[-122.87508,49.23092],[-122.87508,49.23092],[-122.87509,49.23092],[-122.87509,49.23092],[-122.87509,49.23092],[-122.87509,49.23092],[-122.87509,49.23092],[-122.87509,49.23092],[-122.87509,49.23092],[-122.87509,49.23092],[-122.87509,49.23092],[-122.87509,49.23092],[-122.87509,49.23092],[-122.87509,49.23092],[-122.87509,49.23092],[-122.87509,49.23093],[-122.87509,49.23093],[-122.87509,49.23093],[-122.87509,49.23093],[-122.87509,49.23093],[-122.87509,49.23093],[-122.87509,49.23093],[-122.87509,49.23093],[-122.87509,49.23093],[-122.87509,49.23093],[-122.87509,49.23093],[-122.87509,49.23093],[-122.87509,49.23093],[-122.87509,49.23093],[-122.87509,49.23093],[-122.87509,49.23094],[-122.87509,49.23094],[-122.87509,49.23094],[-122.87509,49.23094],[-122.87509,49.23094],[-122.87509,49.23094],[-122.87509,49.23094],[-122.87509,49.23094],[-122.87509,49.23094],[-122.87509,49.23094],[-122.87509,49.23094],[-122.87509,49.23094],[-122.87509,49.23094],[-122.87509,49.23094],[-122.87509,49.23094],[-122.87509,49.23094],[-122.87509,49.23095],[-122.87509,49.23095],[-122.87509,49.23095],[-122.87509,49.23095],[-122.87509,49.23095],[-122.87509,49.23095],[-122.87509,49.23095],[-122.87509,49.23095],[-122.87509,49.23095],[-122.87509,49.23095],[-122.87509,49.23095],[-122.87509,49.23095],[-122.87509,49.23095],[-122.87509,49.23095],[-122.87509,49.23095],[-122.87509,49.23096],[-122.87509,49.23096],[-122.87509,49.23096],[-122.87509,49.23096],[-122.87509,49.23096],[-122.87509,49.23096],[-122.87509,49.23096],[-122.87509,49.23096],[-122.87509,49.23096],[-122.87509,49.23096],[-122.87509,49.23096],[-122.87509,49.23096],[-122.87509,49.23096],[-122.87509,49.23096],[-122.87509,49.23096],[-122.87509,49.23096],[-122.87509,49.23097],[-122.87509,49.23097],[-122.87509,49.23097],[-122.87509,49.23097],[-122.87509,49.23097],[-122.87509,49.23097],[-122.87509,49.23097],[-122.87509,49.23097],[-122.87509,49.23097],[-122.87509,49.23097],[-122.87509,49.23097],[-122.87509,49.23097],[-122.87509,49.23097],[-122.87509,49.23097],[-122.87509,49.23097],[-122.87509,49.23098],[-122.87509,49.23098],[-122.87509,49.23098],[-122.87509,49.23098],[-122.87509,49.23098],[-122.87509,49.23098],[-122.87509,49.23098],[-122.87509,49.23098],[-122.87509,49.23098],[-122.87509,49.23098],[-122.87509,49.23098],[-122.87509,49.23098],[-122.87509,49.23098],[-122.87509,49.23098],[-122.87509,49.23098],[-122.87509,49.23098],[-122.87509,49.23099],[-122.87509,49.23099],[-122.87509,49.23099],[-122.87509,49.23099],[-122.87509,49.23099],[-122.87509,49.23099],[-122.87509,49.23099],[-122.87509,49.23099],[-122.87509,49.23099],[-122.87509,49.23099],[-122.87509,49.23099],[-122.87509,49.23099],[-122.87509,49.23099],[-122.87509,49.23099],[-122.87509,49.23099],[-122.87509,49.231],[-122.87509,49.231],[-122.87509,49.231],[-122.8751,49.231],[-122.8751,49.231],[-122.8751,49.231],[-122.8751,49.231],[-122.8751,49.231],[-122.8751,49.231],[-122.8751,49.231],[-122.8751,49.231],[-122.8751,49.231],[-122.8751,49.231],[-122.8751,49.231],[-122.8751,49.231],[-122.8751,49.231],[-122.8751,49.231],[-122.8751,49.23101],[-122.8751,49.23101],[-122.8751,49.23101],[-122.8751,49.23101],[-122.8751,49.23101],[-122.8751,49.23101],[-122.8751,49.23101],[-122.8751,49.23101],[-122.8751,49.23101],[-122.8751,49.23101],[-122.8751,49.23101],[-122.8751,49.23101],[-122.8751,49.23101],[-122.8751,49.23101],[-122.8751,49.23101],[-122.8751,49.23102],[-122.8751,49.23102],[-122.8751,49.23102],[-122.8751,49.23102],[-122.8751,49.23102],[-122.8751,49.23102],[-122.8751,49.23102],[-122.8751,49.23102],[-122.8751,49.23102],[-122.8751,49.23102],[-122.8751,49.23102],[-122.8751,49.23102],[-122.8751,49.23102],[-122.8751,49.23102],[-122.8751,49.23102],[-122.8751,49.23103],[-122.8751,49.23103],[-122.8751,49.23103],[-122.8751,49.23103],[-122.8751,49.23103],[-122.8751,49.23103],[-122.8751,49.23103],[-122.8751,49.23103],[-122.8751,49.23103],[-122.8751,49.23103],[-122.8751,49.23103],[-122.8751,49.23103],[-122.8751,49.23103],[-122.87511,49.23103],[-122.87511,49.23103],[-122.87511,49.23103],[-122.87511,49.23104],[-122.87511,49.23104],[-122.87511,49.23104],[-122.87511,49.23104],[-122.87511,49.23104],[-122.87511,49.23104],[-122.87511,49.23104],[-122.87511,49.23104],[-122.87511,49.23104],[-122.87511,49.23104],[-122.87511,49.23104],[-122.87511,49.23104],[-122.87511,49.23104],[-122.87511,49.23104],[-122.87511,49.23104],[-122.87511,49.23105],[-122.87511,49.23105],[-122.87511,49.23105],[-122.87511,49.23105],[-122.87511,49.23105],[-122.87511,49.23105],[-122.87511,49.23105],[-122.87511,49.23105],[-122.87511,49.23105],[-122.87511,49.23105],[-122.87511,49.23105],[-122.87511,49.23105],[-122.87511,49.23105],[-122.87511,49.23105],[-122.87511,49.23105],[-122.87511,49.23105],[-122.87511,49.23106],[-122.87511,49.23106],[-122.87511,49.23106],[-122.87511,49.23106],[-122.87511,49.23106],[-122.87511,49.23106],[-122.87511,49.23106],[-122.87511,49.23106],[-122.87511,49.23106],[-122.87511,49.23106],[-122.87511,49.23106],[-122.87512,49.23106],[-122.87512,49.23106],[-122.87512,49.23106],[-122.87512,49.23106],[-122.87512,49.23106],[-122.87512,49.23106],[-122.87512,49.23107],[-122.87512,49.23107],[-122.87512,49.23107],[-122.87512,49.23107],[-122.87512,49.23107],[-122.87512,49.23107],[-122.87512,49.23107],[-122.87512,49.23107],[-122.87512,49.23107],[-122.87512,49.23107],[-122.87512,49.23107],[-122.87512,49.23107],[-122.87512,49.23107],[-122.87512,49.23107],[-122.87512,49.23107],[-122.87512,49.23107],[-122.87512,49.23108],[-122.87512,49.23108],[-122.87512,49.23108],[-122.87512,49.23108],[-122.87512,49.23108],[-122.87512,49.23108],[-122.87512,49.23108],[-122.87512,49.23108],[-122.87512,49.23108],[-122.87512,49.23108],[-122.87512,49.23108],[-122.87512,49.23108],[-122.87512,49.23108],[-122.87512,49.23108],[-122.87512,49.23108],[-122.87512,49.23108],[-122.87513,49.23109],[-122.87513,49.23109],[-122.87513,49.23109],[-122.87513,49.23109],[-122.87513,49.23109],[-122.87513,49.23109],[-122.87513,49.23109],[-122.87513,49.23109],[-122.87513,49.23109],[-122.87513,49.23109],[-122.87513,49.23109],[-122.87513,49.23109],[-122.87513,49.23109],[-122.87513,49.23109],[-122.87513,49.23109],[-122.87513,49.23109],[-122.87513,49.2311],[-122.87513,49.2311],[-122.87513,49.2311],[-122.87513,49.2311],[-122.87513,49.2311],[-122.87513,49.2311],[-122.87513,49.2311],[-122.87513,49.2311],[-122.87513,49.2311],[-122.87513,49.2311],[-122.87513,49.2311],[-122.87513,49.2311],[-122.87513,49.2311],[-122.87513,49.2311],[-122.87513,49.2311],[-122.87513,49.2311],[-122.87513,49.2311],[-122.87513,49.2311],[-122.87514,49.23111],[-122.87514,49.23111],[-122.87514,49.23111],[-122.87514,49.23111],[-122.87514,49.23111],[-122.87514,49.23111],[-122.87514,49.23111],[-122.87514,49.23111],[-122.87514,49.23111],[-122.87514,49.23111],[-122.87514,49.23111],[-122.87514,49.23111],[-122.87514,49.23111],[-122.87514,49.23111],[-122.87514,49.23111],[-122.87514,49.23111],[-122.87514,49.23112],[-122.87514,49.23112],[-122.87514,49.23112],[-122.87514,49.23112],[-122.87514,49.23112],[-122.87514,49.23112],[-122.87514,49.23112],[-122.87514,49.23112],[-122.87514,49.23112],[-122.87514,49.23112],[-122.87514,49.23112],[-122.87514,49.23112],[-122.87514,49.23112],[-122.87514,49.23112],[-122.87514,49.23112],[-122.87515,49.23112],[-122.87515,49.23113],[-122.87515,49.23113],[-122.87515,49.23113],[-122.87515,49.23113],[-122.87515,49.23113],[-122.87515,49.23113],[-122.87515,49.23113],[-122.87515,49.23113],[-122.87515,49.23113],[-122.87515,49.23113],[-122.87515,49.23113],[-122.87515,49.23113],[-122.87515,49.23113],[-122.87515,49.23113],[-122.87515,49.23113],[-122.87515,49.23113],[-122.87515,49.23113],[-122.87515,49.23113],[-122.87515,49.23114],[-122.87515,49.23114],[-122.87515,49.23114],[-122.87515,49.23114],[-122.87515,49.23114],[-122.87515,49.23114],[-122.87515,49.23114],[-122.87515,49.23114],[-122.87515,49.23114],[-122.87515,49.23114],[-122.87516,49.23114],[-122.87516,49.23114],[-122.87516,49.23114],[-122.87516,49.23114],[-122.87516,49.23114],[-122.87516,49.23114],[-122.87516,49.23114],[-122.87516,49.23115],[-122.87516,49.23115],[-122.87516,49.23115],[-122.87516,49.23115],[-122.87516,49.23115],[-122.87516,49.23115],[-122.87516,49.23115],[-122.87516,49.23115],[-122.87516,49.23115],[-122.87516,49.23115],[-122.87516,49.23115],[-122.87516,49.23115],[-122.87516,49.23115],[-122.87516,49.23115],[-122.87516,49.23115],[-122.87516,49.23115],[-122.87516,49.23116],[-122.87516,49.23116],[-122.87516,49.23116],[-122.87516,49.23116],[-122.87517,49.23116],[-122.87517,49.23116],[-122.87517,49.23116],[-122.87517,49.23116],[-122.87517,49.23116],[-122.87517,49.23116],[-122.87517,49.23116],[-122.87517,49.23116],[-122.87517,49.23116],[-122.87517,49.23116],[-122.87517,49.23116],[-122.87517,49.23116],[-122.87517,49.23116],[-122.87517,49.23116],[-122.87517,49.23117],[-122.87517,49.23117],[-122.87517,49.23117],[-122.87517,49.23117],[-122.87517,49.23117],[-122.87517,49.23117],[-122.87517,49.23117],[-122.87517,49.23117],[-122.87517,49.23117],[-122.87517,49.23117],[-122.87517,49.23117],[-122.87517,49.23117],[-122.87518,49.23117],[-122.87518,49.23117],[-122.87518,49.23117],[-122.87518,49.23117],[-122.87518,49.23117],[-122.87518,49.23118],[-122.87518,49.23118],[-122.87518,49.23118],[-122.87518,49.23118],[-122.87518,49.23118],[-122.87518,49.23118],[-122.87518,49.23118],[-122.87518,49.23118],[-122.87518,49.23118],[-122.87518,49.23118],[-122.87518,49.23118],[-122.87518,49.23118],[-122.87518,49.23118],[-122.87518,49.23118],[-122.87518,49.23118],[-122.87518,49.23118],[-122.87518,49.23118],[-122.87518,49.23119],[-122.87518,49.23119],[-122.87519,49.23119],[-122.87519,49.23119],[-122.87519,49.23119],[-122.87519,49.23119],[-122.87519,49.23119],[-122.87519,49.23119],[-122.87519,49.23119],[-122.87519,49.23119],[-122.87519,49.23119],[-122.87519,49.23119],[-122.87519,49.23119],[-122.87519,49.23119],[-122.87519,49.23119],[-122.87519,49.23119],[-122.87519,49.23119],[-122.87519,49.23119],[-122.87519,49.2312],[-122.87519,49.2312],[-122.87519,49.2312],[-122.87519,49.2312],[-122.87519,49.2312],[-122.87519,49.2312],[-122.87519,49.2312],[-122.87519,49.2312],[-122.8752,49.2312],[-122.8752,49.2312],[-122.8752,49.2312],[-122.8752,49.2312],[-122.8752,49.2312],[-122.8752,49.2312],[-122.8752,49.2312],[-122.8752,49.2312],[-122.8752,49.2312],[-122.8752,49.23121],[-122.8752,49.23121],[-122.8752,49.23121],[-122.8752,49.23121],[-122.8752,49.23121],[-122.8752,49.23121],[-122.8752,49.23121],[-122.8752,49.23121],[-122.8752,49.23121],[-122.8752,49.23121],[-122.8752,49.23121],[-122.8752,49.23121],[-122.8752,49.23121],[-122.87521,49.23121],[-122.87521,49.23121],[-122.87521,49.23121],[-122.87521,49.23121],[-122.87521,49.23122],[-122.87521,49.23122],[-122.87521,49.23122],[-122.87521,49.23122],[-122.87521,49.23122],[-122.87521,49.23122],[-122.87521,49.23122],[-122.87521,49.23122],[-122.87521,49.23122],[-122.87521,49.23122],[-122.87521,49.23122],[-122.87521,49.23122],[-122.87521,49.23122],[-122.87521,49.23122],[-122.87521,49.23122],[-122.87521,49.23122],[-122.87521,49.23122],[-122.87522,49.23122],[-122.87522,49.23123],[-122.87522,49.23123],[-122.87522,49.23123],[-122.87522,49.23123],[-122.87522,49.23123],[-122.87522,49.23123],[-122.87522,49.23123],[-122.87522,49.23123],[-122.87522,49.23123],[-122.87522,49.23123],[-122.87522,49.23123],[-122.87522,49.23123],[-122.87522,49.23123],[-122.87522,49.23123],[-122.87522,49.23123],[-122.87522,49.23123],[-122.87522,49.23123],[-122.87522,49.23123],[-122.87522,49.23124],[-122.87523,49.23124],[-122.87523,49.23124],[-122.87523,49.23124],[-122.87523,49.23124],[-122.87523,49.23124],[-122.87523,49.23124],[-122.87523,49.23124],[-122.87523,49.23124],[-122.87523,49.23124],[-122.87523,49.23124],[-122.87523,49.23124],[-122.87523,49.23124],[-122.87523,49.23124],[-122.87523,49.23124],[-122.87523,49.23124],[-122.87523,49.23124],[-122.87523,49.23124],[-122.87523,49.23125],[-122.87523,49.23125],[-122.87524,49.23125],[-122.87524,49.23125],[-122.87524,49.23125],[-122.87524,49.23125],[-122.87524,49.23125],[-122.87524,49.23125],[-122.87524,49.23125],[-122.87524,49.23125],[-122.87524,49.23125],[-122.87524,49.23125],[-122.87524,49.23125],[-122.87524,49.23125],[-122.87524,49.23125],[-122.87524,49.23125],[-122.87524,49.23125],[-122.87524,49.23125],[-122.87524,49.23126],[-122.87524,49.23126],[-122.87525,49.23126],[-122.87525,49.23126],[-122.87525,49.23126],[-122.87525,49.23126],[-122.87525,49.23126],[-122.87525,49.23126],[-122.87525,49.23126],[-122.87525,49.23126],[-122.87525,49.23126],[-122.87525,49.23126],[-122.87525,49.23126],[-122.87525,49.23126],[-122.87525,49.23126],[-122.87525,49.23126],[-122.87525,49.23126],[-122.87525,49.23126],[-122.87525,49.23127],[-122.87525,49.23127],[-122.87526,49.23127],[-122.87526,49.23127],[-122.87526,49.23127],[-122.87526,49.23127],[-122.87526,49.23127],[-122.87526,49.23127],[-122.87526,49.23127],[-122.87526,49.23127],[-122.87526,49.23127],[-122.87526,49.23127],[-122.87526,49.23127],[-122.87526,49.23127],[-122.87526,49.23127],[-122.87526,49.23127],[-122.87526,49.23127],[-122.87527,49.23128],[-122.87527,49.23128],[-122.87527,49.23128],[-122.87527,49.23128],[-122.87527,49.23128],[-122.87527,49.23128],[-122.87527,49.23128],[-122.87527,49.23128],[-122.87527,49.23128],[-122.87527,49.23128],[-122.87527,49.23128],[-122.87527,49.23128],[-122.87527,49.23128],[-122.87527,49.23128],[-122.87527,49.23128],[-122.87527,49.23128],[-122.87528,49.23128],[-122.87528,49.23128],[-122.87528,49.23128],[-122.87528,49.23129],[-122.87528,49.23129],[-122.87528,49.23129],[-122.87528,49.23129],[-122.87528,49.23129],[-122.87528,49.23129],[-122.87528,49.23129],[-122.87528,49.23129],[-122.87528,49.23129],[-122.87528,49.23129],[-122.87528,49.23129],[-122.87528,49.23129],[-122.87528,49.23129],[-122.87529,49.23129],[-122.87529,49.23129],[-122.87529,49.23129],[-122.87529,49.23129],[-122.87529,49.23129],[-122.87529,49.23129],[-122.87529,49.2313],[-122.87529,49.2313],[-122.87529,49.2313],[-122.87529,49.2313],[-122.87529,49.2313],[-122.87529,49.2313],[-122.87529,49.2313],[-122.87529,49.2313],[-122.8753,49.2313],[-122.8753,49.2313],[-122.8753,49.2313],[-122.8753,49.2313],[-122.8753,49.2313],[-122.8753,49.2313],[-122.8753,49.2313],[-122.8753,49.2313],[-122.8753,49.2313],[-122.8753,49.2313],[-122.8753,49.23131],[-122.8753,49.23131],[-122.8753,49.23131],[-122.8753,49.23131],[-122.87531,49.23131],[-122.87531,49.23131],[-122.87531,49.23131],[-122.87531,49.23131],[-122.87531,49.23131],[-122.87531,49.23131],[-122.87531,49.23131],[-122.87531,49.23131],[-122.87531,49.23131],[-122.87531,49.23131],[-122.87531,49.23131],[-122.87531,49.23131],[-122.87531,49.23131],[-122.87532,49.23131],[-122.87532,49.23131],[-122.87532,49.23132],[-122.87532,49.23132],[-122.87532,49.23132],[-122.87532,49.23132],[-122.87532,49.23132],[-122.87532,49.23132],[-122.87532,49.23132],[-122.87533,49.23132],[-122.87533,49.23132],[-122.87533,49.23132],[-122.87533,49.23132],[-122.87533,49.23132],[-122.87533,49.23133],[-122.87534,49.23133],[-122.87534,49.23133],[-122.87534,49.23133],[-122.87534,49.23133],[-122.87534,49.23133],[-122.87534,49.23133],[-122.87535,49.23133],[-122.87535,49.23133],[-122.87535,49.23134],[-122.87535,49.23134],[-122.87535,49.23134],[-122.87536,49.23134],[-122.87536,49.23134],[-122.87536,49.23134],[-122.87536,49.23134],[-122.87536,49.23134],[-122.87536,49.23134],[-122.87537,49.23135],[-122.87537,49.23135],[-122.87537,49.23135],[-122.87537,49.23135],[-122.87537,49.23135],[-122.87537,49.23135],[-122.87538,49.23135],[-122.87538,49.23135],[-122.87538,49.23135],[-122.87538,49.23136],[-122.87538,49.23136],[-122.87539,49.23136],[-122.87539,49.23136],[-122.87539,49.23136],[-122.87539,49.23136],[-122.87539,49.23136],[-122.87539,49.23136],[-122.8754,49.23136],[-122.8754,49.23137],[-122.8754,49.23137],[-122.8754,49.23137],[-122.8754,49.23137],[-122.8754,49.23137],[-122.87541,49.23137],[-122.87541,49.23137],[-122.87541,49.23137],[-122.87541,49.23137],[-122.87541,49.23138],[-122.87541,49.23138],[-122.87542,49.23138],[-122.87542,49.23138],[-122.87542,49.23138],[-122.87542,49.23138],[-122.87542,49.23138],[-122.87543,49.23138],[-122.87543,49.23138],[-122.87543,49.23139],[-122.87543,49.23139],[-122.87543,49.23139],[-122.87543,49.23139],[-122.87544,49.23139],[-122.87544,49.23139],[-122.87544,49.23139],[-122.87544,49.23139],[-122.87544,49.2314],[-122.87544,49.2314],[-122.87545,49.2314],[-122.87545,49.2314],[-122.87545,49.2314],[-122.87545,49.2314],[-122.87545,49.2314],[-122.87545,49.2314],[-122.87546,49.2314],[-122.87546,49.23141],[-122.87546,49.23141],[-122.87546,49.23141],[-122.87546,49.23141],[-122.87547,49.23141],[-122.87547,49.23141],[-122.87547,49.23141],[-122.87547,49.23141],[-122.87547,49.23141],[-122.87547,49.23142],[-122.87548,49.23142],[-122.87548,49.23142],[-122.87548,49.23142],[-122.87548,49.23142],[-122.87548,49.23142],[-122.87548,49.23142],[-122.87549,49.23142],[-122.87549,49.23142],[-122.87549,49.23143],[-122.87549,49.23143],[-122.87549,49.23143],[-122.87549,49.23143],[-122.8755,49.23143],[-122.8755,49.23143],[-122.8755,49.23143],[-122.8755,49.23143],[-122.8755,49.23143],[-122.8755,49.23143],[-122.87551,49.23144],[-122.87551,49.23144],[-122.87551,49.23144],[-122.87551,49.23144],[-122.87551,49.23144],[-122.87551,49.23144],[-122.87552,49.23144],[-122.87552,49.23144],[-122.87552,49.23144],[-122.87552,49.23145],[-122.87552,49.23145],[-122.87552,49.23145],[-122.87553,49.23145],[-122.87553,49.23145],[-122.87553,49.23145],[-122.87553,49.23145],[-122.87553,49.23145],[-122.87553,49.23146],[-122.87554,49.23146],[-122.87554,49.23146],[-122.87554,49.23146],[-122.87554,49.23146],[-122.87554,49.23146],[-122.87554,49.23146],[-122.87555,49.23146],[-122.87555,49.23146],[-122.87555,49.23147],[-122.87555,49.23147],[-122.87555,49.23147],[-122.87556,49.23147],[-122.87556,49.23147],[-122.87556,49.23147],[-122.87556,49.23147],[-122.87556,49.23147],[-122.87556,49.23147],[-122.87557,49.23148],[-122.87557,49.23148],[-122.87557,49.23148],[-122.87557,49.23148],[-122.87557,49.23148],[-122.87557,49.23148],[-122.87558,49.23148],[-122.87558,49.23148],[-122.87558,49.23148],[-122.87558,49.23149],[-122.87558,49.23149],[-122.87558,49.23149],[-122.87559,49.23149],[-122.87559,49.23149],[-122.87559,49.23149],[-122.87559,49.23149],[-122.87559,49.23149],[-122.87559,49.2315],[-122.8756,49.2315],[-122.8756,49.2315],[-122.8756,49.2315],[-122.8756,49.2315],[-122.8756,49.2315],[-122.8756,49.2315],[-122.8756,49.2315],[-122.87561,49.2315],[-122.87561,49.23151],[-122.87561,49.23151],[-122.87561,49.23151],[-122.87561,49.23151],[-122.87561,49.23151],[-122.87562,49.23151],[-122.87562,49.23151],[-122.87562,49.23151],[-122.87562,49.23151],[-122.87562,49.23152],[-122.87562,49.23152],[-122.87563,49.23152],[-122.87563,49.23152],[-122.87563,49.23152],[-122.87563,49.23152],[-122.87563,49.23152],[-122.87563,49.23152],[-122.87563,49.23152],[-122.87564,49.23153],[-122.87564,49.23153],[-122.87564,49.23153],[-122.87564,49.23153],[-122.87564,49.23153],[-122.87564,49.23153],[-122.87564,49.23153],[-122.87565,49.23153],[-122.87565,49.23153],[-122.87565,49.23154],[-122.87565,49.23154],[-122.87565,49.23154],[-122.87565,49.23154],[-122.87565,49.23154],[-122.87566,49.23154],[-122.87566,49.23154],[-122.87566,49.23154],[-122.87566,49.23154],[-122.87566,49.23155],[-122.87566,49.23155],[-122.87566,49.23155],[-122.87567,49.23155],[-122.87567,49.23155],[-122.87567,49.23155],[-122.87567,49.23155],[-122.87567,49.23155],[-122.87567,49.23155],[-122.87567,49.23155],[-122.87567,49.23155],[-122.87568,49.23155],[-122.87568,49.23155],[-122.87568,49.23155],[-122.87568,49.23156],[-122.87568,49.23156],[-122.87568,49.23156],[-122.87569,49.23156],[-122.87569,49.23156],[-122.87569,49.23156],[-122.87569,49.23156],[-122.87569,49.23156],[-122.87569,49.23156],[-122.8757,49.23156],[-122.8757,49.23156],[-122.8757,49.23156],[-122.8757,49.23156],[-122.8757,49.23156],[-122.8757,49.23157],[-122.87571,49.23157],[-122.87571,49.23157],[-122.87571,49.23157],[-122.87571,49.23157],[-122.87571,49.23157],[-122.87571,49.23157],[-122.87572,49.23157],[-122.87572,49.23157],[-122.87572,49.23157],[-122.87572,49.23157],[-122.87572,49.23157],[-122.87572,49.23157],[-122.87573,49.23158],[-122.87573,49.23158],[-122.87573,49.23158],[-122.87573,49.23158],[-122.87573,49.23158],[-122.87573,49.23158],[-122.87574,49.23158],[-122.87574,49.23158],[-122.87574,49.23158],[-122.87574,49.23158],[-122.87574,49.23158],[-122.87574,49.23158],[-122.87574,49.23158],[-122.87575,49.23158],[-122.87575,49.23159],[-122.87575,49.23159],[-122.87575,49.23159],[-122.87575,49.23159],[-122.87575,49.23159],[-122.87575,49.23159],[-122.87576,49.23159],[-122.87576,49.23159],[-122.87576,49.23159],[-122.87576,49.23159],[-122.87576,49.23159],[-122.87577,49.23159],[-122.87577,49.23159],[-122.87577,49.23159],[-122.87577,49.2316],[-122.87577,49.2316],[-122.87577,49.2316],[-122.87577,49.2316],[-122.87578,49.2316],[-122.87578,49.2316],[-122.87578,49.2316],[-122.87578,49.2316],[-122.87578,49.2316],[-122.87578,49.2316],[-122.87578,49.2316],[-122.87579,49.2316],[-122.87579,49.2316],[-122.87579,49.23161],[-122.87579,49.23161],[-122.87579,49.23161],[-122.8758,49.23161],[-122.8758,49.23161],[-122.8758,49.23161],[-122.8758,49.23161],[-122.8758,49.23161],[-122.8758,49.23161],[-122.87581,49.23161],[-122.87581,49.23161],[-122.87581,49.23161],[-122.87581,49.23161],[-122.87581,49.23162],[-122.87581,49.23162],[-122.87581,49.23162],[-122.87582,49.23162],[-122.87582,49.23162],[-122.87582,49.23162],[-122.87582,49.23162],[-122.87582,49.23162],[-122.87582,49.23162],[-122.87583,49.23162],[-122.87583,49.23162],[-122.87583,49.23162],[-122.87583,49.23162],[-122.87583,49.23163],[-122.87584,49.23163],[-122.87584,49.23163],[-122.87584,49.23163],[-122.87584,49.23163],[-122.87584,49.23163],[-122.87584,49.23163],[-122.87585,49.23163],[-122.87585,49.23163],[-122.87585,49.23163],[-122.87585,49.23163],[-122.87585,49.23163],[-122.87585,49.23163],[-122.87585,49.23164],[-122.87585,49.23164],[-122.87586,49.23164],[-122.87586,49.23164],[-122.87586,49.23164],[-122.87586,49.23164],[-122.87586,49.23164],[-122.87586,49.23164],[-122.87587,49.23164],[-122.87587,49.23164],[-122.87587,49.23164],[-122.87587,49.23164],[-122.87587,49.23164],[-122.87587,49.23164],[-122.87587,49.23164],[-122.87588,49.23164],[-122.87588,49.23165],[-122.87588,49.23165],[-122.87588,49.23165],[-122.87588,49.23165],[-122.87588,49.23165],[-122.87589,49.23165],[-122.87589,49.23165],[-122.87589,49.23165],[-122.87589,49.23165],[-122.87589,49.23165],[-122.87589,49.23165],[-122.8759,49.23165],[-122.8759,49.23165],[-122.8759,49.23166],[-122.8759,49.23166],[-122.8759,49.23166],[-122.8759,49.23166],[-122.87591,49.23166],[-122.87591,49.23166],[-122.87591,49.23166],[-122.87591,49.23166],[-122.87591,49.23166],[-122.87591,49.23166],[-122.87592,49.23166],[-122.87592,49.23166],[-122.87592,49.23166],[-122.87592,49.23166],[-122.87592,49.23167],[-122.87592,49.23167],[-122.87593,49.23167],[-122.87593,49.23167],[-122.87593,49.23167],[-122.87593,49.23167],[-122.87593,49.23167],[-122.87594,49.23167],[-122.87594,49.23167],[-122.87594,49.23167],[-122.87594,49.23167],[-122.87594,49.23167],[-122.87594,49.23167],[-122.87594,49.23167],[-122.87595,49.23168],[-122.87595,49.23168],[-122.87595,49.23168],[-122.87595,49.23168],[-122.87595,49.23168],[-122.87596,49.23168],[-122.87596,49.23168],[-122.87596,49.23168],[-122.87596,49.23168],[-122.87596,49.23168],[-122.87596,49.23168],[-122.87597,49.23168],[-122.87597,49.23168],[-122.87597,49.23168],[-122.87597,49.23169],[-122.87597,49.23169],[-122.87597,49.23169],[-122.87597,49.23169],[-122.87598,49.23169],[-122.87598,49.23169],[-122.87598,49.23169],[-122.87598,49.23169],[-122.87598,49.23169],[-122.87599,49.23169],[-122.87599,49.23169],[-122.87599,49.23169],[-122.87599,49.23169],[-122.87599,49.23169],[-122.87599,49.23169],[-122.87599,49.2317],[-122.876,49.2317],[-122.876,49.2317],[-122.876,49.2317],[-122.876,49.2317],[-122.876,49.2317],[-122.876,49.2317],[-122.87601,49.2317],[-122.87601,49.2317],[-122.87601,49.2317],[-122.87601,49.2317],[-122.87601,49.2317],[-122.87602,49.2317],[-122.87602,49.23171],[-122.87602,49.23171],[-122.87602,49.23171],[-122.87602,49.23171],[-122.87602,49.23171],[-122.87602,49.23171],[-122.87603,49.23171],[-122.87603,49.23171],[-122.87603,49.23171],[-122.87603,49.23171],[-122.87603,49.23171],[-122.87603,49.23171],[-122.87604,49.23171],[-122.87604,49.23171],[-122.87604,49.23172],[-122.87604,49.23172],[-122.87604,49.23172],[-122.87605,49.23172],[-122.87605,49.23172],[-122.87605,49.23172],[-122.87605,49.23172],[-122.87605,49.23172],[-122.87605,49.23172],[-122.87606,49.23172],[-122.87606,49.23172],[-122.87606,49.23172],[-122.87606,49.23172],[-122.87606,49.23173],[-122.87606,49.23173],[-122.87607,49.23173],[-122.87607,49.23173],[-122.87607,49.23173],[-122.87607,49.23173],[-122.87607,49.23173],[-122.87608,49.23173],[-122.87608,49.23173],[-122.87608,49.23173],[-122.87608,49.23173],[-122.87608,49.23173],[-122.87608,49.23173],[-122.87609,49.23174],[-122.87609,49.23174],[-122.87609,49.23174],[-122.87609,49.23174],[-122.87609,49.23174],[-122.87609,49.23174],[-122.8761,49.23174],[-122.8761,49.23174],[-122.8761,49.23174],[-122.8761,49.23174],[-122.8761,49.23174],[-122.8761,49.23174],[-122.87611,49.23174],[-122.87611,49.23174],[-122.87611,49.23175],[-122.87611,49.23175],[-122.87611,49.23175],[-122.87611,49.23175],[-122.87612,49.23175],[-122.87612,49.23175],[-122.87612,49.23175],[-122.87612,49.23175],[-122.87612,49.23175],[-122.87613,49.23175],[-122.87613,49.23175],[-122.87613,49.23175],[-122.87613,49.23175],[-122.87613,49.23175],[-122.87613,49.23176],[-122.87613,49.23176],[-122.87613,49.23176],[-122.87614,49.23176],[-122.87614,49.23176],[-122.87614,49.23176],[-122.87614,49.23176],[-122.87614,49.23176],[-122.87614,49.23176],[-122.87615,49.23176],[-122.87615,49.23176],[-122.87615,49.23176],[-122.87615,49.23176],[-122.87615,49.23176],[-122.87615,49.23176],[-122.87616,49.23177],[-122.87616,49.23177],[-122.87616,49.23177],[-122.87616,49.23177],[-122.87616,49.23177],[-122.87616,49.23177],[-122.87617,49.23177],[-122.87617,49.23177],[-122.87617,49.23177],[-122.87617,49.23177],[-122.87617,49.23177],[-122.87617,49.23177],[-122.87618,49.23177],[-122.87618,49.23177],[-122.87618,49.23177],[-122.87618,49.23177],[-122.87618,49.23178],[-122.87618,49.23178],[-122.87618,49.23178],[-122.87618,49.23178],[-122.87619,49.23178],[-122.87619,49.23178],[-122.87619,49.23178],[-122.87619,49.23178],[-122.87619,49.23178],[-122.87619,49.23178],[-122.87619,49.23178],[-122.8762,49.23178],[-122.8762,49.23178],[-122.8762,49.23178],[-122.8762,49.23178],[-122.8762,49.23179],[-122.8762,49.23179],[-122.8762,49.23179],[-122.87621,49.23179],[-122.87621,49.23179],[-122.87621,49.23179],[-122.87621,49.23179],[-122.87621,49.23179],[-122.87621,49.23179],[-122.87621,49.23179],[-122.87622,49.23179],[-122.87622,49.23179],[-122.87622,49.23179],[-122.87622,49.23179],[-122.87622,49.2318],[-122.87622,49.2318],[-122.87622,49.2318],[-122.87623,49.2318],[-122.87623,49.2318],[-122.87623,49.2318],[-122.87623,49.2318],[-122.87623,49.2318],[-122.87623,49.2318],[-122.87624,49.2318],[-122.87624,49.2318],[-122.87624,49.23181],[-122.87624,49.23181],[-122.87624,49.23181],[-122.87624,49.23181],[-122.87625,49.23181],[-122.87625,49.23181],[-122.87625,49.23181],[-122.87625,49.23181],[-122.87625,49.23181],[-122.87625,49.23181],[-122.87625,49.23181],[-122.87626,49.23182],[-122.87626,49.23182],[-122.87626,49.23182],[-122.87626,49.23182],[-122.87626,49.23182],[-122.87626,49.23182],[-122.87626,49.23182],[-122.87627,49.23182],[-122.87627,49.23182],[-122.87627,49.23182],[-122.87627,49.23182],[-122.87627,49.23182],[-122.87627,49.23183],[-122.87627,49.23183],[-122.87628,49.23183],[-122.87628,49.23183],[-122.87628,49.23183],[-122.87628,49.23183],[-122.87628,49.23183],[-122.87628,49.23183],[-122.87629,49.23183],[-122.87629,49.23184],[-122.87629,49.23184],[-122.87629,49.23184],[-122.87629,49.23184],[-122.87629,49.23184],[-122.87629,49.23184],[-122.87629,49.23184],[-122.8763,49.23184],[-122.8763,49.23184],[-122.8763,49.23184],[-122.8763,49.23185],[-122.8763,49.23185],[-122.8763,49.23185],[-122.8763,49.23185],[-122.87631,49.23185],[-122.87631,49.23185],[-122.87631,49.23185],[-122.87631,49.23185],[-122.87631,49.23185],[-122.87631,49.23186],[-122.87632,49.23186],[-122.87632,49.23186],[-122.87632,49.23186],[-122.87632,49.23186],[-122.87632,49.23186],[-122.87632,49.23186],[-122.87632,49.23186],[-122.87632,49.23186],[-122.87632,49.23186],[-122.87633,49.23187],[-122.87633,49.23187],[-122.87633,49.23187],[-122.87633,49.23187],[-122.87633,49.23187],[-122.87633,49.23187],[-122.87633,49.23187],[-122.87634,49.23187],[-122.87634,49.23187],[-122.87634,49.23187],[-122.87634,49.23188],[-122.87634,49.23188],[-122.87634,49.23188],[-122.87634,49.23188],[-122.87634,49.23188],[-122.87634,49.23188],[-122.87635,49.23188],[-122.87635,49.23188],[-122.87635,49.23188],[-122.87635,49.23188],[-122.87635,49.23188],[-122.87635,49.23189],[-122.87635,49.23189],[-122.87635,49.23189],[-122.87635,49.23189],[-122.87636,49.23189],[-122.87636,49.23189],[-122.87636,49.23189],[-122.87636,49.23189],[-122.87636,49.23189],[-122.87636,49.23189],[-122.87636,49.2319],[-122.87636,49.2319],[-122.87636,49.2319],[-122.87636,49.2319],[-122.87637,49.2319],[-122.87637,49.2319],[-122.87637,49.2319],[-122.87637,49.2319],[-122.87637,49.2319],[-122.87637,49.2319],[-122.87637,49.23191],[-122.87637,49.23191],[-122.87637,49.23191],[-122.87637,49.23191],[-122.87638,49.23191],[-122.87638,49.23191],[-122.87638,49.23191],[-122.87638,49.23191],[-122.87638,49.23191],[-122.87638,49.23191],[-122.87638,49.23191],[-122.87638,49.23192],[-122.87638,49.23192],[-122.87638,49.23192],[-122.87638,49.23192],[-122.87638,49.23192],[-122.87639,49.23192],[-122.87639,49.23192],[-122.87639,49.23192],[-122.87639,49.23192],[-122.87639,49.23192],[-122.87639,49.23193],[-122.87639,49.23193],[-122.87639,49.23193],[-122.87639,49.23193],[-122.87639,49.23193],[-122.87639,49.23193],[-122.87639,49.23193],[-122.8764,49.23193],[-122.8764,49.23193],[-122.8764,49.23193],[-122.8764,49.23194],[-122.8764,49.23194],[-122.8764,49.23194],[-122.8764,49.23194],[-122.8764,49.23194],[-122.8764,49.23194],[-122.8764,49.23194],[-122.8764,49.23194],[-122.8764,49.23194],[-122.8764,49.23194],[-122.87641,49.23195],[-122.87641,49.23195],[-122.87641,49.23195],[-122.87641,49.23195],[-122.87641,49.23195],[-122.87641,49.23195],[-122.87641,49.23195],[-122.87641,49.23195],[-122.87641,49.23195],[-122.87641,49.23196],[-122.87641,49.23196],[-122.87641,49.23196],[-122.87641,49.23196],[-122.87641,49.23196],[-122.87641,49.23196],[-122.87642,49.23196],[-122.87642,49.23196],[-122.87642,49.23196],[-122.87642,49.23196],[-122.87642,49.23197],[-122.87642,49.23197],[-122.87642,49.23197],[-122.87642,49.23197],[-122.87642,49.23197],[-122.87642,49.23197],[-122.87642,49.23197],[-122.87642,49.23197],[-122.87642,49.23197],[-122.87642,49.23198],[-122.87642,49.23198],[-122.87643,49.23198],[-122.87643,49.23198],[-122.87643,49.23198],[-122.87643,49.23198],[-122.87643,49.23198],[-122.87643,49.23198],[-122.87643,49.23198],[-122.87643,49.23198],[-122.87643,49.23199],[-122.87643,49.23199],[-122.87643,49.23199],[-122.87643,49.23199],[-122.87643,49.23199],[-122.87643,49.23199],[-122.87643,49.23199],[-122.87643,49.23199],[-122.87643,49.23199],[-122.87644,49.232],[-122.87644,49.232],[-122.87644,49.232],[-122.87644,49.232],[-122.87644,49.232],[-122.87644,49.232],[-122.87644,49.232],[-122.87644,49.232],[-122.87644,49.232],[-122.87644,49.23201],[-122.87644,49.23201],[-122.87644,49.23201],[-122.87644,49.23201],[-122.87644,49.23201],[-122.87644,49.23201],[-122.87644,49.23201],[-122.87644,49.23201],[-122.87644,49.23201],[-122.87644,49.23201],[-122.87644,49.23202],[-122.87645,49.23202],[-122.87645,49.23202],[-122.87645,49.23202],[-122.87645,49.23202],[-122.87645,49.23202],[-122.87645,49.23202],[-122.87645,49.23202],[-122.87645,49.23202],[-122.87645,49.23203],[-122.87645,49.23203],[-122.87645,49.23203],[-122.87645,49.23203],[-122.87645,49.23203],[-122.87645,49.23203],[-122.87645,49.23203],[-122.87645,49.23203],[-122.87646,49.23203],[-122.87646,49.23203],[-122.87646,49.23204],[-122.87646,49.23204],[-122.87646,49.23204],[-122.87646,49.23204],[-122.87646,49.23204],[-122.87646,49.23204],[-122.87646,49.23204],[-122.87646,49.23204],[-122.87646,49.23204],[-122.87646,49.23204],[-122.87646,49.23205],[-122.87647,49.23205],[-122.87647,49.23205],[-122.87647,49.23205],[-122.87647,49.23205],[-122.87647,49.23205],[-122.87647,49.23205],[-122.87647,49.23205],[-122.87647,49.23205],[-122.87647,49.23205],[-122.87647,49.23206],[-122.87647,49.23206],[-122.87647,49.23206],[-122.87648,49.23206],[-122.87648,49.23206],[-122.87648,49.23206],[-122.87648,49.23206],[-122.87648,49.23206],[-122.87648,49.23206],[-122.87648,49.23206],[-122.87648,49.23207],[-122.87648,49.23207],[-122.87648,49.23207],[-122.87648,49.23207],[-122.87649,49.23207],[-122.87649,49.23207],[-122.87649,49.23207],[-122.87649,49.23207],[-122.87649,49.23207],[-122.87649,49.23208],[-122.87649,49.23208],[-122.87649,49.23208],[-122.87649,49.23208],[-122.87649,49.23208],[-122.87649,49.23208],[-122.87649,49.23208],[-122.87649,49.23208],[-122.8765,49.23208],[-122.8765,49.23208],[-122.8765,49.23209],[-122.8765,49.23209],[-122.8765,49.23209],[-122.8765,49.23209],[-122.8765,49.23209],[-122.8765,49.23209],[-122.8765,49.23209],[-122.8765,49.23209],[-122.8765,49.23209],[-122.8765,49.23209],[-122.8765,49.2321],[-122.87651,49.2321],[-122.87651,49.2321],[-122.87651,49.2321],[-122.87651,49.2321],[-122.87651,49.2321],[-122.87651,49.2321],[-122.87651,49.2321],[-122.87651,49.2321],[-122.87651,49.2321],[-122.87651,49.23211],[-122.87651,49.23211],[-122.87651,49.23211],[-122.87651,49.23211],[-122.87651,49.23211],[-122.87651,49.23211],[-122.87652,49.23211],[-122.87652,49.23211],[-122.87652,49.23211],[-122.87652,49.23212],[-122.87652,49.23212],[-122.87652,49.23212],[-122.87652,49.23212],[-122.87652,49.23212],[-122.87652,49.23212],[-122.87652,49.23212],[-122.87652,49.23212],[-122.87652,49.23212],[-122.87652,49.23212],[-122.87652,49.23213],[-122.87653,49.23213],[-122.87653,49.23213],[-122.87653,49.23213],[-122.87653,49.23213],[-122.87653,49.23213],[-122.87653,49.23213],[-122.87653,49.23213],[-122.87653,49.23213],[-122.87653,49.23214],[-122.87653,49.23214],[-122.87653,49.23214],[-122.87653,49.23214],[-122.87653,49.23214],[-122.87653,49.23214],[-122.87653,49.23214],[-122.87653,49.23214],[-122.87654,49.23214],[-122.87654,49.23214],[-122.87654,49.23215],[-122.87654,49.23215],[-122.87654,49.23215],[-122.87654,49.23215],[-122.87654,49.23215],[-122.87654,49.23215],[-122.87654,49.23215],[-122.87654,49.23215],[-122.87654,49.23215],[-122.87654,49.23216],[-122.87654,49.23216],[-122.87654,49.23216],[-122.87654,49.23216],[-122.87654,49.23216],[-122.87655,49.23216],[-122.87655,49.23216],[-122.87655,49.23216],[-122.87655,49.23217],[-122.87655,49.23217],[-122.87655,49.23217],[-122.87655,49.23217],[-122.87655,49.23217],[-122.87655,49.23217],[-122.87655,49.23217],[-122.87655,49.23217],[-122.87655,49.23217],[-122.87655,49.23217],[-122.87655,49.23218],[-122.87655,49.23218],[-122.87655,49.23218],[-122.87656,49.23218],[-122.87656,49.23218],[-122.87656,49.23218],[-122.87656,49.23218],[-122.87656,49.23218],[-122.87656,49.23218],[-122.87656,49.23219],[-122.87656,49.23219],[-122.87656,49.23219],[-122.87656,49.23219],[-122.87656,49.23219],[-122.87656,49.23219],[-122.87656,49.23219],[-122.87656,49.23219],[-122.87656,49.23219],[-122.87656,49.23219],[-122.87657,49.2322],[-122.87657,49.2322],[-122.87657,49.2322],[-122.87657,49.2322],[-122.87657,49.2322],[-122.87657,49.2322],[-122.87657,49.2322],[-122.87657,49.2322],[-122.87657,49.2322],[-122.87657,49.2322],[-122.87657,49.23221],[-122.87657,49.23221],[-122.87657,49.23221],[-122.87657,49.23221],[-122.87658,49.23221],[-122.87658,49.23221],[-122.87658,49.23221],[-122.87658,49.23221],[-122.87658,49.23221],[-122.87658,49.23222],[-122.87658,49.23222],[-122.87658,49.23222],[-122.87658,49.23222],[-122.87658,49.23222],[-122.87658,49.23222],[-122.87658,49.23222],[-122.87658,49.23222],[-122.87659,49.23222],[-122.87659,49.23223],[-122.87659,49.23223],[-122.87659,49.23223],[-122.87659,49.23223],[-122.87659,49.23223],[-122.87659,49.23223],[-122.87659,49.23223],[-122.87659,49.23223],[-122.87659,49.23223],[-122.87659,49.23223],[-122.87659,49.23224],[-122.87659,49.23224],[-122.87659,49.23224],[-122.87659,49.23224],[-122.8766,49.23224],[-122.8766,49.23224],[-122.8766,49.23224],[-122.8766,49.23224],[-122.8766,49.23224],[-122.8766,49.23224],[-122.8766,49.23225],[-122.8766,49.23225],[-122.8766,49.23225],[-122.8766,49.23225],[-122.8766,49.23225],[-122.8766,49.23225],[-122.8766,49.23225],[-122.8766,49.23225],[-122.87661,49.23225],[-122.87661,49.23226],[-122.87661,49.23226],[-122.87661,49.23226],[-122.87661,49.23226],[-122.87661,49.23226],[-122.87661,49.23226],[-122.87661,49.23226],[-122.87661,49.23226],[-122.87661,49.23226],[-122.87661,49.23227],[-122.87661,49.23227],[-122.87661,49.23227],[-122.87661,49.23227],[-122.87662,49.23227],[-122.87662,49.23227],[-122.87662,49.23227],[-122.87662,49.23227],[-122.87662,49.23227],[-122.87662,49.23227],[-122.87662,49.23228],[-122.87662,49.23228],[-122.87662,49.23228],[-122.87662,49.23228],[-122.87662,49.23228],[-122.87662,49.23228],[-122.87662,49.23228],[-122.87662,49.23228],[-122.87662,49.23228],[-122.87663,49.23229],[-122.87663,49.23229],[-122.87663,49.23229],[-122.87663,49.23229],[-122.87663,49.23229],[-122.87663,49.23229],[-122.87663,49.23229],[-122.87663,49.23229],[-122.87663,49.23229],[-122.87663,49.23229],[-122.87663,49.2323],[-122.87663,49.2323],[-122.87663,49.2323],[-122.87663,49.2323],[-122.87663,49.2323],[-122.87663,49.2323],[-122.87663,49.2323],[-122.87663,49.2323],[-122.87663,49.2323],[-122.87664,49.23231],[-122.87664,49.23231],[-122.87664,49.23231],[-122.87664,49.23231],[-122.87664,49.23231],[-122.87664,49.23231],[-122.87664,49.23231],[-122.87664,49.23231],[-122.87664,49.23231],[-122.87664,49.23232],[-122.87664,49.23232],[-122.87664,49.23232],[-122.87664,49.23232],[-122.87664,49.23232],[-122.87664,49.23232],[-122.87664,49.23232],[-122.87664,49.23232],[-122.87664,49.23232],[-122.87664,49.23233],[-122.87664,49.23233],[-122.87664,49.23233],[-122.87664,49.23233],[-122.87664,49.23233],[-122.87664,49.23233],[-122.87664,49.23233],[-122.87664,49.23233],[-122.87664,49.23233],[-122.87665,49.23234],[-122.87665,49.23234],[-122.87665,49.23234],[-122.87665,49.23234],[-122.87665,49.23234],[-122.87665,49.23234],[-122.87665,49.23234],[-122.87665,49.23234],[-122.87665,49.23234],[-122.87665,49.23234],[-122.87665,49.23235],[-122.87665,49.23235],[-122.87665,49.23235],[-122.87665,49.23235],[-122.87665,49.23235],[-122.87665,49.23235],[-122.87665,49.23235],[-122.87665,49.23235],[-122.87665,49.23235],[-122.87665,49.23236],[-122.87665,49.23236],[-122.87665,49.23236],[-122.87665,49.23236],[-122.87665,49.23236],[-122.87665,49.23236],[-122.87665,49.23236],[-122.87665,49.23236],[-122.87665,49.23237],[-122.87666,49.23237],[-122.87666,49.23237],[-122.87666,49.23237],[-122.87666,49.23237],[-122.87666,49.23237],[-122.87666,49.23237],[-122.87666,49.23237],[-122.87666,49.23237],[-122.87666,49.23238],[-122.87666,49.23238],[-122.87666,49.23238],[-122.87666,49.23238],[-122.87666,49.23238],[-122.87666,49.23238],[-122.87666,49.23238],[-122.87666,49.23238],[-122.87666,49.23238],[-122.87666,49.23239],[-122.87666,49.23239],[-122.87666,49.23239],[-122.87666,49.23239],[-122.87666,49.23239],[-122.87666,49.23239],[-122.87666,49.23239],[-122.87666,49.23239],[-122.87666,49.23239],[-122.87667,49.2324],[-122.87667,49.2324],[-122.87667,49.2324],[-122.87667,49.2324],[-122.87667,49.2324],[-122.87667,49.2324],[-122.87667,49.2324],[-122.87667,49.2324],[-122.87667,49.2324],[-122.87667,49.2324],[-122.87667,49.23241],[-122.87667,49.23241],[-122.87667,49.23241],[-122.87667,49.23241],[-122.87667,49.23241],[-122.87667,49.23241],[-122.87667,49.23241],[-122.87667,49.23241],[-122.87667,49.23241],[-122.87667,49.23242],[-122.87667,49.23242],[-122.87667,49.23242],[-122.87668,49.23242],[-122.87668,49.23242],[-122.87668,49.23242],[-122.87668,49.23242],[-122.87668,49.23242],[-122.87668,49.23242],[-122.87668,49.23243],[-122.87668,49.23243],[-122.87668,49.23243],[-122.87668,49.23243],[-122.87668,49.23243],[-122.87668,49.23243],[-122.87668,49.23243],[-122.87668,49.23243],[-122.87668,49.23243],[-122.87668,49.23244],[-122.87668,49.23244],[-122.87668,49.23244],[-122.87668,49.23244],[-122.87668,49.23244],[-122.87668,49.23244],[-122.87668,49.23244],[-122.87669,49.23244],[-122.87669,49.23244],[-122.87669,49.23245],[-122.87669,49.23245],[-122.87669,49.23245],[-122.87669,49.23245],[-122.87669,49.23245],[-122.87669,49.23245],[-122.87669,49.23245],[-122.87669,49.23245],[-122.87669,49.23245],[-122.87669,49.23246],[-122.87669,49.23246],[-122.87669,49.23246],[-122.87669,49.23246],[-122.87669,49.23246],[-122.87669,49.23246],[-122.87669,49.23246],[-122.87669,49.23246],[-122.87669,49.23246],[-122.8767,49.23246],[-122.8767,49.23247],[-122.8767,49.23247],[-122.8767,49.23247],[-122.8767,49.23247],[-122.8767,49.23247],[-122.8767,49.23247],[-122.8767,49.23247],[-122.8767,49.23247],[-122.8767,49.23247],[-122.8767,49.23248],[-122.8767,49.23248],[-122.8767,49.23248],[-122.8767,49.23248],[-122.8767,49.23248],[-122.87671,49.23248],[-122.87671,49.23248],[-122.87671,49.23248],[-122.87671,49.23248],[-122.87671,49.23248],[-122.87671,49.23249],[-122.87671,49.23249],[-122.87671,49.23249],[-122.87671,49.23249],[-122.87671,49.23249],[-122.87671,49.23249],[-122.87671,49.23249],[-122.87671,49.23249],[-122.87671,49.23249],[-122.87672,49.23249],[-122.87672,49.2325],[-122.87672,49.2325],[-122.87672,49.2325],[-122.87672,49.2325],[-122.87672,49.2325],[-122.87672,49.2325],[-122.87672,49.2325],[-122.87672,49.2325],[-122.87672,49.2325],[-122.87672,49.2325],[-122.87673,49.23251],[-122.87673,49.23251],[-122.87673,49.23251],[-122.87673,49.23251],[-122.87673,49.23251],[-122.87673,49.23251],[-122.87673,49.23251],[-122.87673,49.23251],[-122.87673,49.23251],[-122.87673,49.23251],[-122.87673,49.23251],[-122.87673,49.23252],[-122.87674,49.23252],[-122.87674,49.23252],[-122.87674,49.23252],[-122.87674,49.23252],[-122.87674,49.23252],[-122.87674,49.23252],[-122.87674,49.23252],[-122.87674,49.23252],[-122.87674,49.23252],[-122.87674,49.23253],[-122.87675,49.23253],[-122.87675,49.23253],[-122.87675,49.23253],[-122.87675,49.23253],[-122.87675,49.23253],[-122.87675,49.23253],[-122.87675,49.23253],[-122.87675,49.23253],[-122.87675,49.23253],[-122.87676,49.23253],[-122.87676,49.23254],[-122.87676,49.23254],[-122.87676,49.23254],[-122.87676,49.23254],[-122.87676,49.23254],[-122.87676,49.23254],[-122.87676,49.23254],[-122.87676,49.23254],[-122.87677,49.23254],[-122.87677,49.23254],[-122.87677,49.23254],[-122.87677,49.23255],[-122.87677,49.23255],[-122.87677,49.23255],[-122.87677,49.23255],[-122.87677,49.23255],[-122.87678,49.23255],[-122.87678,49.23255],[-122.87678,49.23255],[-122.87678,49.23255],[-122.87678,49.23255],[-122.87678,49.23256],[-122.87679,49.23256],[-122.87679,49.23256],[-122.87679,49.23256],[-122.87679,49.23256],[-122.87679,49.23256],[-122.87679,49.23256],[-122.87679,49.23256],[-122.8768,49.23256],[-122.8768,49.23256],[-122.8768,49.23257],[-122.8768,49.23257],[-122.8768,49.23257],[-122.8768,49.23257],[-122.8768,49.23257],[-122.8768,49.23257],[-122.87681,49.23257],[-122.87681,49.23257],[-122.87681,49.23257],[-122.87681,49.23257],[-122.87681,49.23257],[-122.87681,49.23258],[-122.87681,49.23258],[-122.87682,49.23258],[-122.87682,49.23258],[-122.87682,49.23258],[-122.87682,49.23258],[-122.87682,49.23258],[-122.87682,49.23258],[-122.87682,49.23258],[-122.87683,49.23259],[-122.87683,49.23259],[-122.87683,49.23259],[-122.87683,49.23259],[-122.87683,49.23259],[-122.87683,49.23259],[-122.87684,49.23259],[-122.87684,49.23259],[-122.87684,49.23259],[-122.87684,49.23259],[-122.87684,49.2326],[-122.87684,49.2326],[-122.87684,49.2326],[-122.87684,49.2326],[-122.87685,49.2326],[-122.87685,49.2326],[-122.87685,49.2326],[-122.87685,49.2326],[-122.87685,49.2326],[-122.87685,49.23261],[-122.87686,49.23261],[-122.87686,49.23261],[-122.87686,49.23261],[-122.87686,49.23261],[-122.87686,49.23261],[-122.87686,49.23261],[-122.87686,49.23261],[-122.87687,49.23261],[-122.87687,49.23262],[-122.87687,49.23262],[-122.87687,49.23262],[-122.87687,49.23262],[-122.87687,49.23262],[-122.87687,49.23262],[-122.87688,49.23262],[-122.87688,49.23262],[-122.87688,49.23262],[-122.87688,49.23262],[-122.87688,49.23262],[-122.87688,49.23263],[-122.87689,49.23263],[-122.87689,49.23263],[-122.87689,49.23263],[-122.87689,49.23263],[-122.87689,49.23263],[-122.87689,49.23263],[-122.87689,49.23263],[-122.87689,49.23263],[-122.8769,49.23263],[-122.8769,49.23264],[-122.8769,49.23264],[-122.8769,49.23264],[-122.8769,49.23264],[-122.8769,49.23264],[-122.8769,49.23264],[-122.87691,49.23264],[-122.87691,49.23264],[-122.87691,49.23264],[-122.87691,49.23264],[-122.87691,49.23264],[-122.87691,49.23264],[-122.87692,49.23265],[-122.87692,49.23265],[-122.87692,49.23265],[-122.87692,49.23265],[-122.87692,49.23265],[-122.87692,49.23265],[-122.87692,49.23265],[-122.87693,49.23265],[-122.87693,49.23265],[-122.87693,49.23265],[-122.87693,49.23265],[-122.87693,49.23266],[-122.87693,49.23266],[-122.87694,49.23266],[-122.87694,49.23266],[-122.87694,49.23266],[-122.87694,49.23266],[-122.87694,49.23266],[-122.87695,49.23266],[-122.87695,49.23266],[-122.87695,49.23266],[-122.87695,49.23267],[-122.87695,49.23267],[-122.87695,49.23267],[-122.87695,49.23267],[-122.87696,49.23267],[-122.87696,49.23267],[-122.87696,49.23267],[-122.87696,49.23267],[-122.87696,49.23267],[-122.87696,49.23267],[-122.87697,49.23267],[-122.87697,49.23268],[-122.87697,49.23268],[-122.87697,49.23268],[-122.87697,49.23268],[-122.87697,49.23268],[-122.87697,49.23268],[-122.87698,49.23268],[-122.87698,49.23268],[-122.87698,49.23268],[-122.87698,49.23268],[-122.87698,49.23268],[-122.87698,49.23269],[-122.87699,49.23269],[-122.87699,49.23269],[-122.87699,49.23269],[-122.87699,49.23269],[-122.87699,49.23269],[-122.87699,49.23269],[-122.87699,49.23269],[-122.877,49.23269],[-122.877,49.23269],[-122.877,49.2327],[-122.877,49.2327],[-122.877,49.2327],[-122.877,49.2327],[-122.877,49.2327],[-122.87701,49.2327],[-122.87701,49.2327],[-122.87701,49.2327],[-122.87701,49.2327],[-122.87701,49.2327],[-122.87702,49.23271],[-122.87702,49.23271],[-122.87702,49.23271],[-122.87702,49.23271],[-122.87702,49.23271],[-122.87702,49.23271],[-122.87702,49.23271],[-122.87703,49.23271],[-122.87703,49.23271],[-122.87703,49.23271],[-122.87703,49.23272],[-122.87703,49.23272],[-122.87704,49.23272],[-122.87704,49.23272],[-122.87704,49.23272],[-122.87704,49.23272],[-122.87704,49.23272],[-122.87704,49.23272],[-122.87705,49.23272],[-122.87705,49.23273],[-122.87705,49.23273],[-122.87705,49.23273],[-122.87705,49.23273],[-122.87705,49.23273],[-122.87705,49.23273],[-122.87706,49.23273],[-122.87706,49.23273],[-122.87706,49.23273],[-122.87706,49.23273],[-122.87706,49.23273],[-122.87706,49.23273],[-122.87706,49.23274],[-122.87707,49.23274],[-122.87707,49.23274],[-122.87707,49.23274],[-122.87707,49.23274],[-122.87707,49.23274],[-122.87707,49.23274],[-122.87708,49.23274],[-122.87708,49.23274],[-122.87708,49.23274],[-122.87708,49.23274],[-122.87708,49.23274],[-122.87708,49.23275],[-122.87708,49.23275],[-122.87708,49.23275],[-122.87709,49.23275],[-122.87709,49.23275],[-122.87709,49.23275],[-122.87709,49.23275],[-122.87709,49.23275],[-122.87709,49.23275],[-122.8771,49.23275],[-122.8771,49.23275],[-122.8771,49.23275],[-122.8771,49.23276],[-122.8771,49.23276],[-122.8771,49.23276],[-122.87711,49.23276],[-122.87711,49.23276],[-122.87711,49.23276],[-122.87711,49.23276],[-122.87711,49.23276],[-122.87711,49.23276],[-122.87712,49.23276],[-122.87712,49.23277],[-122.87712,49.23277],[-122.87712,49.23277],[-122.87712,49.23277],[-122.87712,49.23277],[-122.87712,49.23277],[-122.87712,49.23277],[-122.87713,49.23277],[-122.87713,49.23277],[-122.87713,49.23277],[-122.87713,49.23277],[-122.87713,49.23277],[-122.87713,49.23277],[-122.87713,49.23277],[-122.87714,49.23278],[-122.87714,49.23278],[-122.87714,49.23278],[-122.87714,49.23278],[-122.87714,49.23278],[-122.87714,49.23278],[-122.87714,49.23278],[-122.87714,49.23278],[-122.87715,49.23278],[-122.87715,49.23278],[-122.87715,49.23278],[-122.87715,49.23278],[-122.87715,49.23279],[-122.87715,49.23279],[-122.87715,49.23279],[-122.87715,49.23279],[-122.87715,49.23279],[-122.87716,49.23279],[-122.87716,49.23279],[-122.87716,49.23279],[-122.87716,49.23279],[-122.87716,49.23279],[-122.87716,49.23279],[-122.87716,49.2328],[-122.87716,49.2328],[-122.87716,49.2328],[-122.87716,49.2328],[-122.87717,49.2328],[-122.87717,49.2328],[-122.87717,49.2328],[-122.87717,49.2328],[-122.87717,49.2328],[-122.87717,49.2328],[-122.87717,49.2328],[-122.87717,49.23281],[-122.87717,49.23281],[-122.87718,49.23281],[-122.87718,49.23281],[-122.87718,49.23281],[-122.87718,49.23281],[-122.87718,49.23281],[-122.87718,49.23281],[-122.87718,49.23281],[-122.87718,49.23282],[-122.87718,49.23282],[-122.87719,49.23282],[-122.87719,49.23282],[-122.87719,49.23282],[-122.87719,49.23282],[-122.87719,49.23282],[-122.87719,49.23282],[-122.87719,49.23282],[-122.87719,49.23283],[-122.8772,49.23283],[-122.8772,49.23283],[-122.8772,49.23283],[-122.8772,49.23283],[-122.8772,49.23283],[-122.8772,49.23283],[-122.8772,49.23283],[-122.8772,49.23283],[-122.8772,49.23283],[-122.87721,49.23284],[-122.87721,49.23284],[-122.87721,49.23284],[-122.87721,49.23284],[-122.87721,49.23284],[-122.87721,49.23284],[-122.87721,49.23284],[-122.87721,49.23284],[-122.87722,49.23284],[-122.87722,49.23285],[-122.87722,49.23285],[-122.87722,49.23285],[-122.87722,49.23285],[-122.87722,49.23285],[-122.87722,49.23285],[-122.87722,49.23285],[-122.87723,49.23285],[-122.87723,49.23285],[-122.87723,49.23286],[-122.87723,49.23286],[-122.87723,49.23286],[-122.87723,49.23286],[-122.87723,49.23286],[-122.87723,49.23286],[-122.87723,49.23286],[-122.87724,49.23286],[-122.87724,49.23286],[-122.87724,49.23286],[-122.87724,49.23286],[-122.87724,49.23287],[-122.87724,49.23287],[-122.87724,49.23287],[-122.87724,49.23287],[-122.87724,49.23287],[-122.87724,49.23287],[-122.87725,49.23287],[-122.87725,49.23287],[-122.87725,49.23287],[-122.87725,49.23287],[-122.87725,49.23287],[-122.87725,49.23288],[-122.87725,49.23288],[-122.87725,49.23288],[-122.87725,49.23288],[-122.87725,49.23288],[-122.87725,49.23288],[-122.87725,49.23288],[-122.87726,49.23288],[-122.87726,49.23288],[-122.87726,49.23288],[-122.87726,49.23289],[-122.87726,49.23289],[-122.87726,49.23289],[-122.87726,49.23289],[-122.87726,49.23289],[-122.87726,49.23289],[-122.87726,49.23289],[-122.87726,49.23289],[-122.87726,49.23289],[-122.87726,49.23289],[-122.87727,49.23289],[-122.87727,49.2329],[-122.87727,49.2329],[-122.87749,49.23304],[-122.87762,49.23311],[-122.87762,49.23311],[-122.87762,49.23311],[-122.87762,49.23311],[-122.87762,49.23311],[-122.87762,49.23311],[-122.87762,49.23311],[-122.87763,49.23311],[-122.87763,49.23311],[-122.87763,49.23312],[-122.87763,49.23312],[-122.87763,49.23312],[-122.87763,49.23312],[-122.87764,49.23312],[-122.87764,49.23312],[-122.87764,49.23312],[-122.87764,49.23312],[-122.87764,49.23312],[-122.87764,49.23312],[-122.87764,49.23312],[-122.87765,49.23312],[-122.87765,49.23312],[-122.87765,49.23312],[-122.87765,49.23312],[-122.87765,49.23312],[-122.87765,49.23312],[-122.87766,49.23312],[-122.87766,49.23312],[-122.87766,49.23312],[-122.87766,49.23312],[-122.87766,49.23313],[-122.87766,49.23313],[-122.87767,49.23313],[-122.87767,49.23313],[-122.87767,49.23313],[-122.87767,49.23313],[-122.87767,49.23313],[-122.87767,49.23313],[-122.87767,49.23313],[-122.87768,49.23313],[-122.87768,49.23313],[-122.87768,49.23313],[-122.87768,49.23313],[-122.87768,49.23313],[-122.87768,49.23313],[-122.87769,49.23313],[-122.87769,49.23313],[-122.87769,49.23313],[-122.87769,49.23313],[-122.87769,49.23313],[-122.87769,49.23313],[-122.8777,49.23313],[-122.8777,49.23313],[-122.8777,49.23313],[-122.8777,49.23313],[-122.8777,49.23313],[-122.8777,49.23314],[-122.87771,49.23314],[-122.87771,49.23314],[-122.87771,49.23314],[-122.87771,49.23314],[-122.87771,49.23314],[-122.87771,49.23314],[-122.87772,49.23314],[-122.87772,49.23314],[-122.87772,49.23314],[-122.87772,49.23314],[-122.87772,49.23314],[-122.87773,49.23314],[-122.87773,49.23314],[-122.87773,49.23314],[-122.87773,49.23314],[-122.87773,49.23314],[-122.87773,49.23314],[-122.87774,49.23314],[-122.87774,49.23314],[-122.87774,49.23314],[-122.87774,49.23314],[-122.87774,49.23314],[-122.87774,49.23314],[-122.87775,49.23314],[-122.87775,49.23314],[-122.87775,49.23314],[-122.87775,49.23314],[-122.87775,49.23314],[-122.87775,49.23314],[-122.87776,49.23314],[-122.87776,49.23314],[-122.87776,49.23314],[-122.87776,49.23314],[-122.87776,49.23314],[-122.87776,49.23314],[-122.87777,49.23314],[-122.87777,49.23314],[-122.87777,49.23314],[-122.87777,49.23314],[-122.87777,49.23314],[-122.87777,49.23314],[-122.87778,49.23314],[-122.87778,49.23314],[-122.87778,49.23315],[-122.87778,49.23315],[-122.87778,49.23315],[-122.87779,49.23315],[-122.87779,49.23315],[-122.87779,49.23315],[-122.87779,49.23315],[-122.87779,49.23315],[-122.87779,49.23315],[-122.8778,49.23315],[-122.8778,49.23315],[-122.8778,49.23315],[-122.8778,49.23315],[-122.8778,49.23315],[-122.8778,49.23315],[-122.87781,49.23315],[-122.87781,49.23315],[-122.87781,49.23315],[-122.87781,49.23315],[-122.87781,49.23315],[-122.87781,49.23315],[-122.87782,49.23315],[-122.87782,49.23315],[-122.87782,49.23315],[-122.87782,49.23315],[-122.87782,49.23315],[-122.87782,49.23315],[-122.87783,49.23315],[-122.87783,49.23315],[-122.87783,49.23315],[-122.87783,49.23315],[-122.87783,49.23315],[-122.87783,49.23315],[-122.87784,49.23315],[-122.87784,49.23315],[-122.87784,49.23315],[-122.87784,49.23315],[-122.87784,49.23315],[-122.87784,49.23315],[-122.87785,49.23315],[-122.87785,49.23315],[-122.87785,49.23315],[-122.87785,49.23315],[-122.87785,49.23315],[-122.87785,49.23315],[-122.87786,49.23315],[-122.87786,49.23316],[-122.87786,49.23316],[-122.87786,49.23316],[-122.87786,49.23316],[-122.87787,49.23316],[-122.87787,49.23316],[-122.87787,49.23316],[-122.87787,49.23316],[-122.87787,49.23316],[-122.87787,49.23316],[-122.87788,49.23316],[-122.87788,49.23316],[-122.87788,49.23316],[-122.87788,49.23316],[-122.87788,49.23316],[-122.87788,49.23316],[-122.87789,49.23316],[-122.87789,49.23316],[-122.87789,49.23316],[-122.87789,49.23316],[-122.87789,49.23316],[-122.87789,49.23316],[-122.8779,49.23316],[-122.8779,49.23316],[-122.8779,49.23316],[-122.8779,49.23316],[-122.8779,49.23316],[-122.8779,49.23316],[-122.87791,49.23316],[-122.87791,49.23316],[-122.87791,49.23316],[-122.87791,49.23316],[-122.87791,49.23316],[-122.87791,49.23316],[-122.87792,49.23316],[-122.87792,49.23316],[-122.87792,49.23316],[-122.87792,49.23316],[-122.87792,49.23316],[-122.87792,49.23316],[-122.87793,49.23316],[-122.87793,49.23316],[-122.87793,49.23316],[-122.87793,49.23317],[-122.87793,49.23317],[-122.87793,49.23317],[-122.87794,49.23317],[-122.87794,49.23317],[-122.87794,49.23317],[-122.87794,49.23317],[-122.87794,49.23317],[-122.87794,49.23317],[-122.87795,49.23317],[-122.87795,49.23317],[-122.87795,49.23317],[-122.87795,49.23317],[-122.87795,49.23317],[-122.87795,49.23317],[-122.87796,49.23317],[-122.87796,49.23317],[-122.87796,49.23317],[-122.87796,49.23317],[-122.87796,49.23317],[-122.87797,49.23317],[-122.87797,49.23317],[-122.87797,49.23317],[-122.87797,49.23317],[-122.87797,49.23317],[-122.87797,49.23317],[-122.87798,49.23317],[-122.87798,49.23317],[-122.87798,49.23317],[-122.87798,49.23317],[-122.87798,49.23317],[-122.87798,49.23317],[-122.87799,49.23317],[-122.87799,49.23317],[-122.87799,49.23317],[-122.87799,49.23317],[-122.87799,49.23317],[-122.87799,49.23317],[-122.878,49.23317],[-122.878,49.23317],[-122.878,49.23317],[-122.878,49.23318],[-122.878,49.23318],[-122.878,49.23318],[-122.87801,49.23318],[-122.87801,49.23318],[-122.87801,49.23318],[-122.87801,49.23318],[-122.87801,49.23318],[-122.87801,49.23318],[-122.87802,49.23318],[-122.87802,49.23318],[-122.87802,49.23318],[-122.87802,49.23318],[-122.87802,49.23318],[-122.87802,49.23318],[-122.87803,49.23318],[-122.87803,49.23318],[-122.87803,49.23318],[-122.87803,49.23318],[-122.87803,49.23318],[-122.87803,49.23318],[-122.87804,49.23318],[-122.87804,49.23318],[-122.87804,49.23318],[-122.87804,49.23318],[-122.87804,49.23318],[-122.87804,49.23318],[-122.87805,49.23318],[-122.87805,49.23318],[-122.87805,49.23318],[-122.87805,49.23318],[-122.87805,49.23318],[-122.87805,49.23318],[-122.87806,49.23318],[-122.87806,49.23318],[-122.87806,49.23318],[-122.87806,49.23318],[-122.87806,49.23318],[-122.87806,49.23318],[-122.87807,49.23319],[-122.87807,49.23319],[-122.87807,49.23319],[-122.87807,49.23319],[-122.87807,49.23319],[-122.87808,49.23319],[-122.87808,49.23319],[-122.87808,49.23319],[-122.87808,49.23319],[-122.87808,49.23319],[-122.87808,49.23319],[-122.87809,49.23319],[-122.87809,49.23319],[-122.87809,49.23319],[-122.87809,49.23319],[-122.87809,49.23319],[-122.87809,49.23319],[-122.87809,49.23319],[-122.8781,49.23319],[-122.8781,49.23319],[-122.8781,49.23319],[-122.8781,49.23319],[-122.8781,49.23319],[-122.87811,49.23319],[-122.87811,49.23319],[-122.87811,49.23319],[-122.87811,49.23319],[-122.87811,49.23319],[-122.87811,49.23319],[-122.87812,49.23319],[-122.87812,49.23319],[-122.87812,49.23319],[-122.87812,49.23319],[-122.87812,49.23319],[-122.87812,49.23319],[-122.87813,49.23319],[-122.87813,49.23319],[-122.87813,49.23319],[-122.87813,49.23319],[-122.87813,49.23319],[-122.87813,49.23319],[-122.87814,49.2332],[-122.87814,49.2332],[-122.87814,49.2332],[-122.87814,49.2332],[-122.87814,49.2332],[-122.87814,49.2332],[-122.87815,49.2332],[-122.87815,49.2332],[-122.87815,49.2332],[-122.87815,49.2332],[-122.87815,49.2332],[-122.87815,49.2332],[-122.87816,49.2332],[-122.87816,49.2332],[-122.87816,49.2332],[-122.87816,49.2332],[-122.87816,49.2332],[-122.87816,49.2332],[-122.87817,49.2332],[-122.87817,49.2332],[-122.87817,49.2332],[-122.87817,49.2332],[-122.87817,49.2332],[-122.87817,49.2332],[-122.87818,49.2332],[-122.87818,49.2332],[-122.87818,49.2332],[-122.87818,49.2332],[-122.87818,49.2332],[-122.87818,49.2332],[-122.87819,49.2332],[-122.87819,49.2332],[-122.87819,49.2332],[-122.87819,49.2332],[-122.87819,49.2332],[-122.8782,49.23321],[-122.8782,49.23321],[-122.8782,49.23321],[-122.8782,49.23321],[-122.8782,49.23321],[-122.8782,49.23321],[-122.8782,49.23321],[-122.87821,49.23321],[-122.87821,49.23321],[-122.87821,49.23321],[-122.87821,49.23321],[-122.87821,49.23321],[-122.87821,49.23321],[-122.87822,49.23321],[-122.87822,49.23321],[-122.87822,49.23321],[-122.87822,49.23321],[-122.87822,49.23321],[-122.87822,49.23321],[-122.87823,49.23321],[-122.87823,49.23321],[-122.87823,49.23321],[-122.87823,49.23321],[-122.87823,49.23321],[-122.87823,49.23321],[-122.87824,49.23321],[-122.87824,49.23321],[-122.87824,49.23322],[-122.87824,49.23322],[-122.87824,49.23322],[-122.87824,49.23322],[-122.87825,49.23322],[-122.87825,49.23322],[-122.87825,49.23322],[-122.87825,49.23322],[-122.87825,49.23322],[-122.87825,49.23322],[-122.87825,49.23322],[-122.87826,49.23322],[-122.87826,49.23322],[-122.87826,49.23322],[-122.87826,49.23322],[-122.87826,49.23322],[-122.87826,49.23322],[-122.87827,49.23322],[-122.87827,49.23322],[-122.87827,49.23322],[-122.87827,49.23322],[-122.87827,49.23322],[-122.87827,49.23322],[-122.87828,49.23323],[-122.87828,49.23323],[-122.87828,49.23323],[-122.87828,49.23323],[-122.87828,49.23323],[-122.87828,49.23323],[-122.87828,49.23323],[-122.87829,49.23323],[-122.87829,49.23323],[-122.87829,49.23323],[-122.87829,49.23323],[-122.87829,49.23323],[-122.87829,49.23323],[-122.8783,49.23323],[-122.8783,49.23323],[-122.8783,49.23323],[-122.8783,49.23323],[-122.8783,49.23323],[-122.8783,49.23323],[-122.8783,49.23324],[-122.87831,49.23324],[-122.87831,49.23324],[-122.87831,49.23324],[-122.87831,49.23324],[-122.87831,49.23324],[-122.87831,49.23324],[-122.87831,49.23324],[-122.87832,49.23324],[-122.87832,49.23324],[-122.87832,49.23324],[-122.87832,49.23324],[-122.87832,49.23324],[-122.87832,49.23324],[-122.87832,49.23324],[-122.87833,49.23324],[-122.87833,49.23324],[-122.87833,49.23325],[-122.87833,49.23325],[-122.87833,49.23325],[-122.87833,49.23325],[-122.87833,49.23325],[-122.87834,49.23325],[-122.87834,49.23325],[-122.87834,49.23325],[-122.87834,49.23325],[-122.87834,49.23325],[-122.87834,49.23325],[-122.87834,49.23325],[-122.87835,49.23325],[-122.87835,49.23325],[-122.87835,49.23325],[-122.87835,49.23326],[-122.87835,49.23326],[-122.87835,49.23326],[-122.87835,49.23326],[-122.87836,49.23326],[-122.87836,49.23326],[-122.87836,49.23326],[-122.87836,49.23326],[-122.87836,49.23326],[-122.87836,49.23326],[-122.87836,49.23326],[-122.87836,49.23326],[-122.87836,49.23327],[-122.87837,49.23327],[-122.87837,49.23327],[-122.87837,49.23327],[-122.87837,49.23327],[-122.87837,49.23327],[-122.87837,49.23327],[-122.87837,49.23327],[-122.87837,49.23327],[-122.87837,49.23327],[-122.87837,49.23327],[-122.87838,49.23328],[-122.87838,49.23328],[-122.87838,49.23328],[-122.87838,49.23328],[-122.87838,49.23328],[-122.87838,49.23328],[-122.87838,49.23328],[-122.87838,49.23328],[-122.87838,49.23328],[-122.87838,49.23328],[-122.87839,49.23329],[-122.87839,49.23329],[-122.87839,49.23329],[-122.87839,49.23329],[-122.87839,49.23329],[-122.87839,49.23329],[-122.87839,49.23329],[-122.87839,49.23329],[-122.87839,49.23329],[-122.87839,49.23329],[-122.8784,49.23329],[-122.8784,49.2333],[-122.8784,49.2333],[-122.8784,49.2333],[-122.8784,49.2333],[-122.8784,49.2333],[-122.8784,49.2333],[-122.8784,49.2333],[-122.87841,49.2333],[-122.87841,49.2333],[-122.87841,49.2333],[-122.87841,49.2333],[-122.87841,49.2333],[-122.87841,49.23331],[-122.87841,49.23331],[-122.87841,49.23331],[-122.87842,49.23331],[-122.87842,49.23331],[-122.87842,49.23331],[-122.87842,49.23331],[-122.87842,49.23331],[-122.87842,49.23331],[-122.87842,49.23331],[-122.87842,49.23331],[-122.87843,49.23331],[-122.87843,49.23331],[-122.87843,49.23331],[-122.87843,49.23332],[-122.87843,49.23332],[-122.87843,49.23332],[-122.87843,49.23332],[-122.87843,49.23332],[-122.87844,49.23332],[-122.87844,49.23332],[-122.87844,49.23332],[-122.87844,49.23332],[-122.87844,49.23332],[-122.87844,49.23332],[-122.87845,49.23332],[-122.87845,49.23332],[-122.87845,49.23333],[-122.87845,49.23333],[-122.87845,49.23333],[-122.87845,49.23333],[-122.87846,49.23333],[-122.87846,49.23333],[-122.87846,49.23333],[-122.87846,49.23333],[-122.87846,49.23333],[-122.87846,49.23333],[-122.87846,49.23333],[-122.87847,49.23333],[-122.87847,49.23333],[-122.87847,49.23334],[-122.87847,49.23334],[-122.87847,49.23334],[-122.87847,49.23334],[-122.87848,49.23334],[-122.87848,49.23334],[-122.87848,49.23334],[-122.87848,49.23334],[-122.87848,49.23334],[-122.87848,49.23334],[-122.87848,49.23334],[-122.87849,49.23334],[-122.87849,49.23334],[-122.87849,49.23334],[-122.87849,49.23334],[-122.87849,49.23334],[-122.87849,49.23335],[-122.87849,49.23335],[-122.8785,49.23335],[-122.8785,49.23335],[-122.8785,49.23335],[-122.8785,49.23335],[-122.8785,49.23335],[-122.8785,49.23335],[-122.8785,49.23335],[-122.87851,49.23335],[-122.87851,49.23335],[-122.87851,49.23335],[-122.87851,49.23335],[-122.87851,49.23335],[-122.87851,49.23335],[-122.87851,49.23335],[-122.87852,49.23336],[-122.87852,49.23336],[-122.87852,49.23336],[-122.87852,49.23336],[-122.87852,49.23336],[-122.87852,49.23336],[-122.87853,49.23336],[-122.87853,49.23336],[-122.87853,49.23336],[-122.87853,49.23336],[-122.87853,49.23336],[-122.87853,49.23336],[-122.87853,49.23336],[-122.87854,49.23336],[-122.87854,49.23336],[-122.87854,49.23337],[-122.87854,49.23337],[-122.87854,49.23337],[-122.87854,49.23337],[-122.87855,49.23337],[-122.87855,49.23337],[-122.87855,49.23337],[-122.87855,49.23337],[-122.87855,49.23337],[-122.87855,49.23337],[-122.87856,49.23337],[-122.87856,49.23337],[-122.87856,49.23337],[-122.87856,49.23337],[-122.87856,49.23337],[-122.87856,49.23338],[-122.87857,49.23338],[-122.87857,49.23338],[-122.87857,49.23338],[-122.87857,49.23338],[-122.87857,49.23338],[-122.87857,49.23338],[-122.87858,49.23338],[-122.87858,49.23338],[-122.87858,49.23338],[-122.87858,49.23338],[-122.87858,49.23338],[-122.87858,49.23338],[-122.87859,49.23338],[-122.87859,49.23338],[-122.87859,49.23339],[-122.87859,49.23339],[-122.87859,49.23339],[-122.87859,49.23339],[-122.8786,49.23339],[-122.8786,49.23339],[-122.8786,49.23339],[-122.8786,49.23339],[-122.8786,49.23339],[-122.8786,49.23339],[-122.87861,49.23339],[-122.87861,49.23339],[-122.87861,49.23339],[-122.87861,49.23339],[-122.87861,49.2334],[-122.87861,49.2334],[-122.87862,49.2334],[-122.87862,49.2334],[-122.87862,49.2334],[-122.87862,49.2334],[-122.87862,49.2334],[-122.87862,49.2334],[-122.87863,49.2334],[-122.87863,49.2334],[-122.87863,49.2334],[-122.87863,49.2334],[-122.87863,49.2334],[-122.87863,49.2334],[-122.87864,49.23341],[-122.87864,49.23341],[-122.87864,49.23341],[-122.87864,49.23341],[-122.87864,49.23341],[-122.87864,49.23341],[-122.87865,49.23341],[-122.87865,49.23341],[-122.87865,49.23341],[-122.87865,49.23341],[-122.87865,49.23341],[-122.87866,49.23341],[-122.87866,49.23341],[-122.87866,49.23342],[-122.87866,49.23342],[-122.87866,49.23342],[-122.87866,49.23342],[-122.87866,49.23342],[-122.87867,49.23342],[-122.87867,49.23342],[-122.87867,49.23342],[-122.87867,49.23342],[-122.87867,49.23342],[-122.87867,49.23342],[-122.87868,49.23342],[-122.87868,49.23342],[-122.87868,49.23342],[-122.87868,49.23342],[-122.87868,49.23343],[-122.87868,49.23343],[-122.87869,49.23343],[-122.87869,49.23343],[-122.87869,49.23343],[-122.87869,49.23343],[-122.87869,49.23343],[-122.87869,49.23343],[-122.87869,49.23343],[-122.8787,49.23343],[-122.8787,49.23343],[-122.8787,49.23343],[-122.8787,49.23343],[-122.8787,49.23343],[-122.8787,49.23343],[-122.87871,49.23343],[-122.87871,49.23344],[-122.87871,49.23344],[-122.87871,49.23344],[-122.87871,49.23344],[-122.87871,49.23344],[-122.87872,49.23344],[-122.87872,49.23344],[-122.87872,49.23344],[-122.87872,49.23344],[-122.87872,49.23344],[-122.87872,49.23344],[-122.87873,49.23344],[-122.87873,49.23344],[-122.87873,49.23344],[-122.87873,49.23344],[-122.87873,49.23344],[-122.87873,49.23345],[-122.87874,49.23345],[-122.87874,49.23345],[-122.87874,49.23345],[-122.87874,49.23345],[-122.87874,49.23345],[-122.87874,49.23345],[-122.87875,49.23345],[-122.87875,49.23345],[-122.87875,49.23345],[-122.87875,49.23345],[-122.87875,49.23345],[-122.87875,49.23345],[-122.87875,49.23345],[-122.87876,49.23345],[-122.87876,49.23345],[-122.87876,49.23346],[-122.87876,49.23346],[-122.87876,49.23346],[-122.87876,49.23346],[-122.87877,49.23346],[-122.87877,49.23346],[-122.87877,49.23346],[-122.87877,49.23346],[-122.87877,49.23346],[-122.87877,49.23346],[-122.87877,49.23346],[-122.87878,49.23346],[-122.87878,49.23346],[-122.87878,49.23346],[-122.87878,49.23346],[-122.87878,49.23346],[-122.87878,49.23346],[-122.87879,49.23346],[-122.87879,49.23347],[-122.87879,49.23347],[-122.87879,49.23347],[-122.87879,49.23347],[-122.87879,49.23347],[-122.87879,49.23347],[-122.8788,49.23347],[-122.8788,49.23347],[-122.8788,49.23347],[-122.8788,49.23347],[-122.8788,49.23347],[-122.8788,49.23347],[-122.8788,49.23347],[-122.87881,49.23347],[-122.87881,49.23347],[-122.87881,49.23347],[-122.87881,49.23347],[-122.87881,49.23347],[-122.87881,49.23347],[-122.87882,49.23347],[-122.87882,49.23348],[-122.87882,49.23348],[-122.87882,49.23348],[-122.87882,49.23348],[-122.87882,49.23348],[-122.87882,49.23348],[-122.87883,49.23348],[-122.87883,49.23348],[-122.87883,49.23348],[-122.87883,49.23348],[-122.87883,49.23348],[-122.87883,49.23348],[-122.87884,49.23348],[-122.87884,49.23348],[-122.87884,49.23348],[-122.87884,49.23348],[-122.87884,49.23348],[-122.87884,49.23348],[-122.87885,49.23348],[-122.87885,49.23349],[-122.87885,49.23349],[-122.87885,49.23349],[-122.87885,49.23349],[-122.87885,49.23349],[-122.87886,49.23349],[-122.87886,49.23349],[-122.87886,49.23349],[-122.87886,49.23349],[-122.87886,49.23349],[-122.87886,49.23349],[-122.87886,49.23349],[-122.87887,49.23349],[-122.87887,49.23349],[-122.87887,49.23349],[-122.87887,49.23349],[-122.87887,49.23349],[-122.87887,49.23349],[-122.87888,49.23349],[-122.87888,49.23349],[-122.87888,49.23349],[-122.87888,49.23349],[-122.87888,49.2335],[-122.87888,49.2335],[-122.87889,49.2335],[-122.87889,49.2335],[-122.87889,49.2335],[-122.87889,49.2335],[-122.87889,49.2335],[-122.87889,49.2335],[-122.8789,49.2335],[-122.8789,49.2335],[-122.8789,49.2335],[-122.8789,49.2335],[-122.8789,49.2335],[-122.8789,49.2335],[-122.87891,49.2335],[-122.87891,49.2335],[-122.87891,49.2335],[-122.87891,49.2335],[-122.87891,49.2335],[-122.87891,49.2335],[-122.87892,49.2335],[-122.87892,49.23351],[-122.87892,49.23351],[-122.87892,49.23351],[-122.87892,49.23351],[-122.87892,49.23351],[-122.87892,49.23351],[-122.87893,49.23351],[-122.87893,49.23351],[-122.87893,49.23351],[-122.87893,49.23351],[-122.87893,49.23351],[-122.87893,49.23351],[-122.87894,49.23351],[-122.87894,49.23351],[-122.87894,49.23351],[-122.87894,49.23351],[-122.87894,49.23351],[-122.87894,49.23351],[-122.87895,49.23351],[-122.87895,49.23351],[-122.87895,49.23351],[-122.87895,49.23351],[-122.87895,49.23352],[-122.87895,49.23352],[-122.87896,49.23352],[-122.87896,49.23352],[-122.87896,49.23352],[-122.87896,49.23352],[-122.87896,49.23352],[-122.87896,49.23352],[-122.87897,49.23352],[-122.87897,49.23352],[-122.87897,49.23352],[-122.87897,49.23352],[-122.87897,49.23352],[-122.87897,49.23352],[-122.87897,49.23352],[-122.87898,49.23352],[-122.87898,49.23352],[-122.87898,49.23352],[-122.87898,49.23352],[-122.87898,49.23352],[-122.87898,49.23352],[-122.87899,49.23353],[-122.87899,49.23353],[-122.87899,49.23353],[-122.87899,49.23353],[-122.87899,49.23353],[-122.87899,49.23353],[-122.879,49.23353],[-122.879,49.23353],[-122.879,49.23353],[-122.879,49.23353],[-122.879,49.23353],[-122.879,49.23353],[-122.87901,49.23353],[-122.87901,49.23353],[-122.87901,49.23353],[-122.87901,49.23353],[-122.87901,49.23353],[-122.87902,49.23353],[-122.87902,49.23353],[-122.87902,49.23354],[-122.87902,49.23354],[-122.87902,49.23354],[-122.87902,49.23354],[-122.87902,49.23354],[-122.87903,49.23354],[-122.87903,49.23354],[-122.87903,49.23354],[-122.87903,49.23354],[-122.87903,49.23354],[-122.87903,49.23354],[-122.87904,49.23354],[-122.87904,49.23354],[-122.87904,49.23354],[-122.87904,49.23354],[-122.87904,49.23354],[-122.87904,49.23354],[-122.87905,49.23354],[-122.87905,49.23354],[-122.87905,49.23354],[-122.87905,49.23354],[-122.87905,49.23355],[-122.87905,49.23355],[-122.87905,49.23355],[-122.87906,49.23355],[-122.87906,49.23355],[-122.87906,49.23355],[-122.87906,49.23355],[-122.87906,49.23355],[-122.87906,49.23355],[-122.87907,49.23355],[-122.87907,49.23355],[-122.87907,49.23355],[-122.87907,49.23355],[-122.87907,49.23355],[-122.87907,49.23355],[-122.87908,49.23355],[-122.87908,49.23355],[-122.87908,49.23355],[-122.87908,49.23355],[-122.87908,49.23355],[-122.87908,49.23355],[-122.87908,49.23355],[-122.87909,49.23356],[-122.87909,49.23356],[-122.87909,49.23356],[-122.87909,49.23356],[-122.87909,49.23356],[-122.87909,49.23356],[-122.8791,49.23356],[-122.8791,49.23356],[-122.8791,49.23356],[-122.8791,49.23356],[-122.8791,49.23356],[-122.8791,49.23356],[-122.87911,49.23356],[-122.87911,49.23356],[-122.87911,49.23356],[-122.87911,49.23356],[-122.87911,49.23356],[-122.87911,49.23356],[-122.87912,49.23356],[-122.87912,49.23356],[-122.87912,49.23356],[-122.87912,49.23356],[-122.87912,49.23357],[-122.87912,49.23357],[-122.87912,49.23357],[-122.87913,49.23357],[-122.87913,49.23357],[-122.87913,49.23357],[-122.87913,49.23357],[-122.87913,49.23357],[-122.87914,49.23357],[-122.87914,49.23357],[-122.87914,49.23357],[-122.87914,49.23357],[-122.87914,49.23357],[-122.87914,49.23357],[-122.87915,49.23357],[-122.87915,49.23357],[-122.87915,49.23357],[-122.87915,49.23357],[-122.87915,49.23357],[-122.87915,49.23357],[-122.87915,49.23357],[-122.87916,49.23357],[-122.87916,49.23357],[-122.87916,49.23357],[-122.87916,49.23357],[-122.87916,49.23358],[-122.87916,49.23358],[-122.87917,49.23358],[-122.87917,49.23358],[-122.87917,49.23358],[-122.87917,49.23358],[-122.87917,49.23358],[-122.87917,49.23358],[-122.87918,49.23358],[-122.87918,49.23358],[-122.87918,49.23358],[-122.87918,49.23358],[-122.87918,49.23358],[-122.87918,49.23358],[-122.87919,49.23358],[-122.87919,49.23358],[-122.87919,49.23358],[-122.87919,49.23358],[-122.87919,49.23358],[-122.87919,49.23358],[-122.8792,49.23358],[-122.8792,49.23358],[-122.8792,49.23358],[-122.8792,49.23358],[-122.8792,49.23358],[-122.8792,49.23358],[-122.87921,49.23358],[-122.87921,49.23358],[-122.87921,49.23358],[-122.87921,49.23358],[-122.87921,49.23359],[-122.87921,49.23359],[-122.87922,49.23359],[-122.87922,49.23359],[-122.87922,49.23359],[-122.87922,49.23359],[-122.87922,49.23359],[-122.87922,49.23359],[-122.87923,49.23359],[-122.87923,49.23359],[-122.87923,49.23359],[-122.87923,49.23359],[-122.87923,49.23359],[-122.87923,49.23359],[-122.87924,49.23359],[-122.87924,49.23359],[-122.87924,49.23359],[-122.87924,49.23359],[-122.87924,49.23359],[-122.87924,49.23359],[-122.87925,49.23359],[-122.87925,49.23359],[-122.87925,49.23359],[-122.87925,49.23359],[-122.87925,49.23359],[-122.87925,49.23359],[-122.87926,49.23359],[-122.87926,49.23359],[-122.87926,49.23359],[-122.87926,49.23359],[-122.87926,49.23359],[-122.87927,49.23359],[-122.87927,49.23359],[-122.87927,49.23359],[-122.87927,49.23359],[-122.87927,49.23359],[-122.87927,49.23359],[-122.87928,49.23359],[-122.87928,49.23359],[-122.87928,49.23359],[-122.87928,49.23359],[-122.87928,49.23359],[-122.87928,49.23359],[-122.87929,49.23359],[-122.87929,49.23359],[-122.87929,49.23359],[-122.87929,49.2336],[-122.87929,49.2336],[-122.87929,49.2336],[-122.8793,49.2336],[-122.8793,49.2336],[-122.8793,49.2336],[-122.8793,49.2336],[-122.8793,49.2336],[-122.8793,49.2336],[-122.87931,49.2336],[-122.87931,49.2336],[-122.87931,49.2336],[-122.87931,49.2336],[-122.87931,49.2336],[-122.87931,49.2336],[-122.87932,49.2336],[-122.87932,49.2336],[-122.87932,49.2336],[-122.87932,49.2336],[-122.87932,49.2336],[-122.87932,49.2336],[-122.87933,49.2336],[-122.87933,49.2336],[-122.87933,49.2336],[-122.87933,49.2336],[-122.87933,49.2336],[-122.87933,49.2336],[-122.87934,49.2336],[-122.87934,49.2336],[-122.87934,49.2336],[-122.87934,49.2336],[-122.87934,49.2336],[-122.87934,49.2336],[-122.87935,49.2336],[-122.87935,49.2336],[-122.87935,49.2336],[-122.87935,49.2336],[-122.87935,49.2336],[-122.87936,49.2336],[-122.87936,49.2336],[-122.87936,49.2336],[-122.87936,49.2336],[-122.87936,49.2336],[-122.87936,49.2336],[-122.87937,49.2336],[-122.87937,49.2336],[-122.87937,49.2336],[-122.87937,49.2336],[-122.87937,49.2336],[-122.87937,49.2336],[-122.87938,49.2336],[-122.87938,49.2336],[-122.87938,49.2336],[-122.87938,49.2336],[-122.87938,49.2336],[-122.87938,49.2336],[-122.87939,49.2336],[-122.87939,49.2336],[-122.87939,49.23361],[-122.87939,49.23361],[-122.87939,49.23361],[-122.87939,49.23361],[-122.8794,49.23361],[-122.8794,49.23361],[-122.8794,49.23361],[-122.8794,49.23361],[-122.8794,49.23361],[-122.8794,49.23361],[-122.87941,49.23361],[-122.87941,49.23361],[-122.87941,49.23361],[-122.87941,49.23361],[-122.87941,49.23361],[-122.87941,49.23361],[-122.87942,49.23361],[-122.87942,49.23361],[-122.87942,49.23361],[-122.87942,49.23361],[-122.87942,49.23361],[-122.87943,49.23361],[-122.87943,49.23361],[-122.87943,49.23361],[-122.87943,49.23361],[-122.87943,49.23361],[-122.87943,49.23361],[-122.87944,49.23361],[-122.87944,49.23361],[-122.87944,49.23361],[-122.87944,49.23361],[-122.87944,49.23361],[-122.87944,49.23361],[-122.87945,49.23361],[-122.87945,49.23361],[-122.87945,49.23361],[-122.87945,49.23361],[-122.87945,49.23361],[-122.87945,49.23361],[-122.87946,49.23361],[-122.87946,49.23361],[-122.87946,49.23361],[-122.87946,49.23361],[-122.87946,49.23361],[-122.87947,49.23361],[-122.87947,49.23361],[-122.87947,49.23361],[-122.87947,49.23361],[-122.87947,49.23361],[-122.87947,49.23361],[-122.87948,49.23361],[-122.87948,49.23361],[-122.87948,49.23361],[-122.87948,49.23361],[-122.87948,49.23361],[-122.87948,49.23361],[-122.87949,49.23361],[-122.87949,49.23361],[-122.87949,49.23361],[-122.87949,49.23361],[-122.87949,49.23361],[-122.87949,49.23361],[-122.8795,49.23362],[-122.8795,49.23362],[-122.8795,49.23362],[-122.8795,49.23362],[-122.8795,49.23362],[-122.8795,49.23362],[-122.87951,49.23362],[-122.87951,49.23362],[-122.87951,49.23362],[-122.87951,49.23362],[-122.87951,49.23362],[-122.87952,49.23362],[-122.87952,49.23362],[-122.87952,49.23362],[-122.87952,49.23362],[-122.87952,49.23362],[-122.87952,49.23362],[-122.87953,49.23362],[-122.87953,49.23362],[-122.87953,49.23362],[-122.87953,49.23362],[-122.87953,49.23362],[-122.87953,49.23362],[-122.87954,49.23362],[-122.87954,49.23362],[-122.87954,49.23362],[-122.87954,49.23362],[-122.87954,49.23362],[-122.87954,49.23362],[-122.87955,49.23362],[-122.87955,49.23362],[-122.87955,49.23362],[-122.87955,49.23362],[-122.87955,49.23362],[-122.87955,49.23362],[-122.87956,49.23362],[-122.87956,49.23362],[-122.87956,49.23362],[-122.87956,49.23362],[-122.87956,49.23362],[-122.87956,49.23362],[-122.87957,49.23362],[-122.87957,49.23362],[-122.87957,49.23362],[-122.87957,49.23362],[-122.87957,49.23362],[-122.87958,49.23362],[-122.87958,49.23362],[-122.87958,49.23362],[-122.87958,49.23362],[-122.87958,49.23362],[-122.87958,49.23362],[-122.87959,49.23362],[-122.87959,49.23362],[-122.87959,49.23363],[-122.87959,49.23363],[-122.87959,49.23363],[-122.87959,49.23363],[-122.8796,49.23363],[-122.8796,49.23363],[-122.8796,49.23363],[-122.8796,49.23363],[-122.8796,49.23363],[-122.8796,49.23363],[-122.87961,49.23363],[-122.87961,49.23363],[-122.87961,49.23363],[-122.87961,49.23363],[-122.87961,49.23363],[-122.87961,49.23363],[-122.87962,49.23363],[-122.87962,49.23363],[-122.87962,49.23363],[-122.87962,49.23363],[-122.87962,49.23363],[-122.87962,49.23363],[-122.87963,49.23363],[-122.87963,49.23363],[-122.87963,49.23363],[-122.87963,49.23363],[-122.87963,49.23363],[-122.87963,49.23363],[-122.87964,49.23363],[-122.87964,49.23363],[-122.87964,49.23363],[-122.87964,49.23363],[-122.87964,49.23363],[-122.87965,49.23363],[-122.87965,49.23363],[-122.87965,49.23363],[-122.87965,49.23363],[-122.87965,49.23363],[-122.87965,49.23363],[-122.87966,49.23363],[-122.87966,49.23363],[-122.87966,49.23364],[-122.87966,49.23364],[-122.87966,49.23364],[-122.87966,49.23364],[-122.87967,49.23364],[-122.87967,49.23364],[-122.87967,49.23364],[-122.87967,49.23364],[-122.87967,49.23364],[-122.87967,49.23364],[-122.87968,49.23364],[-122.87968,49.23364],[-122.87968,49.23364],[-122.87968,49.23364],[-122.87968,49.23364],[-122.87968,49.23364],[-122.87969,49.23364],[-122.87969,49.23364],[-122.87969,49.23364],[-122.87969,49.23364],[-122.87969,49.23364],[-122.87969,49.23364],[-122.8797,49.23364],[-122.8797,49.23364],[-122.8797,49.23364],[-122.8797,49.23364],[-122.8797,49.23364],[-122.87971,49.23364],[-122.87971,49.23364],[-122.87971,49.23364],[-122.87971,49.23364],[-122.87971,49.23364],[-122.87971,49.23364],[-122.87972,49.23364],[-122.87972,49.23364],[-122.87972,49.23364],[-122.87972,49.23364],[-122.87972,49.23364],[-122.87972,49.23364],[-122.87973,49.23364],[-122.87973,49.23364],[-122.87973,49.23364],[-122.87973,49.23364],[-122.87973,49.23364],[-122.87973,49.23364],[-122.87974,49.23364],[-122.87974,49.23364],[-122.87974,49.23364],[-122.87974,49.23364],[-122.87974,49.23364],[-122.87975,49.23364],[-122.87975,49.23364],[-122.87975,49.23364],[-122.87975,49.23364],[-122.87975,49.23364],[-122.87975,49.23364],[-122.87976,49.23364],[-122.87976,49.23364],[-122.87976,49.23364],[-122.87976,49.23364],[-122.87976,49.23364],[-122.87976,49.23364],[-122.87977,49.23364],[-122.87977,49.23364],[-122.87977,49.23364],[-122.87977,49.23364],[-122.87977,49.23364],[-122.87977,49.23364],[-122.87978,49.23364],[-122.87978,49.23364],[-122.87978,49.23364],[-122.87978,49.23364],[-122.87978,49.23364],[-122.87979,49.23364],[-122.87979,49.23364],[-122.87979,49.23364],[-122.87979,49.23364],[-122.87979,49.23364],[-122.87979,49.23364],[-122.8798,49.23364],[-122.8798,49.23364],[-122.8798,49.23364],[-122.8798,49.23364],[-122.8798,49.23365],[-122.8798,49.23365],[-122.87981,49.23365],[-122.87981,49.23365],[-122.87981,49.23365],[-122.87981,49.23365],[-122.87981,49.23365],[-122.87981,49.23365],[-122.87982,49.23365],[-122.87982,49.23365],[-122.87982,49.23365],[-122.87982,49.23365],[-122.87982,49.23365],[-122.87982,49.23365],[-122.87983,49.23365],[-122.87983,49.23365],[-122.87983,49.23365],[-122.87983,49.23365],[-122.87983,49.23365],[-122.87984,49.23365],[-122.87984,49.23365],[-122.87984,49.23365],[-122.87984,49.23365],[-122.87984,49.23365],[-122.87984,49.23365],[-122.87985,49.23365],[-122.87985,49.23365],[-122.87985,49.23365],[-122.87985,49.23365],[-122.87985,49.23365],[-122.87985,49.23365],[-122.87986,49.23365],[-122.87986,49.23365],[-122.87986,49.23365],[-122.87986,49.23365],[-122.87986,49.23365],[-122.87986,49.23365],[-122.87987,49.23365],[-122.87987,49.23365],[-122.87987,49.23365],[-122.87987,49.23365],[-122.87987,49.23366],[-122.87987,49.23366],[-122.87988,49.23366],[-122.87988,49.23366],[-122.87988,49.23366],[-122.87988,49.23366],[-122.87988,49.23366],[-122.87988,49.23366],[-122.87989,49.23366],[-122.87989,49.23366],[-122.87989,49.23366],[-122.87989,49.23366],[-122.87989,49.23366],[-122.87989,49.23366],[-122.8799,49.23366],[-122.8799,49.23366],[-122.8799,49.23366],[-122.8799,49.23366],[-122.8799,49.23366],[-122.8799,49.23366],[-122.87991,49.23366],[-122.87991,49.23366],[-122.87991,49.23366],[-122.87991,49.23366],[-122.87991,49.23366],[-122.87991,49.23366],[-122.87991,49.23367],[-122.87992,49.23367],[-122.87992,49.23367],[-122.87992,49.23367],[-122.87992,49.23367],[-122.87992,49.23367],[-122.87992,49.23367],[-122.87993,49.23367],[-122.87993,49.23367],[-122.87993,49.23367],[-122.87993,49.23367],[-122.87993,49.23367],[-122.87993,49.23367],[-122.87993,49.23367],[-122.87994,49.23367],[-122.87994,49.23367],[-122.87994,49.23367],[-122.87994,49.23367],[-122.87994,49.23367],[-122.87994,49.23367],[-122.87995,49.23367],[-122.87995,49.23368],[-122.87995,49.23368],[-122.87995,49.23368],[-122.87995,49.23368],[-122.87995,49.23368],[-122.87996,49.23368],[-122.87996,49.23368],[-122.87996,49.23368],[-122.87996,49.23368],[-122.87996,49.23368],[-122.87996,49.23368],[-122.87996,49.23368],[-122.87997,49.23368],[-122.87997,49.23368],[-122.87997,49.23368],[-122.87997,49.23368],[-122.87997,49.23368],[-122.87997,49.23368],[-122.87998,49.23368],[-122.87998,49.23369],[-122.87998,49.23369],[-122.87998,49.23369],[-122.87998,49.23369],[-122.87998,49.23369],[-122.87998,49.23369],[-122.87999,49.23369],[-122.87999,49.23369],[-122.87999,49.23369],[-122.87999,49.23369],[-122.87999,49.23369],[-122.87999,49.23369],[-122.88,49.23369],[-122.88,49.23369],[-122.88,49.23369],[-122.88,49.23369],[-122.88,49.23369],[-122.88,49.23369],[-122.88,49.2337],[-122.88001,49.2337],[-122.88001,49.2337],[-122.88001,49.2337],[-122.88001,49.2337],[-122.88001,49.2337],[-122.88001,49.2337],[-122.88001,49.2337],[-122.88002,49.2337],[-122.88002,49.2337],[-122.88002,49.2337],[-122.88002,49.2337],[-122.88002,49.2337],[-122.88002,49.2337],[-122.88002,49.2337],[-122.88003,49.2337],[-122.88003,49.23371],[-122.88003,49.23371],[-122.88003,49.23371],[-122.88003,49.23371],[-122.88003,49.23371],[-122.88003,49.23371],[-122.88004,49.23371],[-122.88004,49.23371],[-122.88004,49.23371],[-122.88004,49.23371],[-122.88004,49.23371],[-122.88004,49.23371],[-122.88004,49.23371],[-122.88005,49.23371],[-122.88005,49.23371],[-122.88005,49.23372],[-122.88005,49.23372],[-122.88005,49.23372],[-122.88005,49.23372],[-122.88005,49.23372],[-122.88005,49.23372],[-122.88006,49.23372],[-122.88006,49.23372],[-122.88006,49.23372],[-122.88006,49.23372],[-122.88006,49.23372],[-122.88006,49.23373],[-122.88007,49.23373],[-122.88007,49.23373],[-122.88007,49.23373],[-122.88007,49.23373],[-122.88007,49.23373],[-122.88007,49.23373],[-122.88008,49.23373],[-122.88008,49.23373],[-122.88008,49.23373],[-122.88008,49.23373],[-122.88008,49.23374],[-122.88008,49.23374],[-122.88008,49.23374],[-122.88009,49.23374],[-122.88009,49.23374],[-122.88009,49.23374],[-122.88009,49.23374],[-122.88009,49.23374],[-122.88009,49.23374],[-122.88009,49.23374],[-122.8801,49.23374],[-122.8801,49.23375],[-122.8801,49.23375],[-122.8801,49.23375],[-122.8801,49.23375],[-122.8801,49.23375],[-122.88011,49.23375],[-122.88011,49.23375],[-122.88011,49.23375],[-122.88011,49.23375],[-122.88011,49.23376],[-122.88011,49.23376],[-122.88012,49.23376],[-122.88012,49.23376],[-122.88012,49.23376],[-122.88012,49.23376],[-122.88012,49.23376],[-122.88012,49.23376],[-122.88013,49.23376],[-122.88013,49.23377],[-122.88013,49.23377],[-122.88013,49.23377],[-122.88013,49.23377],[-122.88013,49.23377],[-122.88013,49.23377],[-122.88013,49.23377],[-122.88014,49.23377],[-122.88014,49.23377],[-122.88014,49.23377],[-122.88014,49.23377],[-122.88014,49.23378],[-122.88015,49.23378],[-122.88015,49.23378],[-122.88015,49.23378],[-122.88015,49.23378],[-122.88015,49.23378],[-122.88015,49.23378],[-122.88015,49.23378],[-122.88016,49.23378],[-122.88016,49.23378],[-122.88016,49.23379],[-122.88016,49.23379],[-122.88016,49.23379],[-122.88016,49.23379],[-122.88017,49.23379],[-122.88017,49.23379],[-122.88017,49.23379],[-122.88017,49.23379],[-122.88017,49.23379],[-122.88017,49.23379],[-122.88018,49.2338],[-122.88018,49.2338],[-122.88018,49.2338],[-122.88018,49.2338],[-122.88018,49.2338],[-122.88018,49.2338],[-122.88018,49.2338],[-122.88019,49.2338],[-122.88019,49.2338],[-122.88019,49.2338],[-122.88019,49.23381],[-122.88019,49.23381],[-122.88019,49.23381],[-122.8802,49.23381],[-122.8802,49.23381],[-122.8802,49.23381],[-122.8802,49.23381],[-122.8802,49.23381],[-122.8802,49.23381],[-122.88021,49.23382],[-122.88021,49.23382],[-122.88021,49.23382],[-122.88021,49.23382],[-122.88021,49.23382],[-122.88021,49.23382],[-122.88022,49.23382],[-122.88022,49.23382],[-122.88022,49.23382],[-122.88022,49.23383],[-122.88022,49.23383],[-122.88022,49.23383],[-122.88023,49.23383],[-122.88023,49.23383],[-122.88023,49.23383],[-122.88023,49.23383],[-122.88023,49.23383],[-122.88023,49.23383],[-122.88023,49.23383],[-122.88024,49.23384],[-122.88024,49.23384],[-122.88024,49.23384],[-122.88024,49.23384],[-122.88024,49.23384],[-122.88024,49.23384],[-122.88025,49.23384],[-122.88025,49.23384],[-122.88025,49.23384],[-122.88025,49.23384],[-122.88025,49.23385],[-122.88025,49.23385],[-122.88025,49.23385],[-122.88025,49.23385],[-122.88026,49.23385],[-122.88026,49.23385],[-122.88026,49.23385],[-122.88026,49.23385],[-122.88026,49.23385],[-122.88026,49.23386],[-122.88027,49.23386],[-122.88027,49.23386],[-122.88027,49.23386],[-122.88027,49.23386],[-122.88027,49.23386],[-122.88027,49.23386],[-122.88027,49.23386],[-122.88028,49.23386],[-122.88028,49.23386],[-122.88028,49.23387],[-122.88028,49.23387],[-122.88028,49.23387],[-122.88028,49.23387],[-122.88029,49.23387],[-122.88029,49.23387],[-122.88029,49.23387],[-122.88029,49.23387],[-122.88029,49.23387],[-122.88029,49.23388],[-122.88029,49.23388],[-122.8803,49.23388],[-122.8803,49.23388],[-122.8803,49.23388],[-122.8803,49.23388],[-122.8803,49.23388],[-122.8803,49.23388],[-122.8803,49.23388],[-122.8803,49.23388],[-122.8803,49.23388],[-122.8803,49.23388],[-122.88031,49.23389],[-122.88031,49.23389],[-122.88031,49.23389],[-122.88031,49.23389],[-122.88031,49.23389],[-122.88031,49.23389],[-122.88031,49.23389],[-122.88031,49.23389],[-122.88031,49.23389],[-122.88032,49.23389],[-122.88032,49.23389],[-122.88032,49.2339],[-122.88032,49.2339],[-122.88032,49.2339],[-122.88032,49.2339],[-122.88032,49.2339],[-122.88032,49.2339],[-122.88032,49.2339],[-122.88033,49.2339],[-122.88033,49.2339],[-122.88033,49.2339],[-122.88033,49.23391],[-122.88033,49.23391],[-122.88033,49.23391],[-122.88033,49.23391],[-122.88033,49.23391],[-122.88033,49.23391],[-122.88033,49.23391],[-122.88034,49.23391],[-122.88034,49.23391],[-122.88034,49.23391],[-122.88034,49.23391],[-122.88034,49.23392],[-122.88034,49.23392],[-122.88034,49.23392],[-122.88034,49.23392],[-122.88034,49.23392],[-122.88034,49.23392],[-122.88034,49.23392],[-122.88035,49.23392],[-122.88035,49.23392],[-122.88035,49.23392],[-122.88035,49.23393],[-122.88035,49.23393],[-122.88035,49.23393],[-122.88035,49.23393],[-122.88035,49.23393],[-122.88035,49.23393],[-122.88036,49.23393],[-122.88036,49.23393],[-122.88036,49.23393],[-122.88036,49.23393],[-122.88036,49.23394],[-122.88036,49.23394],[-122.88036,49.23394],[-122.88036,49.23394],[-122.88036,49.23394],[-122.88036,49.23394],[-122.88036,49.23394],[-122.88037,49.23394],[-122.88037,49.23394],[-122.88037,49.23394],[-122.88037,49.23395],[-122.88037,49.23395],[-122.88037,49.23395],[-122.88037,49.23395],[-122.88037,49.23395],[-122.88037,49.23395],[-122.88037,49.23395],[-122.88037,49.23395],[-122.88038,49.23395],[-122.88038,49.23395],[-122.88038,49.23396],[-122.88038,49.23396],[-122.88038,49.23396],[-122.88038,49.23396],[-122.88038,49.23396],[-122.88038,49.23396],[-122.88038,49.23396],[-122.88039,49.23396],[-122.88039,49.23397],[-122.88039,49.23397],[-122.88039,49.23397],[-122.88039,49.23397],[-122.88039,49.23397],[-122.88039,49.23397],[-122.88039,49.23397],[-122.88039,49.23397],[-122.88039,49.23397],[-122.88039,49.23397],[-122.8804,49.23398],[-122.8804,49.23398],[-122.8804,49.23398],[-122.8804,49.23398],[-122.8804,49.23398],[-122.8804,49.23398],[-122.8804,49.23398],[-122.8804,49.23398],[-122.8804,49.23398],[-122.8804,49.23398],[-122.8804,49.23399],[-122.88041,49.23399],[-122.88041,49.23399],[-122.88041,49.23399],[-122.88041,49.23399],[-122.88041,49.23399],[-122.88041,49.23399],[-122.88041,49.23399],[-122.88041,49.23399],[-122.88041,49.23399],[-122.88041,49.234],[-122.88041,49.234],[-122.88041,49.234],[-122.88042,49.234],[-122.88042,49.234],[-122.88042,49.234],[-122.88042,49.234],[-122.88042,49.234],[-122.88042,49.234],[-122.88042,49.23401],[-122.88042,49.23401],[-122.88042,49.23401],[-122.88042,49.23401],[-122.88043,49.23401],[-122.88043,49.23401],[-122.88043,49.23401],[-122.88043,49.23401],[-122.88043,49.23401],[-122.88043,49.23402],[-122.88043,49.23402],[-122.88043,49.23402],[-122.88043,49.23402],[-122.88043,49.23402],[-122.88043,49.23402],[-122.88043,49.23402],[-122.88044,49.23402],[-122.88044,49.23402],[-122.88044,49.23402],[-122.88044,49.23402],[-122.88044,49.23403],[-122.88044,49.23403],[-122.88044,49.23403],[-122.88044,49.23403],[-122.88044,49.23403],[-122.88044,49.23403],[-122.88044,49.23403],[-122.88045,49.23403],[-122.88045,49.23403],[-122.88045,49.23403],[-122.88045,49.23404],[-122.88045,49.23404],[-122.88045,49.23404],[-122.88045,49.23404],[-122.88045,49.23404],[-122.88045,49.23404],[-122.88045,49.23404],[-122.88046,49.23404],[-122.88046,49.23404],[-122.88046,49.23404],[-122.88046,49.23405],[-122.88046,49.23405],[-122.88046,49.23405],[-122.88046,49.23405],[-122.88046,49.23405],[-122.88046,49.23405],[-122.88046,49.23405],[-122.88047,49.23405],[-122.88047,49.23405],[-122.88047,49.23405],[-122.88047,49.23405],[-122.88047,49.23406],[-122.88047,49.23406],[-122.88047,49.23406],[-122.88047,49.23406],[-122.88047,49.23406],[-122.88047,49.23406],[-122.88048,49.23406],[-122.88048,49.23406],[-122.88048,49.23406],[-122.88048,49.23407],[-122.88048,49.23407],[-122.88048,49.23407],[-122.88048,49.23407],[-122.88048,49.23407],[-122.88049,49.23407],[-122.88049,49.23407],[-122.88049,49.23407],[-122.88049,49.23407],[-122.88049,49.23407],[-122.88049,49.23408],[-122.88049,49.23408],[-122.88049,49.23408],[-122.88049,49.23408],[-122.88049,49.23408],[-122.8805,49.23408],[-122.8805,49.23408],[-122.8805,49.23408],[-122.8805,49.23408],[-122.8805,49.23408],[-122.8805,49.23408],[-122.8805,49.23409],[-122.8805,49.23409],[-122.8805,49.23409],[-122.8805,49.23409],[-122.8805,49.23409],[-122.88051,49.23409],[-122.88051,49.23409],[-122.88051,49.23409],[-122.88051,49.23409],[-122.88051,49.23409],[-122.88051,49.2341],[-122.88051,49.2341],[-122.88051,49.2341],[-122.88051,49.2341],[-122.88051,49.2341],[-122.88051,49.2341],[-122.88052,49.2341],[-122.88052,49.2341],[-122.88052,49.2341],[-122.88052,49.2341],[-122.88052,49.23411],[-122.88052,49.23411],[-122.88052,49.23411],[-122.88052,49.23411],[-122.88052,49.23411],[-122.88052,49.23411],[-122.88052,49.23411],[-122.88052,49.23411],[-122.88052,49.23411],[-122.88053,49.23411],[-122.88053,49.23412],[-122.88053,49.23412],[-122.88053,49.23412],[-122.88053,49.23412],[-122.88053,49.23412],[-122.88053,49.23412],[-122.88053,49.23412],[-122.88053,49.23412],[-122.88053,49.23412],[-122.88053,49.23413],[-122.88053,49.23413],[-122.88053,49.23413],[-122.88053,49.23413],[-122.88053,49.23413],[-122.88053,49.23413],[-122.88054,49.23413],[-122.88054,49.23413],[-122.88054,49.23413],[-122.88054,49.23414],[-122.88054,49.23414],[-122.88054,49.23414],[-122.88054,49.23414],[-122.88054,49.23414],[-122.88054,49.23414],[-122.88054,49.23414],[-122.88054,49.23414],[-122.88054,49.23414],[-122.88054,49.23414],[-122.88054,49.23415],[-122.88054,49.23415],[-122.88054,49.23415],[-122.88054,49.23415],[-122.88054,49.23415],[-122.88054,49.23415],[-122.88055,49.23415],[-122.88055,49.23415],[-122.88055,49.23415],[-122.88055,49.23416],[-122.88055,49.23416],[-122.88055,49.23416],[-122.88055,49.23416],[-122.88055,49.23416],[-122.88055,49.23416],[-122.88055,49.23416],[-122.88055,49.23416],[-122.88055,49.23416],[-122.88055,49.23417],[-122.88055,49.23417],[-122.88055,49.23417],[-122.88055,49.23417],[-122.88055,49.23417],[-122.88055,49.23417],[-122.88055,49.23417],[-122.88056,49.23417],[-122.88056,49.23417],[-122.88056,49.23418],[-122.88056,49.23418],[-122.88056,49.23418],[-122.88056,49.23418],[-122.88056,49.23418],[-122.88056,49.23418],[-122.88056,49.23418],[-122.88056,49.23418],[-122.88056,49.23418],[-122.88056,49.23418],[-122.88056,49.23419],[-122.88056,49.23419],[-122.88056,49.23419],[-122.88056,49.23419],[-122.88056,49.23419],[-122.88056,49.23419],[-122.88056,49.23419],[-122.88057,49.23419],[-122.88057,49.23419],[-122.88057,49.2342],[-122.88057,49.2342],[-122.88057,49.2342],[-122.88057,49.2342],[-122.88057,49.2342],[-122.88057,49.2342],[-122.88057,49.2342],[-122.88057,49.2342],[-122.88057,49.2342],[-122.88057,49.23421],[-122.88057,49.23421],[-122.88057,49.23421],[-122.88057,49.23421],[-122.88057,49.23421],[-122.88057,49.23421],[-122.88057,49.23421],[-122.88057,49.23421],[-122.88058,49.23421],[-122.88058,49.23422],[-122.88058,49.23422],[-122.88058,49.23422],[-122.88058,49.23422],[-122.88058,49.23422],[-122.88058,49.23422],[-122.88058,49.23422],[-122.88058,49.23422],[-122.88058,49.23422],[-122.88058,49.23423],[-122.88058,49.23423],[-122.88058,49.23423],[-122.88058,49.23423],[-122.88058,49.23423],[-122.88059,49.23423],[-122.88059,49.23423],[-122.88059,49.23423],[-122.88059,49.23423],[-122.88059,49.23423],[-122.88059,49.23424],[-122.88059,49.23424],[-122.88059,49.23424],[-122.88059,49.23424],[-122.88059,49.23424],[-122.88059,49.23424],[-122.88059,49.23424],[-122.88059,49.23424],[-122.88059,49.23424],[-122.8806,49.23424],[-122.8806,49.23425],[-122.8806,49.23425],[-122.8806,49.23425],[-122.8806,49.23425],[-122.8806,49.23425],[-122.8806,49.23425],[-122.8806,49.23425],[-122.8806,49.23425],[-122.8806,49.23425],[-122.88061,49.23425],[-122.88061,49.23425],[-122.88061,49.23426],[-122.88061,49.23426],[-122.88061,49.23426],[-122.88061,49.23426],[-122.88061,49.23426],[-122.88061,49.23426],[-122.88061,49.23426],[-122.88061,49.23426],[-122.88061,49.23426],[-122.88062,49.23427],[-122.88062,49.23427],[-122.88062,49.23427],[-122.88062,49.23427],[-122.88062,49.23427],[-122.88062,49.23427],[-122.88062,49.23427],[-122.88062,49.23427],[-122.88062,49.23427],[-122.88062,49.23427],[-122.88063,49.23428],[-122.88063,49.23428],[-122.88063,49.23428],[-122.88063,49.23428],[-122.88063,49.23428],[-122.88063,49.23428],[-122.88063,49.23428],[-122.88063,49.23428],[-122.88063,49.23428],[-122.88063,49.23428],[-122.88063,49.23428],[-122.88063,49.23429],[-122.88063,49.23429],[-122.88064,49.23429],[-122.88064,49.23429],[-122.88064,49.23429],[-122.88064,49.23429],[-122.88064,49.23429],[-122.88064,49.23429],[-122.88064,49.23429],[-122.88064,49.23429],[-122.88064,49.2343],[-122.88064,49.2343],[-122.88064,49.2343],[-122.88064,49.2343],[-122.88064,49.2343],[-122.88064,49.2343],[-122.88065,49.2343],[-122.88065,49.2343],[-122.88065,49.2343],[-122.88065,49.23431],[-122.88065,49.23431],[-122.88065,49.23431],[-122.88065,49.23431],[-122.88065,49.23431],[-122.88065,49.23431],[-122.88065,49.23431],[-122.88065,49.23431],[-122.88065,49.23431],[-122.88065,49.23431],[-122.88066,49.23432],[-122.88066,49.23432],[-122.88066,49.23432],[-122.88066,49.23432],[-122.88066,49.23432],[-122.88066,49.23432],[-122.88066,49.23432],[-122.88066,49.23432],[-122.88066,49.23432],[-122.88066,49.23432],[-122.88066,49.23433],[-122.88066,49.23433],[-122.88066,49.23433],[-122.88066,49.23433],[-122.88067,49.23433],[-122.88067,49.23433],[-122.88067,49.23433],[-122.88067,49.23433],[-122.88067,49.23433],[-122.88067,49.23433],[-122.88067,49.23434],[-122.88067,49.23434],[-122.88067,49.23434],[-122.88067,49.23434],[-122.88067,49.23434],[-122.88067,49.23434],[-122.88068,49.23434],[-122.88068,49.23434],[-122.88068,49.23434],[-122.88068,49.23434],[-122.88068,49.23435],[-122.88068,49.23435],[-122.88068,49.23435],[-122.88068,49.23435],[-122.88068,49.23435],[-122.88068,49.23435],[-122.88068,49.23435],[-122.88068,49.23435],[-122.88069,49.23435],[-122.88069,49.23435],[-122.88069,49.23436],[-122.88069,49.23436],[-122.88069,49.23436],[-122.88069,49.23436],[-122.88069,49.23436],[-122.88069,49.23436],[-122.88069,49.23436],[-122.88069,49.23436],[-122.88069,49.23436],[-122.8807,49.23436],[-122.8807,49.23437],[-122.8807,49.23437],[-122.8807,49.23437],[-122.8807,49.23437],[-122.8807,49.23437],[-122.8807,49.23437],[-122.8807,49.23437],[-122.8807,49.23437],[-122.8807,49.23437],[-122.88071,49.23437],[-122.88071,49.23437],[-122.88071,49.23438],[-122.88071,49.23438],[-122.88071,49.23438],[-122.88071,49.23438],[-122.88071,49.23438],[-122.88071,49.23438],[-122.88071,49.23438],[-122.88071,49.23438],[-122.88071,49.23438],[-122.88072,49.23438],[-122.88072,49.23439],[-122.88072,49.23439],[-122.88072,49.23439],[-122.88072,49.23439],[-122.88072,49.23439],[-122.88072,49.23439],[-122.88072,49.23439],[-122.88072,49.23439],[-122.88072,49.23439],[-122.88073,49.23439],[-122.88073,49.23439],[-122.88073,49.2344],[-122.88073,49.2344],[-122.88073,49.2344],[-122.88073,49.2344],[-122.88073,49.2344],[-122.88073,49.2344],[-122.88074,49.2344],[-122.88074,49.2344],[-122.88074,49.2344],[-122.88074,49.23441],[-122.88074,49.23441],[-122.88074,49.23441],[-122.88074,49.23441],[-122.88074,49.23441],[-122.88074,49.23441],[-122.88074,49.23441],[-122.88075,49.23441],[-122.88075,49.23441],[-122.88075,49.23441],[-122.88075,49.23442],[-122.88075,49.23442],[-122.88075,49.23442],[-122.88075,49.23442],[-122.88076,49.23442],[-122.88076,49.23442],[-122.88076,49.23442],[-122.88076,49.23442],[-122.88076,49.23442],[-122.88076,49.23442],[-122.88076,49.23443],[-122.88077,49.23443],[-122.88077,49.23443],[-122.88077,49.23443],[-122.88077,49.23443],[-122.88077,49.23443],[-122.88077,49.23443],[-122.88077,49.23443],[-122.88077,49.23444],[-122.88078,49.23444],[-122.88078,49.23444],[-122.88078,49.23444],[-122.88078,49.23444],[-122.88078,49.23444],[-122.88078,49.23444],[-122.88078,49.23444],[-122.88079,49.23444],[-122.88079,49.23444],[-122.88079,49.23445],[-122.88079,49.23445],[-122.88079,49.23445],[-122.88079,49.23445],[-122.88079,49.23445],[-122.88079,49.23445],[-122.8808,49.23445],[-122.8808,49.23445],[-122.8808,49.23445],[-122.8808,49.23445],[-122.8808,49.23446],[-122.8808,49.23446],[-122.8808,49.23446],[-122.8808,49.23446],[-122.88081,49.23446],[-122.88081,49.23446],[-122.88081,49.23446],[-122.88081,49.23446],[-122.88081,49.23446],[-122.88081,49.23447],[-122.88081,49.23447],[-122.88082,49.23447],[-122.88082,49.23447],[-122.88082,49.23447],[-122.88082,49.23447],[-122.88082,49.23447],[-122.88082,49.23447],[-122.88082,49.23447],[-122.88082,49.23447],[-122.88083,49.23448],[-122.88083,49.23448],[-122.88083,49.23448],[-122.88083,49.23448],[-122.88083,49.23448],[-122.88083,49.23448],[-122.88083,49.23448],[-122.88084,49.23448],[-122.88084,49.23449],[-122.88084,49.23449],[-122.88084,49.23449],[-122.88084,49.23449],[-122.88084,49.23449],[-122.88084,49.23449],[-122.88085,49.23449],[-122.88085,49.23449],[-122.88085,49.23449],[-122.88085,49.23449],[-122.88085,49.2345],[-122.88085,49.2345],[-122.88085,49.2345],[-122.88085,49.2345],[-122.88085,49.2345],[-122.88085,49.2345],[-122.88086,49.2345],[-122.88086,49.2345],[-122.88086,49.2345],[-122.88086,49.2345],[-122.88086,49.2345],[-122.88086,49.23451],[-122.88086,49.23451],[-122.88087,49.23451],[-122.88087,49.23451],[-122.88087,49.23451],[-122.88087,49.23451],[-122.88087,49.23451],[-122.88087,49.23451],[-122.88087,49.23451],[-122.88087,49.23451],[-122.88088,49.23452],[-122.88088,49.23452],[-122.88088,49.23452],[-122.88088,49.23452],[-122.88088,49.23452],[-122.88088,49.23452],[-122.88088,49.23452],[-122.88088,49.23452],[-122.88088,49.23452],[-122.88089,49.23452],[-122.88089,49.23452],[-122.88089,49.23453],[-122.88089,49.23453],[-122.88089,49.23453],[-122.88089,49.23453],[-122.8809,49.23453],[-122.8809,49.23453],[-122.8809,49.23453],[-122.8809,49.23453],[-122.8809,49.23453],[-122.8809,49.23453],[-122.8809,49.23454],[-122.8809,49.23454],[-122.88091,49.23454],[-122.88091,49.23454],[-122.88091,49.23454],[-122.88091,49.23454],[-122.88091,49.23454],[-122.88091,49.23454],[-122.88091,49.23454],[-122.88091,49.23454],[-122.88091,49.23454],[-122.88091,49.23454],[-122.88091,49.23454],[-122.88092,49.23455],[-122.88092,49.23455],[-122.88092,49.23455],[-122.88092,49.23455],[-122.88092,49.23455],[-122.88092,49.23455],[-122.88092,49.23455],[-122.88092,49.23455],[-122.88092,49.23455],[-122.88093,49.23455],[-122.88093,49.23455],[-122.88093,49.23456],[-122.88093,49.23456],[-122.88093,49.23456],[-122.88093,49.23456],[-122.88093,49.23456],[-122.88093,49.23456],[-122.88093,49.23456],[-122.88094,49.23456],[-122.88094,49.23456],[-122.88094,49.23456],[-122.88094,49.23456],[-122.88094,49.23457],[-122.88094,49.23457],[-122.88095,49.23457],[-122.88095,49.23457],[-122.88095,49.23457],[-122.88095,49.23457],[-122.88095,49.23457],[-122.88095,49.23457],[-122.88095,49.23457],[-122.88096,49.23458],[-122.88096,49.23458],[-122.88096,49.23458],[-122.88096,49.23458],[-122.88096,49.23458],[-122.88096,49.23458],[-122.88097,49.23458],[-122.88097,49.23458],[-122.88097,49.23458],[-122.88097,49.23458],[-122.88097,49.23459],[-122.88097,49.23459],[-122.88097,49.23459],[-122.88098,49.23459],[-122.88098,49.23459],[-122.88098,49.23459],[-122.88098,49.23459],[-122.88098,49.23459],[-122.88098,49.23459],[-122.88099,49.23459],[-122.88099,49.23459],[-122.88099,49.2346],[-122.88099,49.2346],[-122.88099,49.2346],[-122.88099,49.2346],[-122.88099,49.2346],[-122.881,49.2346],[-122.881,49.2346],[-122.881,49.2346],[-122.881,49.2346],[-122.881,49.2346],[-122.881,49.2346],[-122.88101,49.2346],[-122.88101,49.23461],[-122.88101,49.23461],[-122.88101,49.23461],[-122.88101,49.23461],[-122.88101,49.23461],[-122.88101,49.23461],[-122.88101,49.23461],[-122.88102,49.23461],[-122.88102,49.23461],[-122.88102,49.23461],[-122.88102,49.23461],[-122.88102,49.23461],[-122.88103,49.23461],[-122.88103,49.23461],[-122.88103,49.23462],[-122.88103,49.23462],[-122.88103,49.23462],[-122.88103,49.23462],[-122.88103,49.23462],[-122.88104,49.23462],[-122.88104,49.23462],[-122.88104,49.23462],[-122.88104,49.23462],[-122.88104,49.23462],[-122.88104,49.23462],[-122.88104,49.23462],[-122.88105,49.23462],[-122.88105,49.23462],[-122.88105,49.23463],[-122.88105,49.23463],[-122.88105,49.23463],[-122.88105,49.23463],[-122.88105,49.23463],[-122.88106,49.23463],[-122.88106,49.23463],[-122.88106,49.23463],[-122.88106,49.23463],[-122.88106,49.23463],[-122.88106,49.23463],[-122.88106,49.23463],[-122.88107,49.23463],[-122.88107,49.23463],[-122.88107,49.23463],[-122.88107,49.23463],[-122.88107,49.23464],[-122.88107,49.23464],[-122.88108,49.23464],[-122.88108,49.23464],[-122.88108,49.23464],[-122.88108,49.23464],[-122.88108,49.23464],[-122.88108,49.23464],[-122.88108,49.23464],[-122.88109,49.23464],[-122.88109,49.23464],[-122.88109,49.23464],[-122.88109,49.23464],[-122.88109,49.23464],[-122.88109,49.23464],[-122.88109,49.23464],[-122.8811,49.23465],[-122.8811,49.23465],[-122.8811,49.23465],[-122.8811,49.23465],[-122.8811,49.23465],[-122.8811,49.23465],[-122.8811,49.23465],[-122.88111,49.23465],[-122.88111,49.23465],[-122.88111,49.23465],[-122.88111,49.23465],[-122.88111,49.23465],[-122.88111,49.23465],[-122.88112,49.23465],[-122.88112,49.23465],[-122.88112,49.23465],[-122.88112,49.23465],[-122.88112,49.23465],[-122.88112,49.23465],[-122.88112,49.23466],[-122.88113,49.23466],[-122.88113,49.23466],[-122.88113,49.23466],[-122.88113,49.23466],[-122.88113,49.23466],[-122.88113,49.23466],[-122.88114,49.23466],[-122.88114,49.23466],[-122.88114,49.23466],[-122.88114,49.23466],[-122.88114,49.23466],[-122.88114,49.23466],[-122.88115,49.23466],[-122.88115,49.23466],[-122.88115,49.23466],[-122.88115,49.23466],[-122.88115,49.23466],[-122.88115,49.23466],[-122.88115,49.23467],[-122.88116,49.23467],[-122.88116,49.23467],[-122.88116,49.23467],[-122.88116,49.23467],[-122.88116,49.23467],[-122.88116,49.23467],[-122.88117,49.23467],[-122.88117,49.23467],[-122.88117,49.23467],[-122.88117,49.23467],[-122.88117,49.23467],[-122.88117,49.23467],[-122.88118,49.23467],[-122.88118,49.23467],[-122.88118,49.23467],[-122.88118,49.23467],[-122.88118,49.23467],[-122.88118,49.23467],[-122.88119,49.23468],[-122.88119,49.23468],[-122.88119,49.23468],[-122.88119,49.23468],[-122.88119,49.23468],[-122.88119,49.23468],[-122.88119,49.23468],[-122.8812,49.23468],[-122.8812,49.23468],[-122.8812,49.23468],[-122.8812,49.23468],[-122.8812,49.23468],[-122.8812,49.23468],[-122.8812,49.23468],[-122.88121,49.23468],[-122.88121,49.23468],[-122.88121,49.23468],[-122.88121,49.23468],[-122.88121,49.23468],[-122.88121,49.23468],[-122.88122,49.23469],[-122.88122,49.23469],[-122.88122,49.23469],[-122.88122,49.23469],[-122.88122,49.23469],[-122.88122,49.23469],[-122.88123,49.23469],[-122.88123,49.23469],[-122.88123,49.23469],[-122.88123,49.23469],[-122.88123,49.23469],[-122.88123,49.23469],[-122.88124,49.23469],[-122.88124,49.23469],[-122.88124,49.23469],[-122.88124,49.23469],[-122.88124,49.23469],[-122.88124,49.2347],[-122.88125,49.2347],[-122.88125,49.2347],[-122.88125,49.2347],[-122.88125,49.2347],[-122.88125,49.2347],[-122.88125,49.2347],[-122.88126,49.2347],[-122.88126,49.2347],[-122.88126,49.2347],[-122.88126,49.2347],[-122.88126,49.2347],[-122.88127,49.2347],[-122.88127,49.2347],[-122.88127,49.2347],[-122.88127,49.2347],[-122.88127,49.2347],[-122.88127,49.2347],[-122.88127,49.23471],[-122.88128,49.23471],[-122.88128,49.23471],[-122.88128,49.23471],[-122.88128,49.23471],[-122.88128,49.23471],[-122.88128,49.23471],[-122.88129,49.23471],[-122.88129,49.23471],[-122.88129,49.23471],[-122.88129,49.23471],[-122.88129,49.23471],[-122.88129,49.23471],[-122.8813,49.23471],[-122.8813,49.23471],[-122.8813,49.23471],[-122.8813,49.23472],[-122.8813,49.23472],[-122.8813,49.23472],[-122.88131,49.23472],[-122.88131,49.23472],[-122.88131,49.23472],[-122.88131,49.23472],[-122.88131,49.23472],[-122.88131,49.23472],[-122.88132,49.23472],[-122.88132,49.23472],[-122.88132,49.23472],[-122.88132,49.23472],[-122.88132,49.23472],[-122.88132,49.23472],[-122.88132,49.23472],[-122.88133,49.23472],[-122.88133,49.23472],[-122.88133,49.23473],[-122.88133,49.23473],[-122.88133,49.23473],[-122.88133,49.23473],[-122.88134,49.23473],[-122.88134,49.23473],[-122.88134,49.23473],[-122.88134,49.23473],[-122.88134,49.23473],[-122.88134,49.23473],[-122.88135,49.23473],[-122.88135,49.23473],[-122.88135,49.23473],[-122.88135,49.23473],[-122.88135,49.23473],[-122.88135,49.23473],[-122.88135,49.23473],[-122.88136,49.23474],[-122.88136,49.23474],[-122.88136,49.23474],[-122.88136,49.23474],[-122.88136,49.23474],[-122.88136,49.23474],[-122.88136,49.23474],[-122.88137,49.23474],[-122.88137,49.23474],[-122.88137,49.23474],[-122.88137,49.23474],[-122.88137,49.23474],[-122.88138,49.23474],[-122.88138,49.23474],[-122.88138,49.23474],[-122.88138,49.23474],[-122.88138,49.23474],[-122.88138,49.23475],[-122.88139,49.23475],[-122.88139,49.23475],[-122.88139,49.23475],[-122.88139,49.23475],[-122.88139,49.23475],[-122.88139,49.23475],[-122.88139,49.23475],[-122.8814,49.23475],[-122.8814,49.23475],[-122.8814,49.23475],[-122.8814,49.23475],[-122.8814,49.23475],[-122.8814,49.23475],[-122.88141,49.23475],[-122.88141,49.23475],[-122.88141,49.23476],[-122.88141,49.23476],[-122.88141,49.23476],[-122.88141,49.23476],[-122.88142,49.23476],[-122.88142,49.23476],[-122.88142,49.23476],[-122.88142,49.23476],[-122.88142,49.23476],[-122.88142,49.23476],[-122.88143,49.23476],[-122.88143,49.23476],[-122.88143,49.23476],[-122.88143,49.23476],[-122.88143,49.23476],[-122.88144,49.23477],[-122.88144,49.23477],[-122.88144,49.23477],[-122.88144,49.23477],[-122.88144,49.23477],[-122.88144,49.23477],[-122.88145,49.23477],[-122.88145,49.23477],[-122.88145,49.23477],[-122.88145,49.23477],[-122.88145,49.23477],[-122.88145,49.23477],[-122.88146,49.23477],[-122.88146,49.23477],[-122.88146,49.23478],[-122.88146,49.23478],[-122.88146,49.23478],[-122.88146,49.23478],[-122.88147,49.23478],[-122.88147,49.23478],[-122.88147,49.23478],[-122.88147,49.23478],[-122.88147,49.23478],[-122.88147,49.23478],[-122.88148,49.23478],[-122.88148,49.23478],[-122.88148,49.23478],[-122.88148,49.23478],[-122.88148,49.23478],[-122.88148,49.23478],[-122.88149,49.23479],[-122.88149,49.23479],[-122.88149,49.23479],[-122.88149,49.23479],[-122.88149,49.23479],[-122.88149,49.23479],[-122.8815,49.23479],[-122.8815,49.23479],[-122.8815,49.23479],[-122.8815,49.23479],[-122.8815,49.23479],[-122.8815,49.23479],[-122.88151,49.23479],[-122.88151,49.23479],[-122.88151,49.23479],[-122.88151,49.23479],[-122.88151,49.2348],[-122.88151,49.2348],[-122.88151,49.2348],[-122.88152,49.2348],[-122.88152,49.2348],[-122.88152,49.2348],[-122.88152,49.2348],[-122.88152,49.2348],[-122.88152,49.2348],[-122.88153,49.2348],[-122.88153,49.2348],[-122.88153,49.2348],[-122.88153,49.2348],[-122.88153,49.2348],[-122.88153,49.2348],[-122.88154,49.23481],[-122.88154,49.23481],[-122.88154,49.23481],[-122.88154,49.23481],[-122.88154,49.23481],[-122.88154,49.23481],[-122.88155,49.23481],[-122.88155,49.23481],[-122.88155,49.23481],[-122.88155,49.23481],[-122.88155,49.23481],[-122.88155,49.23481],[-122.88156,49.23481],[-122.88156,49.23482],[-122.88156,49.23482],[-122.88156,49.23482],[-122.88156,49.23482],[-122.88156,49.23482],[-122.88157,49.23482],[-122.88157,49.23482],[-122.88157,49.23482],[-122.88157,49.23482],[-122.88157,49.23482],[-122.88157,49.23482],[-122.88157,49.23482],[-122.88158,49.23482],[-122.88158,49.23482],[-122.88158,49.23482],[-122.88158,49.23482],[-122.88158,49.23482],[-122.88158,49.23483],[-122.88158,49.23483],[-122.88159,49.23483],[-122.88159,49.23483],[-122.88159,49.23483],[-122.88159,49.23483],[-122.88159,49.23483],[-122.88159,49.23483],[-122.88159,49.23483],[-122.8816,49.23483],[-122.8816,49.23483],[-122.8816,49.23483],[-122.8816,49.23483],[-122.8816,49.23483],[-122.8816,49.23483],[-122.88161,49.23483],[-122.88161,49.23483],[-122.88161,49.23483],[-122.88161,49.23484],[-122.88161,49.23484],[-122.88161,49.23484],[-122.88162,49.23484],[-122.88162,49.23484],[-122.88162,49.23484],[-122.88162,49.23484],[-122.88162,49.23484],[-122.88162,49.23484],[-122.88162,49.23484],[-122.88163,49.23484],[-122.88163,49.23484],[-122.88163,49.23484],[-122.88163,49.23484],[-122.88163,49.23484],[-122.88163,49.23484],[-122.88164,49.23484],[-122.88164,49.23484],[-122.88164,49.23484],[-122.88164,49.23484],[-122.88164,49.23484],[-122.88164,49.23484],[-122.88165,49.23484],[-122.88165,49.23484],[-122.88165,49.23485],[-122.88165,49.23485],[-122.88165,49.23485],[-122.88165,49.23485],[-122.88166,49.23485],[-122.88166,49.23485],[-122.88166,49.23485],[-122.88166,49.23485],[-122.88166,49.23485],[-122.88166,49.23485],[-122.88166,49.23485],[-122.88167,49.23485],[-122.88167,49.23485],[-122.88167,49.23485],[-122.88167,49.23485],[-122.88167,49.23485],[-122.88167,49.23485],[-122.88168,49.23485],[-122.88168,49.23485],[-122.88168,49.23485],[-122.88168,49.23485],[-122.88168,49.23485],[-122.88168,49.23485],[-122.88169,49.23485],[-122.88169,49.23485],[-122.88169,49.23485],[-122.88169,49.23485],[-122.88169,49.23485],[-122.88169,49.23485],[-122.8817,49.23485],[-122.8817,49.23485],[-122.8817,49.23485],[-122.8817,49.23486],[-122.8817,49.23486],[-122.8817,49.23486],[-122.88171,49.23486],[-122.88171,49.23486],[-122.88171,49.23486],[-122.88171,49.23486],[-122.88171,49.23486],[-122.88171,49.23486],[-122.88172,49.23486],[-122.88172,49.23486],[-122.88172,49.23486],[-122.88172,49.23486],[-122.88172,49.23486],[-122.88172,49.23486],[-122.88173,49.23486],[-122.88173,49.23486],[-122.88173,49.23486],[-122.88173,49.23486],[-122.88173,49.23486],[-122.88173,49.23486],[-122.88174,49.23486],[-122.88174,49.23486],[-122.88174,49.23486],[-122.88174,49.23486],[-122.88174,49.23486],[-122.88174,49.23486],[-122.88175,49.23486],[-122.88175,49.23486],[-122.88175,49.23486],[-122.88175,49.23486],[-122.88175,49.23486],[-122.88175,49.23486],[-122.88176,49.23486],[-122.88176,49.23486],[-122.88176,49.23486],[-122.88176,49.23486],[-122.88176,49.23486],[-122.88176,49.23486],[-122.88177,49.23486],[-122.88177,49.23487],[-122.88177,49.23487],[-122.88177,49.23487],[-122.88177,49.23487],[-122.88178,49.23487],[-122.88178,49.23487],[-122.88178,49.23487],[-122.88178,49.23487],[-122.88178,49.23487],[-122.88178,49.23487],[-122.88179,49.23487],[-122.88179,49.23487],[-122.88179,49.23487],[-122.88179,49.23487],[-122.88179,49.23487],[-122.88179,49.23487],[-122.8818,49.23487],[-122.8818,49.23487],[-122.8818,49.23487],[-122.8818,49.23487],[-122.8818,49.23487],[-122.8818,49.23487],[-122.8818,49.23487],[-122.88181,49.23487],[-122.88181,49.23487],[-122.88181,49.23487],[-122.88181,49.23487],[-122.88181,49.23487],[-122.88182,49.23487],[-122.88182,49.23487],[-122.88182,49.23487],[-122.88182,49.23487],[-122.88182,49.23487],[-122.88182,49.23487],[-122.88183,49.23487],[-122.88183,49.23487],[-122.88183,49.23487],[-122.88183,49.23488],[-122.88183,49.23488],[-122.88183,49.23488],[-122.88184,49.23488],[-122.88184,49.23488],[-122.88184,49.23488],[-122.88184,49.23488],[-122.88184,49.23488],[-122.88184,49.23488],[-122.88185,49.23488],[-122.88185,49.23488],[-122.88185,49.23488],[-122.88185,49.23488],[-122.88185,49.23488],[-122.88185,49.23488],[-122.88186,49.23488],[-122.88186,49.23488],[-122.88186,49.23488],[-122.88186,49.23488],[-122.88186,49.23488],[-122.88186,49.23488],[-122.88187,49.23488],[-122.88187,49.23488],[-122.88187,49.23488],[-122.88187,49.23488],[-122.88187,49.23488],[-122.88187,49.23488],[-122.88188,49.23488],[-122.88188,49.23488],[-122.88188,49.23488],[-122.88188,49.23489],[-122.88188,49.23489],[-122.88188,49.23489],[-122.88189,49.23489],[-122.88189,49.23489],[-122.88189,49.23489],[-122.88189,49.23489],[-122.88189,49.23489],[-122.88189,49.23489],[-122.8819,49.23489],[-122.8819,49.23489],[-122.8819,49.23489],[-122.8819,49.23489],[-122.8819,49.23489],[-122.8819,49.23489],[-122.8819,49.23489],[-122.88191,49.23489],[-122.88191,49.23489],[-122.88191,49.23489],[-122.88191,49.23489],[-122.88191,49.23489],[-122.88191,49.23489],[-122.88192,49.23489],[-122.88192,49.23489],[-122.88192,49.2349],[-122.88192,49.2349],[-122.88192,49.2349],[-122.88192,49.2349],[-122.88193,49.2349],[-122.88193,49.2349],[-122.88193,49.2349],[-122.88193,49.2349],[-122.88193,49.2349],[-122.88193,49.2349],[-122.88193,49.2349],[-122.88194,49.2349],[-122.88194,49.2349],[-122.88194,49.2349],[-122.88194,49.2349],[-122.88194,49.2349],[-122.88194,49.2349],[-122.88195,49.2349],[-122.88195,49.2349],[-122.88195,49.2349],[-122.88195,49.23491],[-122.88195,49.23491],[-122.88195,49.23491],[-122.88196,49.23491],[-122.88196,49.23491],[-122.88196,49.23491],[-122.88196,49.23491],[-122.88196,49.23491],[-122.88196,49.23491],[-122.88197,49.23491],[-122.88197,49.23491],[-122.88197,49.23491],[-122.88197,49.23491],[-122.88197,49.23491],[-122.88197,49.23491],[-122.88198,49.23491],[-122.88198,49.23491],[-122.88198,49.23491],[-122.88198,49.23491],[-122.88198,49.23491],[-122.88198,49.23492],[-122.88198,49.23492],[-122.88199,49.23492],[-122.88199,49.23492],[-122.88199,49.23492],[-122.88199,49.23492],[-122.88199,49.23492],[-122.88199,49.23492],[-122.882,49.23492],[-122.882,49.23492],[-122.882,49.23492],[-122.882,49.23492],[-122.882,49.23492],[-122.882,49.23492],[-122.88201,49.23492],[-122.88201,49.23492],[-122.88201,49.23492],[-122.88201,49.23492],[-122.88201,49.23492],[-122.88201,49.23492],[-122.88202,49.23492],[-122.88202,49.23492],[-122.88202,49.23492],[-122.88202,49.23493],[-122.88202,49.23493],[-122.88202,49.23493],[-122.88202,49.23493],[-122.88203,49.23493],[-122.88203,49.23493],[-122.88203,49.23493],[-122.88203,49.23493],[-122.88203,49.23493],[-122.88203,49.23493],[-122.88204,49.23493],[-122.88204,49.23493],[-122.88204,49.23493],[-122.88204,49.23493],[-122.88204,49.23493],[-122.88204,49.23493],[-122.88205,49.23493],[-122.88205,49.23493],[-122.88205,49.23493],[-122.88205,49.23493],[-122.88205,49.23493],[-122.88205,49.23493],[-122.88205,49.23494],[-122.88206,49.23494],[-122.88206,49.23494],[-122.88206,49.23494],[-122.88206,49.23494],[-122.88206,49.23494],[-122.88206,49.23494],[-122.88207,49.23494],[-122.88207,49.23494],[-122.88207,49.23494],[-122.88207,49.23494],[-122.88207,49.23494],[-122.88207,49.23494],[-122.88208,49.23494],[-122.88208,49.23494],[-122.88208,49.23494],[-122.88208,49.23494],[-122.88208,49.23494],[-122.88208,49.23494],[-122.88209,49.23494],[-122.88209,49.23494],[-122.88209,49.23494],[-122.88209,49.23495],[-122.88209,49.23495],[-122.88209,49.23495],[-122.8821,49.23495],[-122.8821,49.23495],[-122.8821,49.23495],[-122.8821,49.23495],[-122.8821,49.23495],[-122.8821,49.23495],[-122.88211,49.23495],[-122.88211,49.23495],[-122.88211,49.23495],[-122.88211,49.23495],[-122.88211,49.23495],[-122.88211,49.23495],[-122.88211,49.23495],[-122.88212,49.23495],[-122.88212,49.23495],[-122.88212,49.23495],[-122.88212,49.23495],[-122.88212,49.23495],[-122.88212,49.23495],[-122.88213,49.23495],[-122.88213,49.23495],[-122.88213,49.23495],[-122.88213,49.23495],[-122.88213,49.23496],[-122.88213,49.23496],[-122.88214,49.23496],[-122.88214,49.23496],[-122.88214,49.23496],[-122.88214,49.23496],[-122.88214,49.23496],[-122.88214,49.23496],[-122.88215,49.23496],[-122.88215,49.23496],[-122.88215,49.23496],[-122.88215,49.23496],[-122.88215,49.23496],[-122.88216,49.23496],[-122.88216,49.23496],[-122.88216,49.23496],[-122.88216,49.23496],[-122.88216,49.23496],[-122.88216,49.23496],[-122.88217,49.23496],[-122.88217,49.23496],[-122.88217,49.23496],[-122.88217,49.23496],[-122.88217,49.23496],[-122.88217,49.23496],[-122.88218,49.23496],[-122.88218,49.23496],[-122.88218,49.23496],[-122.88218,49.23496],[-122.88218,49.23496],[-122.88218,49.23496],[-122.88219,49.23496],[-122.88219,49.23496],[-122.88219,49.23496],[-122.88219,49.23496],[-122.88219,49.23496],[-122.88219,49.23496],[-122.8822,49.23496],[-122.8822,49.23496],[-122.8822,49.23496],[-122.8822,49.23496],[-122.8822,49.23496],[-122.8822,49.23496],[-122.88221,49.23496],[-122.88221,49.23496],[-122.88221,49.23496],[-122.88221,49.23496],[-122.88221,49.23496],[-122.88221,49.23496],[-122.88222,49.23496],[-122.88222,49.23496],[-122.88222,49.23496],[-122.88222,49.23496],[-122.88222,49.23496],[-122.88222,49.23496],[-122.88223,49.23496],[-122.88223,49.23496],[-122.88223,49.23496],[-122.88223,49.23496],[-122.88223,49.23496],[-122.88224,49.23496],[-122.88224,49.23496],[-122.88224,49.23496],[-122.88224,49.23496],[-122.88224,49.23496],[-122.88224,49.23496],[-122.88225,49.23496],[-122.88225,49.23496],[-122.88225,49.23496],[-122.88225,49.23496],[-122.88225,49.23496],[-122.88225,49.23496],[-122.88226,49.23496],[-122.88226,49.23496],[-122.88226,49.23496],[-122.88226,49.23496],[-122.88226,49.23496],[-122.88226,49.23496],[-122.88227,49.23496],[-122.88227,49.23496],[-122.88227,49.23496],[-122.88227,49.23496],[-122.88227,49.23496],[-122.88227,49.23496],[-122.88228,49.23496],[-122.88228,49.23496],[-122.88228,49.23496],[-122.88228,49.23496],[-122.88228,49.23496],[-122.88229,49.23496],[-122.88229,49.23496],[-122.88229,49.23496],[-122.88229,49.23496],[-122.88229,49.23496],[-122.88229,49.23496],[-122.8823,49.23496],[-122.8823,49.23496],[-122.8823,49.23496],[-122.8823,49.23496],[-122.8823,49.23496],[-122.8823,49.23496],[-122.88231,49.23496],[-122.88231,49.23496],[-122.88231,49.23496],[-122.88231,49.23496],[-122.88231,49.23496],[-122.88231,49.23496],[-122.88232,49.23496],[-122.88232,49.23496],[-122.88232,49.23496],[-122.88232,49.23496],[-122.88232,49.23496],[-122.88232,49.23496],[-122.88233,49.23496],[-122.88233,49.23496],[-122.88233,49.23496],[-122.88233,49.23496],[-122.88233,49.23496],[-122.88234,49.23496],[-122.88234,49.23496],[-122.88234,49.23496],[-122.88234,49.23496],[-122.88234,49.23496],[-122.88234,49.23496],[-122.88235,49.23496],[-122.88235,49.23496],[-122.88235,49.23496],[-122.88235,49.23496],[-122.88235,49.23496],[-122.88235,49.23496],[-122.88236,49.23496],[-122.88236,49.23496],[-122.88236,49.23496],[-122.88236,49.23496],[-122.88236,49.23496],[-122.88236,49.23496],[-122.88237,49.23496],[-122.88237,49.23496],[-122.88237,49.23496],[-122.88237,49.23497],[-122.88237,49.23497],[-122.88237,49.23497],[-122.88238,49.23497],[-122.88238,49.23497],[-122.88238,49.23497],[-122.88238,49.23497],[-122.88238,49.23497],[-122.88238,49.23497],[-122.88239,49.23497],[-122.88239,49.23497],[-122.88239,49.23497],[-122.88239,49.23497],[-122.88239,49.23497],[-122.88239,49.23497],[-122.8824,49.23497],[-122.8824,49.23497],[-122.8824,49.23497],[-122.8824,49.23497],[-122.8824,49.23497],[-122.88241,49.23497],[-122.88241,49.23497],[-122.88241,49.23497],[-122.88241,49.23497],[-122.88241,49.23497],[-122.88241,49.23497],[-122.88242,49.23497],[-122.88242,49.23497],[-122.88242,49.23497],[-122.88242,49.23497],[-122.88242,49.23497],[-122.88242,49.23497],[-122.88243,49.23497],[-122.88243,49.23497],[-122.88243,49.23497],[-122.88243,49.23497],[-122.88243,49.23497],[-122.88243,49.23497],[-122.88244,49.23497],[-122.88244,49.23497],[-122.88244,49.23497],[-122.88244,49.23497],[-122.88244,49.23497],[-122.88244,49.23497],[-122.88245,49.23497],[-122.88245,49.23497],[-122.88245,49.23497],[-122.88245,49.23497],[-122.88245,49.23497],[-122.88245,49.23497],[-122.88246,49.23497],[-122.88246,49.23497],[-122.88246,49.23497],[-122.88246,49.23497],[-122.88246,49.23497],[-122.88246,49.23497],[-122.88247,49.23497],[-122.88247,49.23497],[-122.88247,49.23497],[-122.88247,49.23497],[-122.88247,49.23497],[-122.88248,49.23497],[-122.88248,49.23497],[-122.88248,49.23497],[-122.88248,49.23497],[-122.88248,49.23497],[-122.88248,49.23497],[-122.88249,49.23497],[-122.88249,49.23497],[-122.88249,49.23497],[-122.88249,49.23497],[-122.88249,49.23497],[-122.88249,49.23497],[-122.8825,49.23497],[-122.8825,49.23497],[-122.8825,49.23497],[-122.8825,49.23497],[-122.8825,49.23497],[-122.8825,49.23497],[-122.88251,49.23497],[-122.88251,49.23497],[-122.88251,49.23497],[-122.88251,49.23497],[-122.88251,49.23497],[-122.88251,49.23497],[-122.88251,49.23497],[-122.88252,49.23497],[-122.88252,49.23497],[-122.88252,49.23497],[-122.88252,49.23496],[-122.88252,49.23496],[-122.88252,49.23496],[-122.88253,49.23496],[-122.88253,49.23496],[-122.88253,49.23496],[-122.88253,49.23496],[-122.88253,49.23496],[-122.88253,49.23496],[-122.88254,49.23496],[-122.88254,49.23496],[-122.88254,49.23496],[-122.88254,49.23496],[-122.88254,49.23496],[-122.88254,49.23496],[-122.88255,49.23496],[-122.88255,49.23496],[-122.88255,49.23496],[-122.88255,49.23496],[-122.88255,49.23496],[-122.88255,49.23496],[-122.88256,49.23496],[-122.88256,49.23496],[-122.88256,49.23496],[-122.88256,49.23496],[-122.88256,49.23496],[-122.88256,49.23496],[-122.88257,49.23496],[-122.88257,49.23496],[-122.88257,49.23496],[-122.88257,49.23496],[-122.88257,49.23496],[-122.88258,49.23496],[-122.88258,49.23496],[-122.88258,49.23496],[-122.88258,49.23496],[-122.88258,49.23496],[-122.88258,49.23496],[-122.88259,49.23496],[-122.88259,49.23496],[-122.88259,49.23496],[-122.88259,49.23496],[-122.88259,49.23496],[-122.88259,49.23496],[-122.8826,49.23496],[-122.8826,49.23496],[-122.8826,49.23496],[-122.8826,49.23496],[-122.8826,49.23496],[-122.8826,49.23496],[-122.88261,49.23496],[-122.88261,49.23496],[-122.88261,49.23496],[-122.88261,49.23496],[-122.88261,49.23496],[-122.88261,49.23496],[-122.88262,49.23496],[-122.88262,49.23496],[-122.88262,49.23496],[-122.88262,49.23496],[-122.88262,49.23496],[-122.88262,49.23496],[-122.88263,49.23496],[-122.88263,49.23496],[-122.88263,49.23496],[-122.88263,49.23497],[-122.88263,49.23497],[-122.88263,49.23497],[-122.88264,49.23497],[-122.88264,49.23497],[-122.88264,49.23497],[-122.88264,49.23497],[-122.88264,49.23497],[-122.88264,49.23497],[-122.88265,49.23497],[-122.88265,49.23497],[-122.88265,49.23497],[-122.88265,49.23497],[-122.88265,49.23497],[-122.88266,49.23497],[-122.88266,49.23497],[-122.88266,49.23497],[-122.88266,49.23497],[-122.88266,49.23497],[-122.88266,49.23497],[-122.88267,49.23497],[-122.88267,49.23497],[-122.88267,49.23497],[-122.88267,49.23497],[-122.88267,49.23497],[-122.88267,49.23497],[-122.88268,49.23497],[-122.88268,49.23497],[-122.88268,49.23497],[-122.88268,49.23497],[-122.88268,49.23497],[-122.88268,49.23497],[-122.88269,49.23497],[-122.88269,49.23497],[-122.88269,49.23497],[-122.88269,49.23497],[-122.88269,49.23497],[-122.88269,49.23497],[-122.8827,49.23497],[-122.8827,49.23497],[-122.8827,49.23497],[-122.8827,49.23497],[-122.8827,49.23497],[-122.8827,49.23497],[-122.88271,49.23497],[-122.88271,49.23497],[-122.88271,49.23497],[-122.88271,49.23497],[-122.88271,49.23497],[-122.88271,49.23497],[-122.88272,49.23497],[-122.88272,49.23497],[-122.88272,49.23497],[-122.88272,49.23498],[-122.88272,49.23498],[-122.88272,49.23498],[-122.88273,49.23498],[-122.88273,49.23498],[-122.88273,49.23498],[-122.88273,49.23498],[-122.88273,49.23498],[-122.88273,49.23498],[-122.88274,49.23498],[-122.88274,49.23498],[-122.88274,49.23498],[-122.88274,49.23498],[-122.88274,49.23498],[-122.88275,49.23498],[-122.88275,49.23498],[-122.88275,49.23498],[-122.88275,49.23498],[-122.88275,49.23498],[-122.88275,49.23498],[-122.88276,49.23498],[-122.88276,49.23498],[-122.88276,49.23498],[-122.88276,49.23498],[-122.88276,49.23498],[-122.88276,49.23498],[-122.88277,49.23498],[-122.88277,49.23498],[-122.88277,49.23498],[-122.88277,49.23498],[-122.88277,49.23498],[-122.88277,49.23498],[-122.88278,49.23498],[-122.88278,49.23498],[-122.88278,49.23498],[-122.88278,49.23498],[-122.88278,49.23498],[-122.88278,49.23498],[-122.88279,49.23498],[-122.88279,49.23498],[-122.88279,49.23498],[-122.88279,49.23499],[-122.88279,49.23499],[-122.88279,49.23499],[-122.8828,49.23499],[-122.8828,49.23499],[-122.8828,49.23499],[-122.8828,49.23499],[-122.8828,49.23499],[-122.8828,49.23499],[-122.88281,49.23499],[-122.88281,49.23499],[-122.88281,49.23499],[-122.88281,49.23499],[-122.88281,49.23499],[-122.88281,49.23499],[-122.88282,49.23499],[-122.88282,49.23499],[-122.88282,49.23499],[-122.88282,49.23499],[-122.88282,49.23499],[-122.88282,49.23499],[-122.88283,49.23499],[-122.88283,49.23499],[-122.88283,49.23499],[-122.88283,49.23499],[-122.88283,49.23499],[-122.88283,49.23499],[-122.88284,49.23499],[-122.88284,49.23499],[-122.88284,49.23499],[-122.88284,49.23499],[-122.88284,49.23499],[-122.88284,49.23499],[-122.88285,49.23499],[-122.88285,49.23499],[-122.88285,49.23499],[-122.88285,49.23499],[-122.88285,49.235],[-122.88285,49.235],[-122.88286,49.235],[-122.88286,49.235],[-122.88286,49.235],[-122.88286,49.235],[-122.88286,49.235],[-122.88286,49.235],[-122.88287,49.235],[-122.88287,49.235],[-122.88287,49.235],[-122.88287,49.235],[-122.88287,49.235],[-122.88287,49.235],[-122.88288,49.235],[-122.88288,49.235],[-122.88288,49.235],[-122.88288,49.235],[-122.88288,49.235],[-122.88288,49.235],[-122.88289,49.235],[-122.88289,49.235],[-122.88289,49.235],[-122.88289,49.235],[-122.88289,49.235],[-122.88289,49.235],[-122.8829,49.235],[-122.8829,49.235],[-122.8829,49.235],[-122.8829,49.235],[-122.8829,49.235],[-122.8829,49.23501],[-122.88291,49.23501],[-122.88291,49.23501],[-122.88291,49.23501],[-122.88291,49.23501],[-122.88291,49.23501],[-122.88291,49.23501],[-122.88292,49.23501],[-122.88292,49.23501],[-122.88292,49.23501],[-122.88292,49.23501],[-122.88292,49.23501],[-122.88292,49.23501],[-122.88293,49.23501],[-122.88293,49.23501],[-122.88293,49.23501],[-122.88293,49.23501],[-122.88293,49.23501],[-122.88293,49.23501],[-122.88293,49.23501],[-122.88294,49.23501],[-122.88294,49.23501],[-122.88294,49.23501],[-122.88294,49.23501],[-122.88294,49.23501],[-122.88294,49.23502],[-122.88295,49.23502],[-122.88295,49.23502],[-122.88295,49.23502],[-122.88295,49.23502],[-122.88295,49.23502],[-122.88295,49.23502],[-122.88296,49.23502],[-122.88296,49.23502],[-122.88296,49.23502],[-122.88296,49.23502],[-122.88296,49.23502],[-122.88296,49.23502],[-122.88296,49.23502],[-122.88297,49.23502],[-122.88297,49.23502],[-122.88297,49.23502],[-122.88297,49.23502],[-122.88297,49.23502],[-122.88297,49.23502],[-122.88298,49.23502],[-122.88298,49.23503],[-122.88298,49.23503],[-122.88298,49.23503],[-122.88298,49.23503],[-122.88298,49.23503],[-122.88298,49.23503],[-122.88299,49.23503],[-122.88299,49.23503],[-122.88299,49.23503],[-122.88299,49.23503],[-122.88299,49.23503],[-122.88299,49.23503],[-122.883,49.23503],[-122.883,49.23503],[-122.883,49.23503],[-122.883,49.23503],[-122.883,49.23503],[-122.883,49.23503],[-122.883,49.23503],[-122.883,49.23503],[-122.88301,49.23504],[-122.88301,49.23504],[-122.88301,49.23504],[-122.88301,49.23504],[-122.88301,49.23504],[-122.88301,49.23504],[-122.88302,49.23504],[-122.88302,49.23504],[-122.88302,49.23504],[-122.88302,49.23504],[-122.88302,49.23504],[-122.88302,49.23504],[-122.88303,49.23504],[-122.88303,49.23504],[-122.88303,49.23504],[-122.88303,49.23504],[-122.88303,49.23505],[-122.88303,49.23505],[-122.88304,49.23505],[-122.88304,49.23505],[-122.88304,49.23505],[-122.88304,49.23505],[-122.88304,49.23505],[-122.88304,49.23505],[-122.88305,49.23505],[-122.88305,49.23505],[-122.88305,49.23505],[-122.88305,49.23505],[-122.88305,49.23505],[-122.88305,49.23505],[-122.88305,49.23505],[-122.88306,49.23505],[-122.88306,49.23506],[-122.88306,49.23506],[-122.88306,49.23506],[-122.88306,49.23506],[-122.88306,49.23506],[-122.88307,49.23506],[-122.88307,49.23506],[-122.88307,49.23506],[-122.88307,49.23506],[-122.88307,49.23506],[-122.88307,49.23506],[-122.88307,49.23506],[-122.88308,49.23506],[-122.88308,49.23506],[-122.88308,49.23506],[-122.88308,49.23506],[-122.88308,49.23507],[-122.88308,49.23507],[-122.88308,49.23507],[-122.88308,49.23507],[-122.88309,49.23507],[-122.88309,49.23507],[-122.88309,49.23507],[-122.88309,49.23507],[-122.88309,49.23507],[-122.88309,49.23507],[-122.8831,49.23507],[-122.8831,49.23507],[-122.8831,49.23507],[-122.8831,49.23507],[-122.8831,49.23507],[-122.8831,49.23507],[-122.8831,49.23508],[-122.88311,49.23508],[-122.88311,49.23508],[-122.88311,49.23508],[-122.88311,49.23508],[-122.88311,49.23508],[-122.88311,49.23508],[-122.88312,49.23508],[-122.88312,49.23508],[-122.88312,49.23508],[-122.88312,49.23508],[-122.88312,49.23508],[-122.88312,49.23509],[-122.88313,49.23509],[-122.88313,49.23509],[-122.88313,49.23509],[-122.88313,49.23509],[-122.88313,49.23509],[-122.88313,49.23509],[-122.88313,49.23509],[-122.88314,49.23509],[-122.88314,49.23509],[-122.88314,49.23509],[-122.88314,49.23509],[-122.88314,49.23509],[-122.88314,49.23509],[-122.88314,49.23509],[-122.88315,49.23509],[-122.88315,49.2351],[-122.88315,49.2351],[-122.88315,49.2351],[-122.88315,49.2351],[-122.88315,49.2351],[-122.88316,49.2351],[-122.88316,49.2351],[-122.88316,49.2351],[-122.88316,49.2351],[-122.88316,49.2351],[-122.88316,49.2351],[-122.88317,49.2351],[-122.88317,49.2351],[-122.88317,49.2351],[-122.88317,49.2351],[-122.88317,49.23511],[-122.88317,49.23511],[-122.88318,49.23511],[-122.88318,49.23511],[-122.88318,49.23511],[-122.88318,49.23511],[-122.88318,49.23511],[-122.88318,49.23511],[-122.88319,49.23511],[-122.88319,49.23511],[-122.88319,49.23511],[-122.88319,49.23511],[-122.88319,49.23511],[-122.88319,49.23511],[-122.8832,49.23511],[-122.8832,49.23511],[-122.8832,49.23512],[-122.8832,49.23512],[-122.8832,49.23512],[-122.8832,49.23512],[-122.8832,49.23512],[-122.88321,49.23512],[-122.88321,49.23512],[-122.88321,49.23512],[-122.88321,49.23512],[-122.88321,49.23512],[-122.88321,49.23512],[-122.88321,49.23512],[-122.88321,49.23512],[-122.88322,49.23512],[-122.88322,49.23512],[-122.88322,49.23512],[-122.88322,49.23513],[-122.88322,49.23513],[-122.88322,49.23513],[-122.88323,49.23513],[-122.88323,49.23513],[-122.88323,49.23513],[-122.88323,49.23513],[-122.88323,49.23513],[-122.88323,49.23513],[-122.88324,49.23513],[-122.88324,49.23513],[-122.88324,49.23513],[-122.88324,49.23513],[-122.88324,49.23513],[-122.88324,49.23513],[-122.88324,49.23513],[-122.88325,49.23513],[-122.88325,49.23513],[-122.88325,49.23513],[-122.88325,49.23514],[-122.88325,49.23514],[-122.88325,49.23514],[-122.88326,49.23514],[-122.88326,49.23514],[-122.88326,49.23514],[-122.88326,49.23514],[-122.88326,49.23514],[-122.88326,49.23514],[-122.88327,49.23514],[-122.88327,49.23514],[-122.88327,49.23514],[-122.88327,49.23514],[-122.88327,49.23514],[-122.88327,49.23514],[-122.88328,49.23514],[-122.88328,49.23514],[-122.88328,49.23514],[-122.88328,49.23514],[-122.88328,49.23514],[-122.88328,49.23514],[-122.88328,49.23514],[-122.88329,49.23514],[-122.88329,49.23514],[-122.88329,49.23515],[-122.88329,49.23515],[-122.88329,49.23515],[-122.88329,49.23515],[-122.8833,49.23515],[-122.8833,49.23515],[-122.8833,49.23515],[-122.8833,49.23515],[-122.8833,49.23515],[-122.8833,49.23515],[-122.88331,49.23515],[-122.88331,49.23515],[-122.88331,49.23515],[-122.88331,49.23515],[-122.88331,49.23515],[-122.88331,49.23515],[-122.88332,49.23515],[-122.88332,49.23515],[-122.88332,49.23515],[-122.88332,49.23515],[-122.88332,49.23515],[-122.88332,49.23515],[-122.88333,49.23515],[-122.88333,49.23515],[-122.88333,49.23515],[-122.88333,49.23515],[-122.88333,49.23515],[-122.88333,49.23515],[-122.88334,49.23515],[-122.88334,49.23515],[-122.88334,49.23515],[-122.88334,49.23515],[-122.88334,49.23515],[-122.88334,49.23515],[-122.88335,49.23516],[-122.88335,49.23516],[-122.88335,49.23516],[-122.88335,49.23516],[-122.88335,49.23516],[-122.88335,49.23516],[-122.88336,49.23516],[-122.88336,49.23516],[-122.88336,49.23516],[-122.88336,49.23516],[-122.88336,49.23516],[-122.88336,49.23516],[-122.88337,49.23516],[-122.88337,49.23516],[-122.88337,49.23516],[-122.88337,49.23516],[-122.88337,49.23516],[-122.88338,49.23516],[-122.88338,49.23516],[-122.88338,49.23516],[-122.88338,49.23516],[-122.88338,49.23516],[-122.88338,49.23516],[-122.88339,49.23516],[-122.88339,49.23516],[-122.88339,49.23516],[-122.88339,49.23516],[-122.88339,49.23516],[-122.88339,49.23516],[-122.8834,49.23516],[-122.8834,49.23516],[-122.8834,49.23516],[-122.8834,49.23516],[-122.8834,49.23516],[-122.8834,49.23516],[-122.88341,49.23516],[-122.88341,49.23516],[-122.88341,49.23516],[-122.88341,49.23516],[-122.88341,49.23516],[-122.88341,49.23516],[-122.88342,49.23516],[-122.88342,49.23516],[-122.88342,49.23516],[-122.88342,49.23516],[-122.88342,49.23516],[-122.88343,49.23516],[-122.88343,49.23516],[-122.88343,49.23516],[-122.88343,49.23516],[-122.88343,49.23516],[-122.88343,49.23516],[-122.88344,49.23516],[-122.88344,49.23516],[-122.88344,49.23516],[-122.88344,49.23516],[-122.88344,49.23516],[-122.88344,49.23516],[-122.88345,49.23516],[-122.88345,49.23516],[-122.88345,49.23516],[-122.88345,49.23516],[-122.88345,49.23516],[-122.88345,49.23516],[-122.88346,49.23516],[-122.88346,49.23516],[-122.88346,49.23516],[-122.88346,49.23516],[-122.88346,49.23516],[-122.88347,49.23516],[-122.88347,49.23516],[-122.88347,49.23516],[-122.88347,49.23516],[-122.88347,49.23516],[-122.88347,49.23516],[-122.88348,49.23516],[-122.88348,49.23516],[-122.88348,49.23516],[-122.88348,49.23517],[-122.88348,49.23517],[-122.88348,49.23517],[-122.88349,49.23517],[-122.88349,49.23517],[-122.88349,49.23517],[-122.88349,49.23517],[-122.88349,49.23517],[-122.88349,49.23517],[-122.8835,49.23517],[-122.8835,49.23517],[-122.8835,49.23517],[-122.8835,49.23517],[-122.8835,49.23517],[-122.8835,49.23517],[-122.88351,49.23517],[-122.88351,49.23517],[-122.88351,49.23517],[-122.88351,49.23517],[-122.88351,49.23517],[-122.88351,49.23517],[-122.88352,49.23517],[-122.88352,49.23517],[-122.88352,49.23517],[-122.88352,49.23517],[-122.88352,49.23517],[-122.88353,49.23517],[-122.88353,49.23517],[-122.88353,49.23517],[-122.88353,49.23517],[-122.88353,49.23517],[-122.88353,49.23517],[-122.88354,49.23517],[-122.88354,49.23517],[-122.88354,49.23517],[-122.88354,49.23517],[-122.88354,49.23517],[-122.88354,49.23517],[-122.88355,49.23517],[-122.88355,49.23517],[-122.88355,49.23517],[-122.88355,49.23517],[-122.88355,49.23517],[-122.88355,49.23517],[-122.88356,49.23517],[-122.88356,49.23517],[-122.88356,49.23517],[-122.88356,49.23517],[-122.88356,49.23517],[-122.88356,49.23517],[-122.88357,49.23517],[-122.88357,49.23518],[-122.88357,49.23518],[-122.88357,49.23518],[-122.88357,49.23518],[-122.88357,49.23518],[-122.88358,49.23518],[-122.88358,49.23518],[-122.88358,49.23518],[-122.88358,49.23518],[-122.88358,49.23518],[-122.88358,49.23518],[-122.88359,49.23518],[-122.88359,49.23518],[-122.88359,49.23518],[-122.88359,49.23518],[-122.88359,49.23518],[-122.88359,49.23518],[-122.8836,49.23518],[-122.8836,49.23518],[-122.8836,49.23518],[-122.8836,49.23518],[-122.8836,49.23518],[-122.8836,49.23518],[-122.88361,49.23518],[-122.88361,49.23518],[-122.88361,49.23518],[-122.88361,49.23518],[-122.88361,49.23518],[-122.88361,49.23518],[-122.88362,49.23518],[-122.88362,49.23518],[-122.88362,49.23518],[-122.88362,49.23518],[-122.88362,49.23518],[-122.88362,49.23518],[-122.88363,49.23518],[-122.88363,49.23518],[-122.88363,49.23518],[-122.88363,49.23518],[-122.88363,49.23518],[-122.88363,49.23518],[-122.88364,49.23518],[-122.88364,49.23519],[-122.88364,49.23519],[-122.88364,49.23519],[-122.88364,49.23519],[-122.88364,49.23519],[-122.88365,49.23519],[-122.88365,49.23519],[-122.88365,49.23519],[-122.88365,49.23519],[-122.88365,49.23519],[-122.88366,49.23519],[-122.88366,49.23519],[-122.88366,49.23519],[-122.88366,49.23519],[-122.88366,49.23519],[-122.88366,49.23519],[-122.88366,49.23519],[-122.88367,49.23519],[-122.88367,49.23519],[-122.88367,49.23519],[-122.88367,49.23519],[-122.88367,49.23519],[-122.88368,49.23519],[-122.88368,49.23519],[-122.88368,49.23519],[-122.88368,49.23519],[-122.88368,49.23519],[-122.88368,49.23519],[-122.88369,49.23519],[-122.88369,49.23519],[-122.88369,49.23519],[-122.88369,49.23519],[-122.88369,49.23519],[-122.88369,49.23519],[-122.8837,49.23519],[-122.8837,49.23519],[-122.8837,49.23519],[-122.8837,49.23519],[-122.8837,49.23519],[-122.8837,49.23519],[-122.88371,49.2352],[-122.88371,49.2352],[-122.88371,49.2352],[-122.88371,49.2352],[-122.88371,49.2352],[-122.88371,49.2352],[-122.88372,49.2352],[-122.88372,49.2352],[-122.88372,49.2352],[-122.88372,49.2352],[-122.88372,49.2352],[-122.88372,49.2352],[-122.88373,49.2352],[-122.88373,49.2352],[-122.88373,49.2352],[-122.88373,49.2352],[-122.88373,49.2352],[-122.88373,49.2352],[-122.88374,49.2352],[-122.88374,49.2352],[-122.88374,49.2352],[-122.88374,49.2352],[-122.88374,49.2352],[-122.88374,49.2352],[-122.88375,49.2352],[-122.88375,49.2352],[-122.88375,49.2352],[-122.88375,49.2352],[-122.88375,49.2352],[-122.88375,49.2352],[-122.88376,49.2352],[-122.88376,49.2352],[-122.88376,49.2352],[-122.88376,49.2352],[-122.88376,49.2352],[-122.88377,49.2352],[-122.88377,49.2352],[-122.88377,49.2352],[-122.88377,49.23521],[-122.88377,49.23521],[-122.88377,49.23521],[-122.88378,49.23521],[-122.88378,49.23521],[-122.88378,49.23521],[-122.88378,49.23521],[-122.88378,49.23521],[-122.88378,49.23521],[-122.88379,49.23521],[-122.88379,49.23521],[-122.88379,49.23521],[-122.88379,49.23521],[-122.88379,49.23521],[-122.88379,49.23521],[-122.8838,49.23521],[-122.8838,49.23521],[-122.8838,49.23521],[-122.8838,49.23521],[-122.8838,49.23521],[-122.8838,49.23521],[-122.88381,49.23521],[-122.88381,49.23521],[-122.88381,49.23521],[-122.88381,49.23521],[-122.88381,49.23521],[-122.88381,49.23521],[-122.88382,49.23521],[-122.88382,49.23521],[-122.88382,49.23521],[-122.88382,49.23521],[-122.88382,49.23521],[-122.88382,49.23521],[-122.88383,49.23521],[-122.88383,49.23521],[-122.88383,49.23521],[-122.88383,49.23522],[-122.88383,49.23522],[-122.88383,49.23522],[-122.88384,49.23522],[-122.88384,49.23522],[-122.88384,49.23522],[-122.88384,49.23522],[-122.88384,49.23522],[-122.88384,49.23522],[-122.88385,49.23522],[-122.88385,49.23522],[-122.88385,49.23522],[-122.88385,49.23522],[-122.88385,49.23522],[-122.88385,49.23522],[-122.88386,49.23522],[-122.88386,49.23522],[-122.88386,49.23522],[-122.88386,49.23522],[-122.88386,49.23522],[-122.88386,49.23522],[-122.88387,49.23522],[-122.88387,49.23522],[-122.88387,49.23522],[-122.88387,49.23522],[-122.88387,49.23522],[-122.88387,49.23522],[-122.88388,49.23522],[-122.88388,49.23522],[-122.88388,49.23522],[-122.88388,49.23522],[-122.88388,49.23522],[-122.88388,49.23522],[-122.88389,49.23522],[-122.88389,49.23522],[-122.88389,49.23523],[-122.88389,49.23523],[-122.88389,49.23523],[-122.88389,49.23523],[-122.8839,49.23523],[-122.8839,49.23523],[-122.8839,49.23523],[-122.8839,49.23523],[-122.8839,49.23523],[-122.8839,49.23523],[-122.88391,49.23523],[-122.88391,49.23523],[-122.88391,49.23523],[-122.88391,49.23523],[-122.88391,49.23523],[-122.88391,49.23523],[-122.88392,49.23523],[-122.88392,49.23523],[-122.88392,49.23523],[-122.88392,49.23523],[-122.88392,49.23523],[-122.88392,49.23523],[-122.88393,49.23523],[-122.88393,49.23523],[-122.88393,49.23523],[-122.88393,49.23523],[-122.88393,49.23523],[-122.88394,49.23523],[-122.88394,49.23523],[-122.88394,49.23523],[-122.88394,49.23523],[-122.88394,49.23523],[-122.88394,49.23523],[-122.88395,49.23523],[-122.88395,49.23524],[-122.88395,49.23524],[-122.88395,49.23524],[-122.88395,49.23524],[-122.88395,49.23524],[-122.88396,49.23524],[-122.88396,49.23524],[-122.88396,49.23524],[-122.88396,49.23524],[-122.88396,49.23524],[-122.88396,49.23524],[-122.88397,49.23524],[-122.88397,49.23524],[-122.88397,49.23524],[-122.88397,49.23524],[-122.88397,49.23524],[-122.88397,49.23524],[-122.88398,49.23524],[-122.88398,49.23524],[-122.88398,49.23524],[-122.88398,49.23524],[-122.88398,49.23524],[-122.88398,49.23524],[-122.88399,49.23524],[-122.88399,49.23524],[-122.88399,49.23524],[-122.88399,49.23524],[-122.88399,49.23524],[-122.88399,49.23524],[-122.884,49.23524],[-122.884,49.23524],[-122.884,49.23524],[-122.884,49.23524],[-122.884,49.23525],[-122.884,49.23525],[-122.88401,49.23525],[-122.88401,49.23525],[-122.88401,49.23525],[-122.88401,49.23525],[-122.88401,49.23525],[-122.88401,49.23525],[-122.88402,49.23525],[-122.88402,49.23525],[-122.88402,49.23525],[-122.88402,49.23525],[-122.88402,49.23525],[-122.88402,49.23525],[-122.88403,49.23525],[-122.88403,49.23525],[-122.88403,49.23525],[-122.88403,49.23525],[-122.88403,49.23525],[-122.88403,49.23525],[-122.88404,49.23525],[-122.88404,49.23525],[-122.88404,49.23525],[-122.88404,49.23525],[-122.88404,49.23525],[-122.88404,49.23525],[-122.88405,49.23525],[-122.88405,49.23525],[-122.88405,49.23525],[-122.88405,49.23526],[-122.88405,49.23526],[-122.88405,49.23526],[-122.88406,49.23526],[-122.88406,49.23526],[-122.88406,49.23526],[-122.88406,49.23526],[-122.88406,49.23526],[-122.88406,49.23526],[-122.88407,49.23526],[-122.88407,49.23526],[-122.88407,49.23526],[-122.88407,49.23526],[-122.88407,49.23526],[-122.88407,49.23526],[-122.88408,49.23526],[-122.88408,49.23526],[-122.88408,49.23526],[-122.88408,49.23526],[-122.88408,49.23526],[-122.88408,49.23526],[-122.88408,49.23526],[-122.88409,49.23526],[-122.88409,49.23526],[-122.88409,49.23526],[-122.88409,49.23526],[-122.88409,49.23527],[-122.8841,49.23527],[-122.8841,49.23527],[-122.8841,49.23527],[-122.8841,49.23527],[-122.8841,49.23527],[-122.8841,49.23527],[-122.8841,49.23527],[-122.88411,49.23527],[-122.88411,49.23527],[-122.88411,49.23527],[-122.88411,49.23527],[-122.88411,49.23527],[-122.88411,49.23527],[-122.88412,49.23527],[-122.88412,49.23527],[-122.88412,49.23527],[-122.88412,49.23527],[-122.88412,49.23527],[-122.88412,49.23527],[-122.88413,49.23527],[-122.88413,49.23527],[-122.88413,49.23527],[-122.88413,49.23527],[-122.88413,49.23528],[-122.88413,49.23528],[-122.88413,49.23528],[-122.88414,49.23528],[-122.88414,49.23528],[-122.88414,49.23528],[-122.88414,49.23528],[-122.88414,49.23528],[-122.88414,49.23528],[-122.88415,49.23528],[-122.88415,49.23528],[-122.88415,49.23528],[-122.88415,49.23528],[-122.88415,49.23528],[-122.88415,49.23528],[-122.88416,49.23528],[-122.88416,49.23528],[-122.88416,49.23528],[-122.88416,49.23528],[-122.88416,49.23528],[-122.88416,49.23528],[-122.88416,49.23528],[-122.88417,49.23529],[-122.88417,49.23529],[-122.88417,49.23529],[-122.88417,49.23529],[-122.88417,49.23529],[-122.88417,49.23529],[-122.88418,49.23529],[-122.88418,49.23529],[-122.88418,49.23529],[-122.88418,49.23529],[-122.88418,49.23529],[-122.88418,49.23529],[-122.88419,49.23529],[-122.88419,49.23529],[-122.88419,49.23529],[-122.88419,49.23529],[-122.88419,49.23529],[-122.88419,49.23529],[-122.88419,49.23529],[-122.8842,49.23529],[-122.8842,49.2353],[-122.8842,49.2353],[-122.8842,49.2353],[-122.8842,49.2353],[-122.8842,49.2353],[-122.88421,49.2353],[-122.88421,49.2353],[-122.88421,49.2353],[-122.88421,49.2353],[-122.88421,49.2353],[-122.88421,49.2353],[-122.88422,49.2353],[-122.88422,49.2353],[-122.88422,49.2353],[-122.88422,49.2353],[-122.88422,49.2353],[-122.88422,49.2353],[-122.88422,49.2353],[-122.88423,49.2353],[-122.88423,49.2353],[-122.88423,49.23531],[-122.88423,49.23531],[-122.88423,49.23531],[-122.88423,49.23531],[-122.88424,49.23531],[-122.88424,49.23531],[-122.88424,49.23531],[-122.88424,49.23531],[-122.88424,49.23531],[-122.88424,49.23531],[-122.88424,49.23531],[-122.88425,49.23531],[-122.88425,49.23531],[-122.88425,49.23531],[-122.88425,49.23531],[-122.88425,49.23531],[-122.88425,49.23531],[-122.88426,49.23532],[-122.88426,49.23532],[-122.88426,49.23532],[-122.88426,49.23532],[-122.88426,49.23532],[-122.88427,49.23532],[-122.88427,49.23532],[-122.88427,49.23532],[-122.88427,49.23532],[-122.88427,49.23532],[-122.88427,49.23532],[-122.88427,49.23532],[-122.88428,49.23532],[-122.88428,49.23532],[-122.88428,49.23532],[-122.88428,49.23532],[-122.88428,49.23532],[-122.88428,49.23533],[-122.88429,49.23533],[-122.88429,49.23533],[-122.88429,49.23533],[-122.88429,49.23533],[-122.88429,49.23533],[-122.88429,49.23533],[-122.8843,49.23533],[-122.8843,49.23533],[-122.8843,49.23533],[-122.8843,49.23533],[-122.8843,49.23533],[-122.8843,49.23533],[-122.8843,49.23533],[-122.88431,49.23533],[-122.88431,49.23533],[-122.88431,49.23533],[-122.88431,49.23533],[-122.88431,49.23534],[-122.88431,49.23534],[-122.88432,49.23534],[-122.88432,49.23534],[-122.88432,49.23534],[-122.88432,49.23534],[-122.88432,49.23534],[-122.88432,49.23534],[-122.88433,49.23534],[-122.88433,49.23534],[-122.88433,49.23534],[-122.88433,49.23534],[-122.88433,49.23534],[-122.88433,49.23534],[-122.88434,49.23534],[-122.88434,49.23534],[-122.88434,49.23534],[-122.88434,49.23534],[-122.88434,49.23534],[-122.88434,49.23534],[-122.88435,49.23534],[-122.88435,49.23534],[-122.88435,49.23534],[-122.88435,49.23534],[-122.88435,49.23534],[-122.88435,49.23534],[-122.88436,49.23534],[-122.88436,49.23534],[-122.88436,49.23535],[-122.88436,49.23535],[-122.88436,49.23535],[-122.88436,49.23535],[-122.88437,49.23535],[-122.88437,49.23535],[-122.88437,49.23535],[-122.88437,49.23535],[-122.88437,49.23535],[-122.88437,49.23535],[-122.88438,49.23535],[-122.88438,49.23535],[-122.88438,49.23535],[-122.88438,49.23535],[-122.88438,49.23535],[-122.88438,49.23535],[-122.88439,49.23535],[-122.88439,49.23535],[-122.88439,49.23535],[-122.88439,49.23535],[-122.88439,49.23535],[-122.88439,49.23535],[-122.8844,49.23535],[-122.8844,49.23535],[-122.8844,49.23535],[-122.8844,49.23535],[-122.8844,49.23535],[-122.88441,49.23535],[-122.88441,49.23535],[-122.88441,49.23535],[-122.88441,49.23535],[-122.88441,49.23535],[-122.88441,49.23535],[-122.88442,49.23535],[-122.88442,49.23535],[-122.88442,49.23535],[-122.88442,49.23535],[-122.88442,49.23535],[-122.88442,49.23535],[-122.88443,49.23535],[-122.88443,49.23535],[-122.88443,49.23535],[-122.88443,49.23535],[-122.88443,49.23535],[-122.88443,49.23535],[-122.88444,49.23535],[-122.88444,49.23535],[-122.88444,49.23535],[-122.88444,49.23535],[-122.88444,49.23535],[-122.88444,49.23535],[-122.88445,49.23535],[-122.88445,49.23535],[-122.88445,49.23535],[-122.88445,49.23535],[-122.88445,49.23535],[-122.88445,49.23535],[-122.88446,49.23535],[-122.88446,49.23535],[-122.88446,49.23535],[-122.88446,49.23535],[-122.88446,49.23535],[-122.88447,49.23535],[-122.88447,49.23535],[-122.88447,49.23535],[-122.88447,49.23535],[-122.88447,49.23535],[-122.88447,49.23535],[-122.88448,49.23535],[-122.88448,49.23535],[-122.88448,49.23535],[-122.88448,49.23535],[-122.88448,49.23535],[-122.88448,49.23535],[-122.88449,49.23535],[-122.88449,49.23535],[-122.88449,49.23535],[-122.88449,49.23536],[-122.88449,49.23536],[-122.88449,49.23536],[-122.8845,49.23536],[-122.8845,49.23536],[-122.8845,49.23536],[-122.8845,49.23536],[-122.8845,49.23536],[-122.88451,49.23536],[-122.88451,49.23536],[-122.88451,49.23536],[-122.88451,49.23536],[-122.88451,49.23536],[-122.88451,49.23536],[-122.88452,49.23536],[-122.88452,49.23536],[-122.88452,49.23536],[-122.88452,49.23536],[-122.88452,49.23536],[-122.88452,49.23536],[-122.88453,49.23536],[-122.88453,49.23536],[-122.88453,49.23536],[-122.88453,49.23536],[-122.88453,49.23536],[-122.88453,49.23536],[-122.88454,49.23536],[-122.88454,49.23536],[-122.88454,49.23536],[-122.88454,49.23536],[-122.88454,49.23536],[-122.88454,49.23536],[-122.88455,49.23536],[-122.88455,49.23536],[-122.88455,49.23536],[-122.88455,49.23536],[-122.88455,49.23536],[-122.88456,49.23536],[-122.88456,49.23536],[-122.88456,49.23536],[-122.88456,49.23536],[-122.88456,49.23536],[-122.88456,49.23536],[-122.88457,49.23536],[-122.88457,49.23536],[-122.88457,49.23536],[-122.88457,49.23536],[-122.88457,49.23536],[-122.88457,49.23536],[-122.88458,49.23536],[-122.88458,49.23536],[-122.88458,49.23536],[-122.88458,49.23536],[-122.88458,49.23536],[-122.88458,49.23536],[-122.88459,49.23536],[-122.88459,49.23536],[-122.88459,49.23536],[-122.88459,49.23536],[-122.88459,49.23536],[-122.8846,49.23536],[-122.8846,49.23536],[-122.8846,49.23536],[-122.8846,49.23536],[-122.8846,49.23536],[-122.8846,49.23536],[-122.88461,49.23536],[-122.88461,49.23536],[-122.88461,49.23536],[-122.88461,49.23536],[-122.88461,49.23536],[-122.88461,49.23536],[-122.88462,49.23536],[-122.88462,49.23536],[-122.88462,49.23536],[-122.88462,49.23536],[-122.88462,49.23536],[-122.88462,49.23536],[-122.88463,49.23536],[-122.88463,49.23536],[-122.88463,49.23536],[-122.88463,49.23536],[-122.88463,49.23536],[-122.88464,49.23536],[-122.88464,49.23536],[-122.88464,49.23536],[-122.88464,49.23536],[-122.88464,49.23536],[-122.88464,49.23536],[-122.88465,49.23536],[-122.88465,49.23536],[-122.88465,49.23536],[-122.88465,49.23536],[-122.88465,49.23536],[-122.88465,49.23536],[-122.88466,49.23536],[-122.88466,49.23536],[-122.88466,49.23536],[-122.88466,49.23536],[-122.88466,49.23536],[-122.88466,49.23536],[-122.88467,49.23536],[-122.88467,49.23536],[-122.88467,49.23536],[-122.88467,49.23536],[-122.88467,49.23536],[-122.88468,49.23536],[-122.88468,49.23536],[-122.88468,49.23536],[-122.88468,49.23536],[-122.88468,49.23536],[-122.88468,49.23536],[-122.88469,49.23536],[-122.88469,49.23536],[-122.88469,49.23536],[-122.88469,49.23536],[-122.88469,49.23536],[-122.88469,49.23536],[-122.8847,49.23536],[-122.8847,49.23536],[-122.8847,49.23536],[-122.8847,49.23536],[-122.8847,49.23536],[-122.8847,49.23536],[-122.88471,49.23536],[-122.88471,49.23536],[-122.88471,49.23536],[-122.88471,49.23536],[-122.88471,49.23536],[-122.88472,49.23536],[-122.88472,49.23536],[-122.88472,49.23536],[-122.88472,49.23536],[-122.88472,49.23536],[-122.88472,49.23536],[-122.88473,49.23536],[-122.88473,49.23536],[-122.88473,49.23536],[-122.88473,49.23536],[-122.88473,49.23536],[-122.88473,49.23536],[-122.88474,49.23536],[-122.88474,49.23536],[-122.88474,49.23536],[-122.88474,49.23536],[-122.88474,49.23536],[-122.88474,49.23536],[-122.88475,49.23536],[-122.88475,49.23536],[-122.88475,49.23536],[-122.88475,49.23537],[-122.88475,49.23537],[-122.88475,49.23537],[-122.88476,49.23537],[-122.88476,49.23537],[-122.88476,49.23537],[-122.88476,49.23537],[-122.88476,49.23537],[-122.88476,49.23537],[-122.88477,49.23537],[-122.88477,49.23537],[-122.88477,49.23537],[-122.88477,49.23537],[-122.88477,49.23537],[-122.88477,49.23537],[-122.88478,49.23537],[-122.88478,49.23537],[-122.88478,49.23537],[-122.88478,49.23537],[-122.88478,49.23537],[-122.88478,49.23537],[-122.88479,49.23537],[-122.88479,49.23537],[-122.88479,49.23537],[-122.88479,49.23537],[-122.88479,49.23537],[-122.8848,49.23537],[-122.8848,49.23537],[-122.8848,49.23537],[-122.8848,49.23537],[-122.8848,49.23537],[-122.8848,49.23537],[-122.88481,49.23537],[-122.88481,49.23537],[-122.88481,49.23537],[-122.88481,49.23537],[-122.88481,49.23537],[-122.88481,49.23537],[-122.88482,49.23537],[-122.88482,49.23537],[-122.88482,49.23537],[-122.88482,49.23538],[-122.88482,49.23538],[-122.88482,49.23538],[-122.88483,49.23538],[-122.88483,49.23538],[-122.88483,49.23538],[-122.88483,49.23538],[-122.88483,49.23538],[-122.88483,49.23538],[-122.88484,49.23538],[-122.88484,49.23538],[-122.88484,49.23538],[-122.88484,49.23538],[-122.88484,49.23538],[-122.88484,49.23538],[-122.88485,49.23538],[-122.88485,49.23538],[-122.88485,49.23538],[-122.88485,49.23538],[-122.88485,49.23538],[-122.88485,49.23538],[-122.88486,49.23538],[-122.88486,49.23538],[-122.88486,49.23538],[-122.88486,49.23538],[-122.88486,49.23538],[-122.88486,49.23538],[-122.88487,49.23538],[-122.88487,49.23538],[-122.88487,49.23538],[-122.88487,49.23538],[-122.88487,49.23538],[-122.88487,49.23538],[-122.88488,49.23538],[-122.88488,49.23538],[-122.88488,49.23539],[-122.88488,49.23539],[-122.88488,49.23539],[-122.88488,49.23539],[-122.88489,49.23539],[-122.88489,49.23539],[-122.88489,49.23539],[-122.88489,49.23539],[-122.88489,49.23539],[-122.88489,49.23539],[-122.8849,49.23539],[-122.8849,49.23539],[-122.8849,49.23539],[-122.8849,49.23539],[-122.8849,49.23539],[-122.8849,49.23539],[-122.88491,49.23539],[-122.88491,49.23539],[-122.88491,49.23539],[-122.88491,49.23539],[-122.88491,49.23539],[-122.88491,49.23539],[-122.88492,49.23539],[-122.88492,49.23539],[-122.88492,49.23539],[-122.88492,49.23539],[-122.88492,49.23539],[-122.88492,49.23539],[-122.88493,49.23539],[-122.88493,49.23539],[-122.88493,49.23539],[-122.88493,49.23539],[-122.88493,49.2354],[-122.88493,49.2354],[-122.88494,49.2354],[-122.88494,49.2354],[-122.88494,49.2354],[-122.88494,49.2354],[-122.88494,49.2354],[-122.88494,49.2354],[-122.88495,49.2354],[-122.88495,49.2354],[-122.88495,49.2354],[-122.88495,49.2354],[-122.88495,49.2354],[-122.88495,49.2354],[-122.88496,49.2354],[-122.88496,49.2354],[-122.88496,49.2354],[-122.88496,49.2354],[-122.88496,49.2354],[-122.88496,49.2354],[-122.88497,49.2354],[-122.88497,49.2354],[-122.88497,49.2354],[-122.88497,49.2354],[-122.88497,49.2354],[-122.88497,49.2354],[-122.88498,49.2354],[-122.88498,49.2354],[-122.88498,49.2354],[-122.88498,49.23541],[-122.88498,49.23541],[-122.88498,49.23541],[-122.88499,49.23541],[-122.88499,49.23541],[-122.88499,49.23541],[-122.88499,49.23541],[-122.88499,49.23541],[-122.88499,49.23541],[-122.885,49.23541],[-122.885,49.23541],[-122.885,49.23541],[-122.885,49.23541],[-122.885,49.23541],[-122.885,49.23541],[-122.88501,49.23541],[-122.88501,49.23541],[-122.88501,49.23541],[-122.88501,49.23541],[-122.88501,49.23541],[-122.88501,49.23541],[-122.88502,49.23541],[-122.88502,49.23541],[-122.88502,49.23541],[-122.88502,49.23541],[-122.88502,49.23541],[-122.88502,49.23541],[-122.88503,49.23542],[-122.88503,49.23542],[-122.88503,49.23542],[-122.88503,49.23542],[-122.88503,49.23542],[-122.88503,49.23542],[-122.88503,49.23542],[-122.88504,49.23542],[-122.88504,49.23542],[-122.88504,49.23542],[-122.88504,49.23542],[-122.88504,49.23542],[-122.88505,49.23542],[-122.88505,49.23542],[-122.88505,49.23542],[-122.88505,49.23542],[-122.88505,49.23542],[-122.88505,49.23542],[-122.88506,49.23542],[-122.88506,49.23542],[-122.88506,49.23542],[-122.88506,49.23542],[-122.88506,49.23542],[-122.88506,49.23542],[-122.88506,49.23542],[-122.88507,49.23543],[-122.88507,49.23543],[-122.88507,49.23543],[-122.88507,49.23543],[-122.88507,49.23543],[-122.88507,49.23543],[-122.88508,49.23543],[-122.88508,49.23543],[-122.88508,49.23543],[-122.88508,49.23543],[-122.88508,49.23543],[-122.88508,49.23543],[-122.88509,49.23543],[-122.88509,49.23543],[-122.88509,49.23543],[-122.88509,49.23543],[-122.88509,49.23543],[-122.88509,49.23543],[-122.8851,49.23543],[-122.8851,49.23543],[-122.8851,49.23543],[-122.8851,49.23543],[-122.8851,49.23543],[-122.8851,49.23543],[-122.8851,49.23543],[-122.88511,49.23544],[-122.88511,49.23544],[-122.88511,49.23544],[-122.88511,49.23544],[-122.88511,49.23544],[-122.88512,49.23544],[-122.88512,49.23544],[-122.88512,49.23544],[-122.88512,49.23544],[-122.88512,49.23544],[-122.88512,49.23544],[-122.88512,49.23544],[-122.88513,49.23544],[-122.88513,49.23544],[-122.88513,49.23544],[-122.88513,49.23544],[-122.88513,49.23544],[-122.88513,49.23544],[-122.88514,49.23544],[-122.88514,49.23544],[-122.88514,49.23544],[-122.88514,49.23544],[-122.88514,49.23544],[-122.88514,49.23544],[-122.88515,49.23545],[-122.88515,49.23545],[-122.88515,49.23545],[-122.88515,49.23545],[-122.88515,49.23545],[-122.88515,49.23545],[-122.88516,49.23545],[-122.88516,49.23545],[-122.88516,49.23545],[-122.88516,49.23545],[-122.88516,49.23545],[-122.88516,49.23545],[-122.88516,49.23545],[-122.88517,49.23545],[-122.88517,49.23545],[-122.88517,49.23545],[-122.88517,49.23545],[-122.88517,49.23545],[-122.88517,49.23545],[-122.88518,49.23545],[-122.88518,49.23545],[-122.88518,49.23545],[-122.88518,49.23546],[-122.88518,49.23546],[-122.88518,49.23546],[-122.88518,49.23546],[-122.88519,49.23546],[-122.88519,49.23546],[-122.88519,49.23546],[-122.88519,49.23546],[-122.88519,49.23546],[-122.88519,49.23546],[-122.8852,49.23546],[-122.8852,49.23546],[-122.8852,49.23546],[-122.8852,49.23546],[-122.8852,49.23546],[-122.8852,49.23546],[-122.88521,49.23546],[-122.88521,49.23546],[-122.88521,49.23546],[-122.88521,49.23546],[-122.88521,49.23546],[-122.88521,49.23546],[-122.88522,49.23547],[-122.88522,49.23547],[-122.88522,49.23547],[-122.88522,49.23547],[-122.88522,49.23547],[-122.88522,49.23547],[-122.88523,49.23547],[-122.88523,49.23547],[-122.88523,49.23547],[-122.88523,49.23547],[-122.88523,49.23547],[-122.88523,49.23547],[-122.88523,49.23547],[-122.88524,49.23547],[-122.88524,49.23547],[-122.88524,49.23547],[-122.88524,49.23547],[-122.88524,49.23547],[-122.88524,49.23547],[-122.88525,49.23547],[-122.88525,49.23547],[-122.88525,49.23547],[-122.88525,49.23547],[-122.88525,49.23547],[-122.88525,49.23548],[-122.88526,49.23548],[-122.88526,49.23548],[-122.88526,49.23548],[-122.88526,49.23548],[-122.88526,49.23548],[-122.88526,49.23548],[-122.88526,49.23548],[-122.88527,49.23548],[-122.88527,49.23548],[-122.88527,49.23548],[-122.88527,49.23548],[-122.88527,49.23548],[-122.88528,49.23548],[-122.88528,49.23548],[-122.88528,49.23548],[-122.88528,49.23548],[-122.88528,49.23548],[-122.88528,49.23548],[-122.88528,49.23548],[-122.88529,49.23548],[-122.88529,49.23548],[-122.88529,49.23548],[-122.88529,49.23548],[-122.88529,49.23548],[-122.88529,49.23548],[-122.8853,49.23548],[-122.8853,49.23549],[-122.8853,49.23549],[-122.8853,49.23549],[-122.8853,49.23549],[-122.8853,49.23549],[-122.88531,49.23549],[-122.88531,49.23549],[-122.88531,49.23549],[-122.88531,49.23549],[-122.88531,49.23549],[-122.88531,49.23549],[-122.88532,49.23549],[-122.88532,49.23549],[-122.88532,49.23549],[-122.88532,49.23549],[-122.88532,49.23549],[-122.88532,49.23549],[-122.88533,49.23549],[-122.88533,49.23549],[-122.88533,49.23549],[-122.88533,49.23549],[-122.88533,49.23549],[-122.88533,49.23549],[-122.88534,49.23549],[-122.88534,49.23549],[-122.88534,49.23549],[-122.88534,49.23549],[-122.88534,49.23549],[-122.88534,49.2355],[-122.88535,49.2355],[-122.88535,49.2355],[-122.88535,49.2355],[-122.88535,49.2355],[-122.88535,49.2355],[-122.88535,49.2355],[-122.88536,49.2355],[-122.88536,49.2355],[-122.88536,49.2355],[-122.88536,49.2355],[-122.88536,49.2355],[-122.88536,49.2355],[-122.88536,49.2355],[-122.88537,49.2355],[-122.88537,49.2355],[-122.88537,49.2355],[-122.88537,49.2355],[-122.88537,49.2355],[-122.88537,49.2355],[-122.88538,49.23551],[-122.88538,49.23551],[-122.88538,49.23551],[-122.88538,49.23551],[-122.88538,49.23551],[-122.88538,49.23551],[-122.88538,49.23551],[-122.88539,49.23551],[-122.88539,49.23551],[-122.88539,49.23551],[-122.88539,49.23551],[-122.88539,49.23551],[-122.88539,49.23551],[-122.88539,49.23551],[-122.8854,49.23551],[-122.8854,49.23551],[-122.8854,49.23551],[-122.8854,49.23552],[-122.8854,49.23552],[-122.8854,49.23552],[-122.88541,49.23552],[-122.88541,49.23552],[-122.88541,49.23552],[-122.88541,49.23552],[-122.88541,49.23552],[-122.88541,49.23552],[-122.88541,49.23552],[-122.88541,49.23552],[-122.88542,49.23552],[-122.88542,49.23552],[-122.88542,49.23552],[-122.88542,49.23552],[-122.88542,49.23552],[-122.88542,49.23553],[-122.88543,49.23553],[-122.88543,49.23553],[-122.88543,49.23553],[-122.88543,49.23553],[-122.88543,49.23553],[-122.88543,49.23553],[-122.88544,49.23553],[-122.88544,49.23553],[-122.88544,49.23553],[-122.88544,49.23553],[-122.88544,49.23553],[-122.88544,49.23553],[-122.88545,49.23554],[-122.88545,49.23554],[-122.88545,49.23554],[-122.88545,49.23554],[-122.88545,49.23554],[-122.88545,49.23554],[-122.88546,49.23554],[-122.88546,49.23554],[-122.88546,49.23554],[-122.88546,49.23554],[-122.88546,49.23554],[-122.88546,49.23554],[-122.88546,49.23555],[-122.88547,49.23555],[-122.88547,49.23555],[-122.88547,49.23555],[-122.88547,49.23555],[-122.88547,49.23555],[-122.88547,49.23555],[-122.88547,49.23555],[-122.88548,49.23555],[-122.88548,49.23555],[-122.88548,49.23555],[-122.88548,49.23555],[-122.88548,49.23555],[-122.88548,49.23556],[-122.88548,49.23556],[-122.88549,49.23556],[-122.88549,49.23556],[-122.88549,49.23556],[-122.88549,49.23556],[-122.88549,49.23556],[-122.88549,49.23556],[-122.88549,49.23556],[-122.8855,49.23556],[-122.8855,49.23556],[-122.8855,49.23557],[-122.8855,49.23557],[-122.8855,49.23557],[-122.88551,49.23557],[-122.88551,49.23557],[-122.88551,49.23557],[-122.88551,49.23557],[-122.88551,49.23557],[-122.88551,49.23557],[-122.88551,49.23557],[-122.88552,49.23558],[-122.88552,49.23558],[-122.88552,49.23558],[-122.88552,49.23558],[-122.88552,49.23558],[-122.88552,49.23558],[-122.88553,49.23558],[-122.88553,49.23558],[-122.88553,49.23558],[-122.88553,49.23558],[-122.88553,49.23558],[-122.88553,49.23559],[-122.88553,49.23559],[-122.88554,49.23559],[-122.88554,49.23559],[-122.88554,49.23559],[-122.88554,49.23559],[-122.88554,49.23559],[-122.88554,49.23559],[-122.88555,49.23559],[-122.88555,49.2356],[-122.88555,49.2356],[-122.88555,49.2356],[-122.88555,49.2356],[-122.88555,49.2356],[-122.88556,49.2356],[-122.88556,49.2356],[-122.88556,49.2356],[-122.88556,49.2356],[-122.88556,49.2356],[-122.88556,49.23561],[-122.88556,49.23561],[-122.88557,49.23561],[-122.88557,49.23561],[-122.88557,49.23561],[-122.88557,49.23561],[-122.88557,49.23561],[-122.88557,49.23561],[-122.88558,49.23562],[-122.88558,49.23562],[-122.88558,49.23562],[-122.88558,49.23562],[-122.88558,49.23562],[-122.88558,49.23562],[-122.88558,49.23562],[-122.88559,49.23562],[-122.88559,49.23562],[-122.88559,49.23562],[-122.88559,49.23562],[-122.88559,49.23563],[-122.88559,49.23563],[-122.88559,49.23563],[-122.8856,49.23563],[-122.8856,49.23563],[-122.8856,49.23563],[-122.8856,49.23563],[-122.8856,49.23563],[-122.8856,49.23563],[-122.8856,49.23563],[-122.88561,49.23564],[-122.88561,49.23564],[-122.88561,49.23564],[-122.88561,49.23564],[-122.88561,49.23564],[-122.88561,49.23564],[-122.88561,49.23564],[-122.88562,49.23564],[-122.88562,49.23564],[-122.88562,49.23565],[-122.88562,49.23565],[-122.88562,49.23565],[-122.88562,49.23565],[-122.88562,49.23565],[-122.88563,49.23565],[-122.88563,49.23565],[-122.88563,49.23565],[-122.88563,49.23565],[-122.88563,49.23566],[-122.88563,49.23566],[-122.88563,49.23566],[-122.88563,49.23566],[-122.88564,49.23566],[-122.88564,49.23566],[-122.88564,49.23566],[-122.88564,49.23566],[-122.88564,49.23566],[-122.88564,49.23567],[-122.88564,49.23567],[-122.88565,49.23567],[-122.88565,49.23567],[-122.88565,49.23567],[-122.88565,49.23567],[-122.88565,49.23567],[-122.88565,49.23567],[-122.88565,49.23567],[-122.88566,49.23568],[-122.88566,49.23568],[-122.88566,49.23568],[-122.88566,49.23568],[-122.88566,49.23568],[-122.88566,49.23568],[-122.88566,49.23568],[-122.88566,49.23568],[-122.88567,49.23568],[-122.88567,49.23568],[-122.88567,49.23568],[-122.88567,49.23569],[-122.88567,49.23569],[-122.88567,49.23569],[-122.88567,49.23569],[-122.88568,49.23569],[-122.88568,49.23569],[-122.88568,49.23569],[-122.88568,49.23569],[-122.88568,49.23569],[-122.88568,49.2357],[-122.88568,49.2357],[-122.88569,49.2357],[-122.88569,49.2357],[-122.88569,49.2357],[-122.88569,49.2357],[-122.88569,49.2357],[-122.88569,49.2357],[-122.88569,49.2357],[-122.88569,49.2357],[-122.88569,49.2357],[-122.8857,49.2357],[-122.8857,49.23571],[-122.8857,49.23571],[-122.8857,49.23571],[-122.8857,49.23571],[-122.8857,49.23571],[-122.8857,49.23571],[-122.8857,49.23571],[-122.88571,49.23571],[-122.88571,49.23571],[-122.88571,49.23571],[-122.88571,49.23571],[-122.88571,49.23572],[-122.88571,49.23572],[-122.88571,49.23572],[-122.88572,49.23572],[-122.88572,49.23572],[-122.88572,49.23572],[-122.88572,49.23572],[-122.88572,49.23572],[-122.88572,49.23572],[-122.88573,49.23572],[-122.88573,49.23572],[-122.88573,49.23572],[-122.88573,49.23573],[-122.88573,49.23573],[-122.88573,49.23573],[-122.88573,49.23573],[-122.88573,49.23573],[-122.88574,49.23573],[-122.88574,49.23573],[-122.88574,49.23573],[-122.88574,49.23573],[-122.88574,49.23573],[-122.88574,49.23573],[-122.88574,49.23573],[-122.88575,49.23573],[-122.88575,49.23573],[-122.88575,49.23574],[-122.88575,49.23574],[-122.88575,49.23574],[-122.88575,49.23574],[-122.88575,49.23574],[-122.88576,49.23574],[-122.88576,49.23574],[-122.88576,49.23574],[-122.88576,49.23574],[-122.88576,49.23574],[-122.88576,49.23574],[-122.88577,49.23574],[-122.88577,49.23575],[-122.88577,49.23575],[-122.88577,49.23575],[-122.88577,49.23575],[-122.88577,49.23575],[-122.88577,49.23575],[-122.88578,49.23575],[-122.88578,49.23575],[-122.88578,49.23575],[-122.88578,49.23575],[-122.88578,49.23575],[-122.88578,49.23575],[-122.88578,49.23575],[-122.88579,49.23575],[-122.88579,49.23576],[-122.88579,49.23576],[-122.88579,49.23576],[-122.88579,49.23576],[-122.88579,49.23576],[-122.88579,49.23576],[-122.88579,49.23576],[-122.8858,49.23576],[-122.8858,49.23576],[-122.8858,49.23576],[-122.8858,49.23576],[-122.8858,49.23576],[-122.8858,49.23576],[-122.8858,49.23576],[-122.8858,49.23577],[-122.88581,49.23577],[-122.88581,49.23577],[-122.88581,49.23577],[-122.88581,49.23577],[-122.88581,49.23577],[-122.88581,49.23577],[-122.88581,49.23577],[-122.88581,49.23577],[-122.88582,49.23577],[-122.88582,49.23577],[-122.88582,49.23578],[-122.88582,49.23578],[-122.88582,49.23578],[-122.88582,49.23578],[-122.88582,49.23578],[-122.88583,49.23578],[-122.88583,49.23578],[-122.88583,49.23578],[-122.88583,49.23578],[-122.88583,49.23578],[-122.88583,49.23579],[-122.88583,49.23579],[-122.88583,49.23579],[-122.88584,49.23579],[-122.88584,49.23579],[-122.88584,49.23579],[-122.88584,49.23579],[-122.88584,49.23579],[-122.88584,49.23579],[-122.88584,49.23579],[-122.88585,49.23579],[-122.88585,49.2358],[-122.88585,49.2358],[-122.88585,49.2358],[-122.88585,49.2358],[-122.88585,49.2358],[-122.88585,49.2358],[-122.88585,49.2358],[-122.88586,49.2358],[-122.88586,49.2358],[-122.88586,49.2358],[-122.88586,49.2358],[-122.88586,49.2358],[-122.88586,49.2358],[-122.88586,49.2358],[-122.88587,49.2358],[-122.88587,49.23581],[-122.88587,49.23581],[-122.88587,49.23581],[-122.88587,49.23581],[-122.88587,49.23581],[-122.88587,49.23581],[-122.88588,49.23581],[-122.88588,49.23581],[-122.88588,49.23581],[-122.88588,49.23581],[-122.88588,49.23581],[-122.88588,49.23581],[-122.88588,49.23581],[-122.88589,49.23581],[-122.88589,49.23581],[-122.88589,49.23581],[-122.88589,49.23581],[-122.88589,49.23581],[-122.88589,49.23581],[-122.8859,49.23582],[-122.8859,49.23582],[-122.8859,49.23582],[-122.8859,49.23582],[-122.8859,49.23582],[-122.8859,49.23582],[-122.8859,49.23582],[-122.88591,49.23582],[-122.88591,49.23582],[-122.88591,49.23582],[-122.88591,49.23582],[-122.88591,49.23582],[-122.88591,49.23582],[-122.88592,49.23582],[-122.88592,49.23582],[-122.88592,49.23582],[-122.88592,49.23582],[-122.88592,49.23583],[-122.88592,49.23583],[-122.88593,49.23583],[-122.88593,49.23583],[-122.88593,49.23583],[-122.88593,49.23583],[-122.88593,49.23583],[-122.88593,49.23583],[-122.88594,49.23583],[-122.88594,49.23583],[-122.88594,49.23583],[-122.88594,49.23583],[-122.88594,49.23583],[-122.88594,49.23583],[-122.88595,49.23583],[-122.88595,49.23584],[-122.88595,49.23584],[-122.88595,49.23584],[-122.88595,49.23584],[-122.88595,49.23584],[-122.88595,49.23584],[-122.88596,49.23584],[-122.88596,49.23584],[-122.88596,49.23584],[-122.88596,49.23584],[-122.88596,49.23584],[-122.88597,49.23584],[-122.88597,49.23584],[-122.88597,49.23584],[-122.88597,49.23584],[-122.88597,49.23584],[-122.88597,49.23585],[-122.88597,49.23585],[-122.88598,49.23585],[-122.88598,49.23585],[-122.88598,49.23585],[-122.88598,49.23585],[-122.88598,49.23585],[-122.88598,49.23585],[-122.88599,49.23585],[-122.88599,49.23585],[-122.88599,49.23585],[-122.88599,49.23585],[-122.88599,49.23585],[-122.886,49.23585],[-122.886,49.23585],[-122.886,49.23586],[-122.886,49.23586],[-122.886,49.23586],[-122.886,49.23586],[-122.886,49.23586],[-122.88601,49.23586],[-122.88601,49.23586],[-122.88601,49.23586],[-122.88601,49.23586],[-122.88601,49.23586],[-122.88601,49.23586],[-122.88602,49.23586],[-122.88602,49.23586],[-122.88602,49.23586],[-122.88602,49.23586],[-122.88602,49.23587],[-122.88602,49.23587],[-122.88603,49.23587],[-122.88603,49.23587],[-122.88603,49.23587],[-122.88603,49.23587],[-122.88603,49.23587],[-122.88603,49.23587],[-122.88603,49.23587],[-122.88604,49.23587],[-122.88604,49.23587],[-122.88604,49.23587],[-122.88604,49.23587],[-122.88604,49.23587],[-122.88604,49.23587],[-122.88605,49.23587],[-122.88605,49.23587],[-122.88605,49.23587],[-122.88605,49.23588],[-122.88605,49.23588],[-122.88605,49.23588],[-122.88605,49.23588],[-122.88606,49.23588],[-122.88606,49.23588],[-122.88606,49.23588],[-122.88606,49.23588],[-122.88606,49.23588],[-122.88606,49.23588],[-122.88607,49.23588],[-122.88607,49.23588],[-122.88607,49.23588],[-122.88607,49.23588],[-122.88607,49.23588],[-122.88607,49.23588],[-122.88607,49.23588],[-122.88608,49.23589],[-122.88608,49.23589],[-122.88608,49.23589],[-122.88608,49.23589],[-122.88608,49.23589],[-122.88608,49.23589],[-122.88609,49.23589],[-122.88609,49.23589],[-122.88609,49.23589],[-122.88609,49.23589],[-122.88609,49.23589],[-122.88609,49.23589],[-122.8861,49.23589],[-122.8861,49.23589],[-122.8861,49.23589],[-122.8861,49.23589],[-122.8861,49.23589],[-122.8861,49.23589],[-122.8861,49.2359],[-122.88611,49.2359],[-122.88611,49.2359],[-122.88611,49.2359],[-122.88611,49.2359],[-122.88611,49.2359],[-122.88611,49.2359],[-122.88612,49.2359],[-122.88612,49.2359],[-122.88612,49.2359],[-122.88612,49.2359],[-122.88612,49.2359],[-122.88612,49.2359],[-122.88613,49.2359],[-122.88613,49.2359],[-122.88613,49.2359],[-122.88613,49.2359],[-122.88613,49.2359],[-122.88613,49.2359],[-122.88613,49.2359],[-122.88614,49.23591],[-122.88614,49.23591],[-122.88614,49.23591],[-122.88614,49.23591],[-122.88614,49.23591],[-122.88614,49.23591],[-122.88615,49.23591],[-122.88615,49.23591],[-122.88615,49.23591],[-122.88615,49.23591],[-122.88615,49.23591],[-122.88615,49.23591],[-122.88615,49.23591],[-122.88616,49.23591],[-122.88616,49.23591],[-122.88616,49.23591],[-122.88616,49.23591],[-122.88616,49.23591],[-122.88616,49.23591],[-122.88617,49.23591],[-122.88617,49.23592],[-122.88617,49.23592],[-122.88617,49.23592],[-122.88617,49.23592],[-122.88617,49.23592],[-122.88617,49.23592],[-122.88618,49.23592],[-122.88618,49.23592],[-122.88618,49.23592],[-122.88618,49.23592],[-122.88618,49.23592],[-122.88618,49.23592],[-122.88619,49.23592],[-122.88619,49.23592],[-122.88619,49.23592],[-122.88619,49.23592],[-122.88619,49.23592],[-122.88619,49.23592],[-122.8862,49.23592],[-122.8862,49.23592],[-122.8862,49.23593],[-122.8862,49.23593],[-122.8862,49.23593],[-122.8862,49.23593],[-122.88621,49.23593],[-122.88621,49.23593],[-122.88621,49.23593],[-122.88621,49.23593],[-122.88621,49.23593],[-122.88621,49.23593],[-122.88622,49.23593],[-122.88622,49.23593],[-122.88622,49.23593],[-122.88622,49.23593],[-122.88622,49.23593],[-122.88622,49.23593],[-122.88623,49.23593],[-122.88623,49.23593],[-122.88623,49.23593],[-122.88623,49.23593],[-122.88623,49.23593],[-122.88623,49.23594],[-122.88624,49.23594],[-122.88624,49.23594],[-122.88624,49.23594],[-122.88624,49.23594],[-122.88624,49.23594],[-122.88624,49.23594],[-122.88624,49.23594],[-122.88625,49.23594],[-122.88625,49.23594],[-122.88625,49.23594],[-122.88625,49.23594],[-122.88625,49.23594],[-122.88625,49.23594],[-122.88626,49.23594],[-122.88626,49.23594],[-122.88626,49.23594],[-122.88626,49.23594],[-122.88626,49.23594],[-122.88626,49.23594],[-122.88627,49.23594],[-122.88627,49.23594],[-122.88627,49.23594],[-122.88627,49.23595],[-122.88627,49.23595],[-122.88627,49.23595],[-122.88627,49.23595],[-122.88628,49.23595],[-122.88628,49.23595],[-122.88628,49.23595],[-122.88628,49.23595],[-122.88628,49.23595],[-122.88628,49.23595],[-122.88629,49.23595],[-122.88629,49.23595],[-122.88629,49.23595],[-122.88629,49.23595],[-122.88629,49.23595],[-122.88629,49.23595],[-122.8863,49.23595],[-122.8863,49.23595],[-122.8863,49.23595],[-122.8863,49.23595],[-122.8863,49.23595],[-122.88631,49.23595],[-122.88631,49.23596],[-122.88631,49.23596],[-122.88631,49.23596],[-122.88631,49.23596],[-122.88631,49.23596],[-122.88632,49.23596],[-122.88632,49.23596],[-122.88632,49.23596],[-122.88632,49.23596],[-122.88632,49.23596],[-122.88632,49.23596],[-122.88633,49.23596],[-122.88633,49.23596],[-122.88633,49.23596],[-122.88633,49.23596],[-122.88633,49.23596],[-122.88633,49.23596],[-122.88634,49.23596],[-122.88634,49.23596],[-122.88634,49.23596],[-122.88634,49.23596],[-122.88634,49.23596],[-122.88634,49.23597],[-122.88635,49.23597],[-122.88635,49.23597],[-122.88635,49.23597],[-122.88635,49.23597],[-122.88635,49.23597],[-122.88635,49.23597],[-122.88635,49.23597],[-122.88636,49.23597],[-122.88636,49.23597],[-122.88636,49.23597],[-122.88636,49.23597],[-122.88636,49.23597],[-122.88636,49.23597],[-122.88637,49.23597],[-122.88637,49.23597],[-122.88637,49.23597],[-122.88637,49.23597],[-122.88637,49.23597],[-122.88637,49.23597],[-122.88638,49.23597],[-122.88638,49.23597],[-122.88638,49.23597],[-122.88638,49.23597],[-122.88638,49.23598],[-122.88638,49.23598],[-122.88639,49.23598],[-122.88639,49.23598],[-122.88639,49.23598],[-122.88639,49.23598],[-122.88639,49.23598],[-122.88639,49.23598],[-122.8864,49.23598],[-122.8864,49.23598],[-122.8864,49.23598],[-122.8864,49.23598],[-122.8864,49.23598],[-122.8864,49.23598],[-122.88641,49.23598],[-122.88641,49.23598],[-122.88641,49.23598],[-122.88641,49.23598],[-122.88641,49.23598],[-122.88641,49.23598],[-122.88641,49.23598],[-122.88642,49.23598],[-122.88642,49.23598],[-122.88642,49.23598],[-122.88642,49.23598],[-122.88642,49.23599],[-122.88642,49.23599],[-122.88643,49.23599],[-122.88643,49.23599],[-122.88643,49.23599],[-122.88643,49.23599],[-122.88643,49.23599],[-122.88643,49.23599],[-122.88644,49.23599],[-122.88644,49.23599],[-122.88644,49.23599],[-122.88644,49.23599],[-122.88644,49.23599],[-122.88644,49.23599],[-122.88645,49.23599],[-122.88645,49.23599],[-122.88645,49.23599],[-122.88645,49.23599],[-122.88645,49.23599],[-122.88645,49.23599],[-122.88646,49.23599],[-122.88646,49.23599],[-122.88646,49.23599],[-122.88646,49.23599],[-122.88646,49.23599],[-122.88646,49.23599],[-122.88647,49.23599],[-122.88647,49.236],[-122.88647,49.236],[-122.88647,49.236],[-122.88647,49.236],[-122.88647,49.236],[-122.88648,49.236],[-122.88648,49.236],[-122.88648,49.236],[-122.88648,49.236],[-122.88648,49.236],[-122.88648,49.236],[-122.88649,49.236],[-122.88649,49.236],[-122.88649,49.236],[-122.88649,49.236],[-122.88649,49.236],[-122.88649,49.236],[-122.8865,49.236],[-122.8865,49.236],[-122.8865,49.236],[-122.8865,49.236],[-122.8865,49.236],[-122.8865,49.236],[-122.88651,49.236],[-122.88651,49.236],[-122.88651,49.236],[-122.88651,49.236],[-122.88651,49.236],[-122.88652,49.236],[-122.88652,49.236],[-122.88652,49.236],[-122.88652,49.236],[-122.88652,49.236],[-122.88652,49.236],[-122.88653,49.236],[-122.88653,49.23601],[-122.88653,49.23601],[-122.88653,49.23601],[-122.88653,49.23601],[-122.88653,49.23601],[-122.88654,49.23601],[-122.88654,49.23601],[-122.88654,49.23601],[-122.88654,49.23601],[-122.88654,49.23601],[-122.88654,49.23601],[-122.88655,49.23601],[-122.88655,49.23601],[-122.88655,49.23601],[-122.88655,49.23601],[-122.88655,49.23601],[-122.88655,49.23601],[-122.88656,49.23601],[-122.88656,49.23601],[-122.88656,49.23601],[-122.88656,49.23601],[-122.88656,49.23601],[-122.88656,49.23601],[-122.88657,49.23601],[-122.88657,49.23601],[-122.88657,49.23601],[-122.88657,49.23601],[-122.88657,49.23601],[-122.88658,49.23601],[-122.88658,49.23601],[-122.88658,49.23601],[-122.88658,49.23601],[-122.88658,49.23601],[-122.88658,49.23601],[-122.88659,49.23601],[-122.88659,49.23601],[-122.88659,49.23601],[-122.88659,49.23601],[-122.88659,49.23601],[-122.88659,49.23601],[-122.8866,49.23601],[-122.8866,49.23601],[-122.8866,49.23601],[-122.8866,49.23601],[-122.8866,49.23601],[-122.8866,49.23601],[-122.88661,49.23601],[-122.88661,49.23601],[-122.88661,49.23601],[-122.88661,49.23601],[-122.88661,49.23601],[-122.88661,49.23601],[-122.88662,49.23601],[-122.88662,49.23602],[-122.88662,49.23602],[-122.88662,49.23602],[-122.88662,49.23602],[-122.88663,49.23602],[-122.88663,49.23602],[-122.88663,49.23602],[-122.88663,49.23602],[-122.88663,49.23602],[-122.88663,49.23602],[-122.88664,49.23602],[-122.88664,49.23602],[-122.88664,49.23602],[-122.88664,49.23602],[-122.88664,49.23602],[-122.88664,49.23602],[-122.88665,49.23602],[-122.88665,49.23602],[-122.88665,49.23602],[-122.88665,49.23602],[-122.88665,49.23602],[-122.88665,49.23602],[-122.88666,49.23602],[-122.88666,49.23602],[-122.88666,49.23602],[-122.88666,49.23602],[-122.88666,49.23602],[-122.88667,49.23602],[-122.88667,49.23602],[-122.88667,49.23602],[-122.88667,49.23602],[-122.88667,49.23602],[-122.88667,49.23602],[-122.88668,49.23602],[-122.88668,49.23602],[-122.88668,49.23602],[-122.88668,49.23602],[-122.88668,49.23602],[-122.88668,49.23602],[-122.88669,49.23602],[-122.88669,49.23602],[-122.88669,49.23602],[-122.88669,49.23602],[-122.88669,49.23602],[-122.88669,49.23602],[-122.8867,49.23602],[-122.8867,49.23602],[-122.8867,49.23602],[-122.8867,49.23602],[-122.8867,49.23602],[-122.88671,49.23602],[-122.88671,49.23602],[-122.88671,49.23602],[-122.88671,49.23602],[-122.88671,49.23602],[-122.88671,49.23602],[-122.88672,49.23602],[-122.88672,49.23602],[-122.88672,49.23602],[-122.88672,49.23602],[-122.88672,49.23602],[-122.88672,49.23602],[-122.88673,49.23602],[-122.88673,49.23602],[-122.88673,49.23602],[-122.88673,49.23602],[-122.88673,49.23602],[-122.88673,49.23602],[-122.88674,49.23602],[-122.88674,49.23602],[-122.88674,49.23602],[-122.88674,49.23602],[-122.88674,49.23602],[-122.88675,49.23602],[-122.88675,49.23602],[-122.88675,49.23602],[-122.88675,49.23602],[-122.88675,49.23602],[-122.88675,49.23602],[-122.88676,49.23602],[-122.88676,49.23602],[-122.88676,49.23602],[-122.88676,49.23602],[-122.88676,49.23602],[-122.88676,49.23602],[-122.88677,49.23602],[-122.88677,49.23602],[-122.88677,49.23602],[-122.88677,49.23602],[-122.88677,49.23602],[-122.88677,49.23602],[-122.88678,49.23602],[-122.88678,49.23602],[-122.88678,49.23602],[-122.88678,49.23602],[-122.88678,49.23602],[-122.88679,49.23602],[-122.88679,49.23602],[-122.88679,49.23602],[-122.88679,49.23602],[-122.88679,49.23602],[-122.88679,49.23602],[-122.8868,49.23602],[-122.8868,49.23602],[-122.8868,49.23602],[-122.8868,49.23602],[-122.8868,49.23602],[-122.8868,49.23602],[-122.88681,49.23602],[-122.88681,49.23602],[-122.88681,49.23602],[-122.88681,49.23602],[-122.88681,49.23602],[-122.88681,49.23602],[-122.88682,49.23602],[-122.88682,49.23602],[-122.88682,49.23602],[-122.88682,49.23602],[-122.88682,49.23602],[-122.88683,49.23602],[-122.88683,49.23602],[-122.88683,49.23602],[-122.88683,49.23602],[-122.88683,49.23602],[-122.88683,49.23602],[-122.88684,49.23602],[-122.88684,49.23602],[-122.88684,49.23602],[-122.88684,49.23602],[-122.88684,49.23602],[-122.88684,49.23602],[-122.88685,49.23602],[-122.88685,49.23602],[-122.88685,49.23602],[-122.88685,49.23602],[-122.88685,49.23602],[-122.88685,49.23602],[-122.88686,49.23602],[-122.88686,49.23602],[-122.88686,49.23602],[-122.88686,49.23602],[-122.88686,49.23602],[-122.88687,49.23602],[-122.88687,49.23602],[-122.88687,49.23602],[-122.88687,49.23602],[-122.88687,49.23602],[-122.88687,49.23602],[-122.88688,49.23602],[-122.88688,49.23602],[-122.88688,49.23602],[-122.88688,49.23602],[-122.88688,49.23602],[-122.88688,49.23602],[-122.88689,49.23602],[-122.88689,49.23602],[-122.88689,49.23602],[-122.88689,49.23602],[-122.88689,49.23602],[-122.88689,49.23602],[-122.8869,49.23602],[-122.8869,49.23602],[-122.8869,49.23602],[-122.8869,49.23602],[-122.8869,49.23602],[-122.88691,49.23602],[-122.88691,49.23602],[-122.88691,49.23602],[-122.88691,49.23602],[-122.88691,49.23602],[-122.88691,49.23602],[-122.88692,49.23602],[-122.88692,49.23602],[-122.88692,49.23602],[-122.88692,49.23602],[-122.88692,49.23602],[-122.88692,49.23602],[-122.88693,49.23602],[-122.88693,49.23602],[-122.88693,49.23602],[-122.88693,49.23602],[-122.88693,49.23602],[-122.88693,49.23602],[-122.88694,49.23602],[-122.88694,49.23602],[-122.88694,49.23602],[-122.88694,49.23602],[-122.88694,49.23602],[-122.88695,49.23602],[-122.88695,49.23602],[-122.88695,49.23602],[-122.88695,49.23603],[-122.88695,49.23603],[-122.88695,49.23603],[-122.88696,49.23603],[-122.88696,49.23603],[-122.88696,49.23603],[-122.88696,49.23603],[-122.88696,49.23603],[-122.88696,49.23603],[-122.88697,49.23603],[-122.88697,49.23603],[-122.88697,49.23603],[-122.88697,49.23603],[-122.88697,49.23603],[-122.88697,49.23603],[-122.88698,49.23603],[-122.88698,49.23603],[-122.88698,49.23603],[-122.88698,49.23603],[-122.88698,49.23603],[-122.88698,49.23603],[-122.88699,49.23603],[-122.88699,49.23603],[-122.88699,49.23603],[-122.88699,49.23603],[-122.88699,49.23603],[-122.88699,49.23603],[-122.887,49.23603],[-122.887,49.23603],[-122.887,49.23603],[-122.887,49.23603],[-122.887,49.23603],[-122.887,49.23603],[-122.88701,49.23603],[-122.88701,49.23603],[-122.88701,49.23603],[-122.88701,49.23603],[-122.88701,49.23603],[-122.88701,49.23603],[-122.88702,49.23603],[-122.88702,49.23603],[-122.88702,49.23603],[-122.88702,49.23603],[-122.88702,49.23603],[-122.88702,49.23603],[-122.88703,49.23603],[-122.88703,49.23603],[-122.88703,49.23603],[-122.88703,49.23603],[-122.88703,49.23603],[-122.88703,49.23603],[-122.88704,49.23603],[-122.88704,49.23603],[-122.88704,49.23604],[-122.88704,49.23604],[-122.88704,49.23604],[-122.88705,49.23604],[-122.88705,49.23604],[-122.88705,49.23604],[-122.88705,49.23604],[-122.88705,49.23604],[-122.88705,49.23604],[-122.88706,49.23604],[-122.88706,49.23604],[-122.88706,49.23604],[-122.88706,49.23604],[-122.88706,49.23604],[-122.88706,49.23604],[-122.88707,49.23604],[-122.88707,49.23604],[-122.88707,49.23604],[-122.88707,49.23604],[-122.88707,49.23604],[-122.88707,49.23604],[-122.88708,49.23604],[-122.88708,49.23604],[-122.88708,49.23604],[-122.88708,49.23604],[-122.88708,49.23604],[-122.88708,49.23604],[-122.88709,49.23604],[-122.88709,49.23604],[-122.88709,49.23604],[-122.88709,49.23604],[-122.88709,49.23604],[-122.8871,49.23604],[-122.8871,49.23604],[-122.8871,49.23604],[-122.8871,49.23604],[-122.8871,49.23604],[-122.8871,49.23604],[-122.88711,49.23604],[-122.88711,49.23604],[-122.88711,49.23604],[-122.88711,49.23604],[-122.88711,49.23604],[-122.88711,49.23604],[-122.88712,49.23604],[-122.88712,49.23604],[-122.88712,49.23604],[-122.88712,49.23604],[-122.88712,49.23604],[-122.88712,49.23604],[-122.88713,49.23604],[-122.88713,49.23604],[-122.88713,49.23604],[-122.88713,49.23604],[-122.88713,49.23604],[-122.88713,49.23604],[-122.88714,49.23604],[-122.88714,49.23604],[-122.88714,49.23604],[-122.88714,49.23604],[-122.88714,49.23604],[-122.88715,49.23604],[-122.88715,49.23604],[-122.88715,49.23604],[-122.88715,49.23604],[-122.88715,49.23604],[-122.88715,49.23604],[-122.88716,49.23604],[-122.88716,49.23604],[-122.88716,49.23604],[-122.88716,49.23604],[-122.88716,49.23604],[-122.88716,49.23605],[-122.88717,49.23605],[-122.88717,49.23605],[-122.88717,49.23605],[-122.88717,49.23605],[-122.88717,49.23605],[-122.88717,49.23605],[-122.88718,49.23605],[-122.88718,49.23605],[-122.88718,49.23605],[-122.88718,49.23605],[-122.88718,49.23605],[-122.88718,49.23605],[-122.88719,49.23605],[-122.88719,49.23605],[-122.88719,49.23605],[-122.88719,49.23605],[-122.88719,49.23605],[-122.88719,49.23605],[-122.8872,49.23605],[-122.8872,49.23605],[-122.8872,49.23605],[-122.8872,49.23605],[-122.8872,49.23605],[-122.8872,49.23605],[-122.88721,49.23605],[-122.88721,49.23605],[-122.88721,49.23605],[-122.88721,49.23605],[-122.88721,49.23605],[-122.88721,49.23605],[-122.88722,49.23605],[-122.88722,49.23605],[-122.88722,49.23605],[-122.88722,49.23605],[-122.88722,49.23606],[-122.88722,49.23606],[-122.88723,49.23606],[-122.88723,49.23606],[-122.88723,49.23606],[-122.88723,49.23606],[-122.88723,49.23606],[-122.88723,49.23606],[-122.88724,49.23606],[-122.88724,49.23606],[-122.88724,49.23606],[-122.88724,49.23606],[-122.88724,49.23606],[-122.88724,49.23606],[-122.88725,49.23606],[-122.88725,49.23606],[-122.88725,49.23606],[-122.88725,49.23606],[-122.88725,49.23606],[-122.88726,49.23606],[-122.88726,49.23606],[-122.88726,49.23606],[-122.88726,49.23606],[-122.88726,49.23607],[-122.88726,49.23607],[-122.88726,49.23607],[-122.88727,49.23607],[-122.88727,49.23607],[-122.88727,49.23607],[-122.88727,49.23607],[-122.88727,49.23607],[-122.88727,49.23607],[-122.88728,49.23607],[-122.88728,49.23607],[-122.88728,49.23607],[-122.88728,49.23607],[-122.88728,49.23607],[-122.88728,49.23607],[-122.88729,49.23607],[-122.88729,49.23607],[-122.88729,49.23607],[-122.88729,49.23607],[-122.88729,49.23607],[-122.88729,49.23607],[-122.8873,49.23607],[-122.8873,49.23607],[-122.8873,49.23607],[-122.8873,49.23608],[-122.8873,49.23608],[-122.8873,49.23608],[-122.8873,49.23608],[-122.88731,49.23608],[-122.88731,49.23608],[-122.88731,49.23608],[-122.88731,49.23608],[-122.88731,49.23608],[-122.88732,49.23608],[-122.88732,49.23608],[-122.88732,49.23608],[-122.88732,49.23608],[-122.88732,49.23608],[-122.88732,49.23608],[-122.88733,49.23608],[-122.88733,49.23608],[-122.88733,49.23608],[-122.88733,49.23608],[-122.88733,49.23608],[-122.88733,49.23608],[-122.88734,49.23608],[-122.88734,49.23609],[-122.88734,49.23609],[-122.88734,49.23609],[-122.88734,49.23609],[-122.88734,49.23609],[-122.88734,49.23609],[-122.88735,49.23609],[-122.88735,49.23609],[-122.88735,49.23609],[-122.88735,49.23609],[-122.88735,49.23609],[-122.88735,49.23609],[-122.88736,49.23609],[-122.88736,49.23609],[-122.88736,49.23609],[-122.88736,49.23609],[-122.88736,49.23609],[-122.88736,49.23609],[-122.88737,49.23609],[-122.88737,49.23609],[-122.88737,49.23609],[-122.88737,49.23609],[-122.88737,49.23609],[-122.88737,49.2361],[-122.88738,49.2361],[-122.88738,49.2361],[-122.88738,49.2361],[-122.88738,49.2361],[-122.88738,49.2361],[-122.88738,49.2361],[-122.88739,49.2361],[-122.88739,49.2361],[-122.88739,49.2361],[-122.88739,49.2361],[-122.88739,49.2361],[-122.88739,49.2361],[-122.8874,49.2361],[-122.8874,49.2361],[-122.8874,49.2361],[-122.8874,49.2361],[-122.8874,49.2361],[-122.8874,49.2361],[-122.88741,49.2361],[-122.88741,49.2361],[-122.88741,49.2361],[-122.88741,49.2361],[-122.88741,49.2361],[-122.88741,49.2361],[-122.88742,49.2361],[-122.88742,49.2361],[-122.88742,49.2361],[-122.88742,49.23611],[-122.88742,49.23611],[-122.88742,49.23611],[-122.88743,49.23611],[-122.88743,49.23611],[-122.88743,49.23611],[-122.88743,49.23611],[-122.88743,49.23611],[-122.88743,49.23611],[-122.88744,49.23611],[-122.88744,49.23611],[-122.88744,49.23611],[-122.88744,49.23611],[-122.88744,49.23611],[-122.88744,49.23611],[-122.88745,49.23611],[-122.88745,49.23611],[-122.88745,49.23611],[-122.88745,49.23611],[-122.88745,49.23611],[-122.88745,49.23611],[-122.88746,49.23611],[-122.88746,49.23611],[-122.88746,49.23611],[-122.88746,49.23611],[-122.88746,49.23611],[-122.88746,49.23611],[-122.88747,49.23611],[-122.88747,49.23611],[-122.88747,49.23611],[-122.88747,49.23611],[-122.88747,49.23611],[-122.88747,49.23611],[-122.88748,49.23611],[-122.88748,49.23612],[-122.88748,49.23612],[-122.88748,49.23612],[-122.88748,49.23612],[-122.88748,49.23612],[-122.88749,49.23612],[-122.88749,49.23612],[-122.88749,49.23612],[-122.88749,49.23612],[-122.88749,49.23612],[-122.88749,49.23612],[-122.8875,49.23612],[-122.8875,49.23612],[-122.8875,49.23612],[-122.8875,49.23612],[-122.8875,49.23612],[-122.8875,49.23612],[-122.88751,49.23612],[-122.88751,49.23612],[-122.88751,49.23612],[-122.88751,49.23612],[-122.88751,49.23612],[-122.88751,49.23612],[-122.88752,49.23612],[-122.88752,49.23612],[-122.88752,49.23612],[-122.88752,49.23612],[-122.88752,49.23612],[-122.88752,49.23612],[-122.88753,49.23612],[-122.88753,49.23612],[-122.88753,49.23612],[-122.88753,49.23612],[-122.88753,49.23612],[-122.88754,49.23612],[-122.88754,49.23612],[-122.88754,49.23612],[-122.88754,49.23612],[-122.88754,49.23612],[-122.88754,49.23612],[-122.88754,49.23612],[-122.88755,49.23613],[-122.88755,49.23613],[-122.88755,49.23613],[-122.88755,49.23613],[-122.88755,49.23613],[-122.88755,49.23613],[-122.88756,49.23613],[-122.88756,49.23613],[-122.88756,49.23613],[-122.88756,49.23613],[-122.88756,49.23613],[-122.88757,49.23613],[-122.88757,49.23613],[-122.88757,49.23613],[-122.88757,49.23613],[-122.88757,49.23613],[-122.88757,49.23613],[-122.88758,49.23613],[-122.88758,49.23613],[-122.88758,49.23613],[-122.88758,49.23613],[-122.88758,49.23613],[-122.88758,49.23613],[-122.88759,49.23613],[-122.88759,49.23613],[-122.88759,49.23613],[-122.88759,49.23613],[-122.88759,49.23613],[-122.88759,49.23613],[-122.8876,49.23613],[-122.8876,49.23613],[-122.8876,49.23613],[-122.8876,49.23613],[-122.8876,49.23613],[-122.8876,49.23613],[-122.88761,49.23613],[-122.88761,49.23613],[-122.88761,49.23613],[-122.88761,49.23613],[-122.88761,49.23613],[-122.88761,49.23613],[-122.88762,49.23613],[-122.88762,49.23613],[-122.88762,49.23614],[-122.88762,49.23614],[-122.88762,49.23614],[-122.88763,49.23614],[-122.88763,49.23614],[-122.88763,49.23614],[-122.88763,49.23614],[-122.88763,49.23614],[-122.88763,49.23614],[-122.88764,49.23614],[-122.88764,49.23614],[-122.88764,49.23614],[-122.88764,49.23614],[-122.88764,49.23614],[-122.88764,49.23614],[-122.88765,49.23614],[-122.88765,49.23614],[-122.88765,49.23614],[-122.88765,49.23614],[-122.88765,49.23614],[-122.88765,49.23614],[-122.88766,49.23614],[-122.88766,49.23614],[-122.88766,49.23614],[-122.88766,49.23614],[-122.88766,49.23614],[-122.88766,49.23614],[-122.88767,49.23614],[-122.88767,49.23614],[-122.88767,49.23614],[-122.88767,49.23614],[-122.88767,49.23614],[-122.88767,49.23614],[-122.88768,49.23614],[-122.88768,49.23614],[-122.88768,49.23614],[-122.88768,49.23614],[-122.88768,49.23614],[-122.88768,49.23614],[-122.88769,49.23614],[-122.88769,49.23614],[-122.88769,49.23614],[-122.88769,49.23614],[-122.88769,49.23614],[-122.8877,49.23614],[-122.8877,49.23614],[-122.8877,49.23615],[-122.8877,49.23615],[-122.8877,49.23615],[-122.8877,49.23615],[-122.88771,49.23615],[-122.88771,49.23615],[-122.88771,49.23615],[-122.88771,49.23615],[-122.88771,49.23615],[-122.88771,49.23615],[-122.88772,49.23615],[-122.88772,49.23615],[-122.88772,49.23615],[-122.88772,49.23615],[-122.88772,49.23615],[-122.88772,49.23615],[-122.88773,49.23615],[-122.88773,49.23615],[-122.88773,49.23615],[-122.88773,49.23615],[-122.88773,49.23615],[-122.88773,49.23615],[-122.88774,49.23615],[-122.88774,49.23615],[-122.88774,49.23615],[-122.88774,49.23615],[-122.88774,49.23615],[-122.88774,49.23615],[-122.88775,49.23615],[-122.88775,49.23615],[-122.88775,49.23615],[-122.88775,49.23615],[-122.88775,49.23615],[-122.88776,49.23615],[-122.88776,49.23615],[-122.88776,49.23615],[-122.88776,49.23615],[-122.88776,49.23615],[-122.88776,49.23615],[-122.88777,49.23615],[-122.88777,49.23615],[-122.88777,49.23615],[-122.88777,49.23615],[-122.88777,49.23615],[-122.88777,49.23615],[-122.88778,49.23615],[-122.88778,49.23615],[-122.88778,49.23615],[-122.88778,49.23615],[-122.88778,49.23615],[-122.88778,49.23615],[-122.88779,49.23615],[-122.88779,49.23615],[-122.88779,49.23615],[-122.88779,49.23615],[-122.88779,49.23615],[-122.88779,49.23615],[-122.8878,49.23615],[-122.8878,49.23615],[-122.8878,49.23615],[-122.8878,49.23615],[-122.8878,49.23615],[-122.88781,49.23615],[-122.88781,49.23615],[-122.88781,49.23616],[-122.88781,49.23616],[-122.88781,49.23616],[-122.88781,49.23616],[-122.88782,49.23616],[-122.88782,49.23616],[-122.88782,49.23616],[-122.88782,49.23616],[-122.88782,49.23616],[-122.88782,49.23616],[-122.88783,49.23616],[-122.88783,49.23616],[-122.88783,49.23616],[-122.88783,49.23616],[-122.88783,49.23616],[-122.88783,49.23616],[-122.88784,49.23616],[-122.88784,49.23616],[-122.88784,49.23616],[-122.88784,49.23616],[-122.88784,49.23616],[-122.88785,49.23616],[-122.88785,49.23616],[-122.88785,49.23616],[-122.88785,49.23616],[-122.88785,49.23616],[-122.88785,49.23616],[-122.88786,49.23616],[-122.88786,49.23616],[-122.88786,49.23616],[-122.88786,49.23616],[-122.88786,49.23616],[-122.88786,49.23616],[-122.88787,49.23616],[-122.88787,49.23616],[-122.88787,49.23616],[-122.88787,49.23616],[-122.88787,49.23616],[-122.88787,49.23616],[-122.88788,49.23616],[-122.88788,49.23616],[-122.88788,49.23616],[-122.88788,49.23616],[-122.88788,49.23616],[-122.88789,49.23616],[-122.88789,49.23616],[-122.88789,49.23616],[-122.88789,49.23616],[-122.88789,49.23616],[-122.88789,49.23616],[-122.8879,49.23616],[-122.8879,49.23616],[-122.8879,49.23616],[-122.8879,49.23616],[-122.8879,49.23616],[-122.8879,49.23616],[-122.88791,49.23616],[-122.88791,49.23616],[-122.88791,49.23616],[-122.88791,49.23616],[-122.88791,49.23616],[-122.88791,49.23616],[-122.88792,49.23616],[-122.88792,49.23616],[-122.88792,49.23616],[-122.88792,49.23616],[-122.88792,49.23616],[-122.88793,49.23616],[-122.88793,49.23616],[-122.88793,49.23616],[-122.88793,49.23616],[-122.88793,49.23616],[-122.88793,49.23616],[-122.88794,49.23616],[-122.88794,49.23616],[-122.88794,49.23616],[-122.88794,49.23616],[-122.88794,49.23616],[-122.88794,49.23616],[-122.88795,49.23616],[-122.88795,49.23616],[-122.88795,49.23616],[-122.88795,49.23616],[-122.88795,49.23616],[-122.88795,49.23616],[-122.88796,49.23616],[-122.88796,49.23616],[-122.88796,49.23616],[-122.88796,49.23616],[-122.88796,49.23616],[-122.88797,49.23616],[-122.88797,49.23616],[-122.88797,49.23616],[-122.88797,49.23616],[-122.88797,49.23616],[-122.88797,49.23616],[-122.88798,49.23616],[-122.88798,49.23616],[-122.88798,49.23616],[-122.88798,49.23616],[-122.88798,49.23616],[-122.88798,49.23616],[-122.88799,49.23616],[-122.88799,49.23616],[-122.88799,49.23616],[-122.88799,49.23616],[-122.88799,49.23616],[-122.88799,49.23616],[-122.888,49.23616],[-122.888,49.23616],[-122.888,49.23616],[-122.888,49.23616],[-122.888,49.23616],[-122.888,49.23616],[-122.88801,49.23616],[-122.88801,49.23616],[-122.88801,49.23616],[-122.88801,49.23616],[-122.88801,49.23616],[-122.88802,49.23616],[-122.88802,49.23616],[-122.88802,49.23616],[-122.88802,49.23616],[-122.88802,49.23616],[-122.88802,49.23616],[-122.88803,49.23616],[-122.88803,49.23616],[-122.88803,49.23616],[-122.88803,49.23616],[-122.88803,49.23616],[-122.88803,49.23615],[-122.88804,49.23615],[-122.88804,49.23615],[-122.88804,49.23615],[-122.88804,49.23615],[-122.88804,49.23615],[-122.88804,49.23615],[-122.88805,49.23615],[-122.88805,49.23615],[-122.88805,49.23615],[-122.88805,49.23615],[-122.88805,49.23615],[-122.88805,49.23615],[-122.88806,49.23615],[-122.88806,49.23615],[-122.88806,49.23615],[-122.88806,49.23615],[-122.88806,49.23615],[-122.88807,49.23615],[-122.88807,49.23615],[-122.88807,49.23615],[-122.88807,49.23615],[-122.88807,49.23615],[-122.88807,49.23615],[-122.88808,49.23615],[-122.88808,49.23615],[-122.88808,49.23615],[-122.88808,49.23615],[-122.88808,49.23615],[-122.88808,49.23615],[-122.88809,49.23615],[-122.88809,49.23615],[-122.88809,49.23615],[-122.88809,49.23615],[-122.88809,49.23615],[-122.88809,49.23615],[-122.8881,49.23615],[-122.8881,49.23615],[-122.8881,49.23615],[-122.8881,49.23615],[-122.8881,49.23615],[-122.88811,49.23615],[-122.88811,49.23615],[-122.88811,49.23615],[-122.88811,49.23615],[-122.88811,49.23615],[-122.88811,49.23615],[-122.88812,49.23615],[-122.88812,49.23615],[-122.88812,49.23615],[-122.88812,49.23615],[-122.88812,49.23615],[-122.88812,49.23615],[-122.88813,49.23615],[-122.88813,49.23615],[-122.88813,49.23615],[-122.88813,49.23615],[-122.88813,49.23615],[-122.88813,49.23615],[-122.88814,49.23615],[-122.88814,49.23615],[-122.88814,49.23615],[-122.88814,49.23615],[-122.88814,49.23615],[-122.88815,49.23615],[-122.88815,49.23615],[-122.88815,49.23615],[-122.88815,49.23615],[-122.88815,49.23615],[-122.88815,49.23615],[-122.88816,49.23615],[-122.88816,49.23615],[-122.88816,49.23615],[-122.88816,49.23615],[-122.88816,49.23615],[-122.88816,49.23615],[-122.88817,49.23615],[-122.88817,49.23615],[-122.88817,49.23615],[-122.88817,49.23615],[-122.88817,49.23615],[-122.88817,49.23615],[-122.88818,49.23615],[-122.88818,49.23615],[-122.88818,49.23615],[-122.88818,49.23615],[-122.88818,49.23615],[-122.88819,49.23615],[-122.88819,49.23615],[-122.88819,49.23615],[-122.88819,49.23615],[-122.88819,49.23615],[-122.88819,49.23615],[-122.8882,49.23615],[-122.8882,49.23615],[-122.8882,49.23615],[-122.8882,49.23615],[-122.8882,49.23615],[-122.8882,49.23615],[-122.88821,49.23615],[-122.88821,49.23615],[-122.88821,49.23615],[-122.88821,49.23615],[-122.88821,49.23615],[-122.88821,49.23615],[-122.88822,49.23615],[-122.88822,49.23615],[-122.88822,49.23615],[-122.88822,49.23615],[-122.88822,49.23615],[-122.88822,49.23615],[-122.88823,49.23615],[-122.88823,49.23615],[-122.88823,49.23615],[-122.88823,49.23615],[-122.88823,49.23615],[-122.88824,49.23614],[-122.88824,49.23614],[-122.88824,49.23614],[-122.88824,49.23614],[-122.88824,49.23614],[-122.88824,49.23614],[-122.88825,49.23614],[-122.88825,49.23614],[-122.88825,49.23614],[-122.88825,49.23614],[-122.88825,49.23614],[-122.88825,49.23614],[-122.88826,49.23614],[-122.88826,49.23614],[-122.88826,49.23614],[-122.88826,49.23614],[-122.88826,49.23614],[-122.88826,49.23614],[-122.88827,49.23614],[-122.88827,49.23614],[-122.88827,49.23614],[-122.88827,49.23614],[-122.88827,49.23614],[-122.88827,49.23614],[-122.88828,49.23614],[-122.88828,49.23614],[-122.88828,49.23614],[-122.88828,49.23614],[-122.88828,49.23614],[-122.88828,49.23614],[-122.88829,49.23614],[-122.88829,49.23614],[-122.88829,49.23614],[-122.88829,49.23614],[-122.88829,49.23614],[-122.8883,49.23614],[-122.8883,49.23614],[-122.8883,49.23614],[-122.8883,49.23614],[-122.8883,49.23614],[-122.8883,49.23614],[-122.88831,49.23614],[-122.88831,49.23614],[-122.88831,49.23614],[-122.88831,49.23614],[-122.88831,49.23614],[-122.88831,49.23614],[-122.88832,49.23614],[-122.88832,49.23614],[-122.88832,49.23614],[-122.88832,49.23614],[-122.88832,49.23614],[-122.88832,49.23614],[-122.88833,49.23614],[-122.88833,49.23614],[-122.88833,49.23614],[-122.88833,49.23613],[-122.88833,49.23613],[-122.88833,49.23613],[-122.88834,49.23613],[-122.88834,49.23613],[-122.88834,49.23613],[-122.88834,49.23613],[-122.88834,49.23613],[-122.88834,49.23613],[-122.88835,49.23613],[-122.88835,49.23613],[-122.88835,49.23613],[-122.88835,49.23613],[-122.88835,49.23613],[-122.88835,49.23613],[-122.88836,49.23613],[-122.88836,49.23613],[-122.88836,49.23613],[-122.88836,49.23613],[-122.88836,49.23613],[-122.88836,49.23613],[-122.88837,49.23613],[-122.88837,49.23613],[-122.88837,49.23613],[-122.88837,49.23613],[-122.88837,49.23613],[-122.88838,49.23613],[-122.88838,49.23613],[-122.88838,49.23613],[-122.88838,49.23613],[-122.88838,49.23613],[-122.88838,49.23613],[-122.88839,49.23613],[-122.88839,49.23613],[-122.88839,49.23613],[-122.88839,49.23613],[-122.88839,49.23613],[-122.88839,49.23613],[-122.8884,49.23612],[-122.8884,49.23612],[-122.8884,49.23612],[-122.8884,49.23612],[-122.8884,49.23612],[-122.8884,49.23612],[-122.88841,49.23612],[-122.88841,49.23612],[-122.88841,49.23612],[-122.88841,49.23612],[-122.88841,49.23612],[-122.88841,49.23612],[-122.88842,49.23612],[-122.88842,49.23612],[-122.88842,49.23612],[-122.88842,49.23612],[-122.88842,49.23612],[-122.88842,49.23612],[-122.88843,49.23612],[-122.88843,49.23612],[-122.88843,49.23612],[-122.88843,49.23612],[-122.88843,49.23612],[-122.88843,49.23612],[-122.88844,49.23612],[-122.88844,49.23612],[-122.88844,49.23612],[-122.88844,49.23612],[-122.88844,49.23612],[-122.88844,49.23612],[-122.88845,49.23612],[-122.88845,49.23612],[-122.88845,49.23611],[-122.88845,49.23611],[-122.88845,49.23611],[-122.88845,49.23611],[-122.88846,49.23611],[-122.88846,49.23611],[-122.88846,49.23611],[-122.88846,49.23611],[-122.88846,49.23611],[-122.88846,49.23611],[-122.88847,49.23611],[-122.88847,49.23611],[-122.88847,49.23611],[-122.88847,49.23611],[-122.88847,49.23611],[-122.88847,49.23611],[-122.88848,49.23611],[-122.88848,49.23611],[-122.88848,49.23611],[-122.88848,49.23611],[-122.88848,49.23611],[-122.88848,49.23611],[-122.88849,49.23611],[-122.88849,49.23611],[-122.88849,49.23611],[-122.88849,49.23611],[-122.88849,49.23611],[-122.88849,49.23611],[-122.8885,49.23611],[-122.8885,49.2361],[-122.8885,49.2361],[-122.8885,49.2361],[-122.8885,49.2361],[-122.8885,49.2361],[-122.88851,49.2361],[-122.88851,49.2361],[-122.88851,49.2361],[-122.88851,49.2361],[-122.88851,49.2361],[-122.88851,49.2361],[-122.88852,49.2361],[-122.88852,49.2361],[-122.88852,49.2361],[-122.88852,49.2361],[-122.88852,49.2361],[-122.88852,49.2361],[-122.88852,49.2361],[-122.88853,49.2361],[-122.88853,49.2361],[-122.88853,49.2361],[-122.88853,49.2361],[-122.88853,49.2361],[-122.88853,49.2361],[-122.88854,49.2361],[-122.88854,49.2361],[-122.88854,49.2361],[-122.88854,49.23609],[-122.88854,49.23609],[-122.88854,49.23609],[-122.88855,49.23609],[-122.88855,49.23609],[-122.88855,49.23609],[-122.88855,49.23609],[-122.88855,49.23609],[-122.88855,49.23609],[-122.88856,49.23609],[-122.88856,49.23609],[-122.88856,49.23609],[-122.88856,49.23609],[-122.88856,49.23609],[-122.88856,49.23609],[-122.88857,49.23609],[-122.88857,49.23609],[-122.88857,49.23609],[-122.88857,49.23609],[-122.88857,49.23609],[-122.88857,49.23609],[-122.88858,49.23609],[-122.88858,49.23609],[-122.88858,49.23609],[-122.88858,49.23609],[-122.88858,49.23609],[-122.88858,49.23608],[-122.88859,49.23608],[-122.88859,49.23608],[-122.88859,49.23608],[-122.88859,49.23608],[-122.88859,49.23608],[-122.88859,49.23608],[-122.8886,49.23608],[-122.8886,49.23608],[-122.8886,49.23608],[-122.8886,49.23608],[-122.8886,49.23608],[-122.8886,49.23608],[-122.8886,49.23608],[-122.88861,49.23608],[-122.88861,49.23608],[-122.88861,49.23608],[-122.88861,49.23608],[-122.88861,49.23608],[-122.88861,49.23608],[-122.88862,49.23608],[-122.88862,49.23608],[-122.88862,49.23607],[-122.88862,49.23607],[-122.88862,49.23607],[-122.88862,49.23607],[-122.88863,49.23607],[-122.88863,49.23607],[-122.88863,49.23607],[-122.88863,49.23607],[-122.88863,49.23607],[-122.88863,49.23607],[-122.88863,49.23607],[-122.88864,49.23607],[-122.88864,49.23607],[-122.88864,49.23607],[-122.88864,49.23607],[-122.88864,49.23607],[-122.88864,49.23607],[-122.88865,49.23607],[-122.88865,49.23607],[-122.88865,49.23607],[-122.88865,49.23606],[-122.88865,49.23606],[-122.88865,49.23606],[-122.88865,49.23606],[-122.88866,49.23606],[-122.88866,49.23606],[-122.88866,49.23606],[-122.88866,49.23606],[-122.88866,49.23606],[-122.88866,49.23606],[-122.88867,49.23606],[-122.88867,49.23606],[-122.88867,49.23606],[-122.88867,49.23606],[-122.88867,49.23606],[-122.88867,49.23606],[-122.88868,49.23606],[-122.88868,49.23606],[-122.88868,49.23606],[-122.88868,49.23606],[-122.88868,49.23606],[-122.88868,49.23606],[-122.88869,49.23606],[-122.88869,49.23605],[-122.88869,49.23605],[-122.88869,49.23605],[-122.88869,49.23605],[-122.88869,49.23605],[-122.8887,49.23605],[-122.8887,49.23605],[-122.8887,49.23605],[-122.8887,49.23605],[-122.8887,49.23605],[-122.8887,49.23605],[-122.88871,49.23605],[-122.88871,49.23605],[-122.88871,49.23605],[-122.88871,49.23605],[-122.88871,49.23605],[-122.88871,49.23605],[-122.88872,49.23605],[-122.88872,49.23605],[-122.88872,49.23605],[-122.88872,49.23605],[-122.88872,49.23605],[-122.88872,49.23605],[-122.88873,49.23605],[-122.88873,49.23605],[-122.88873,49.23605],[-122.88873,49.23605],[-122.88873,49.23605],[-122.88873,49.23605],[-122.88874,49.23605],[-122.88874,49.23605],[-122.88874,49.23605],[-122.88874,49.23605],[-122.88874,49.23605],[-122.88875,49.23605],[-122.88875,49.23605],[-122.88875,49.23605],[-122.88875,49.23605],[-122.88875,49.23605],[-122.88875,49.23605],[-122.88876,49.23605],[-122.88876,49.23605],[-122.88876,49.23605],[-122.88876,49.23605],[-122.88876,49.23605],[-122.88876,49.23605],[-122.88877,49.23605],[-122.88877,49.23605],[-122.88877,49.23605],[-122.88877,49.23605],[-122.88877,49.23605],[-122.88877,49.23605],[-122.88878,49.23605],[-122.88878,49.23605],[-122.88878,49.23605],[-122.88878,49.23605],[-122.88878,49.23605],[-122.88879,49.23605],[-122.88879,49.23605],[-122.88879,49.23605],[-122.88879,49.23605],[-122.88879,49.23605],[-122.88879,49.23605],[-122.8888,49.23605],[-122.8888,49.23605],[-122.8888,49.23605],[-122.8888,49.23605],[-122.8888,49.23605],[-122.8888,49.23605],[-122.88881,49.23605],[-122.88881,49.23605],[-122.88881,49.23605],[-122.88881,49.23605],[-122.88881,49.23605],[-122.88881,49.23605],[-122.88882,49.23605],[-122.88882,49.23605],[-122.88882,49.23605],[-122.88882,49.23605],[-122.88882,49.23605],[-122.88883,49.23605],[-122.88883,49.23605],[-122.88883,49.23605],[-122.88883,49.23605],[-122.88883,49.23605],[-122.88883,49.23605],[-122.88884,49.23605],[-122.88884,49.23605],[-122.88884,49.23605],[-122.88884,49.23605],[-122.88884,49.23605],[-122.88884,49.23605],[-122.88885,49.23605],[-122.88885,49.23605],[-122.88885,49.23605],[-122.88885,49.23605],[-122.88885,49.23605],[-122.88885,49.23605],[-122.88886,49.23605],[-122.88886,49.23605],[-122.88886,49.23605],[-122.88886,49.23605],[-122.88886,49.23605],[-122.88887,49.23605],[-122.88887,49.23605],[-122.88887,49.23605],[-122.88887,49.23605],[-122.88887,49.23605],[-122.88887,49.23605],[-122.88888,49.23605],[-122.88888,49.23605],[-122.88888,49.23605],[-122.88888,49.23605],[-122.88888,49.23605],[-122.88888,49.23605],[-122.88889,49.23605],[-122.88889,49.23605],[-122.88889,49.23605],[-122.88889,49.23605],[-122.88889,49.23605],[-122.88889,49.23605],[-122.8889,49.23605],[-122.8889,49.23605],[-122.8889,49.23605],[-122.8889,49.23605],[-122.8889,49.23605],[-122.88891,49.23605],[-122.88891,49.23605],[-122.88891,49.23605],[-122.88891,49.23605],[-122.88891,49.23605],[-122.88891,49.23605],[-122.88892,49.23605],[-122.88892,49.23605],[-122.88892,49.23605],[-122.88892,49.23605],[-122.88892,49.23605],[-122.88892,49.23605],[-122.88893,49.23605],[-122.88893,49.23605],[-122.88893,49.23605],[-122.88893,49.23605],[-122.88893,49.23605],[-122.88893,49.23605],[-122.88894,49.23605],[-122.88894,49.23605],[-122.88894,49.23605],[-122.88894,49.23605],[-122.88894,49.23605],[-122.88895,49.23605],[-122.88895,49.23605],[-122.88895,49.23605],[-122.88895,49.23605],[-122.88895,49.23605],[-122.88895,49.23605],[-122.88896,49.23605],[-122.88896,49.23605],[-122.88896,49.23605],[-122.88896,49.23605],[-122.88896,49.23605],[-122.88896,49.23605],[-122.88897,49.23605],[-122.88897,49.23605],[-122.88897,49.23605],[-122.88897,49.23605],[-122.88897,49.23605],[-122.88897,49.23605],[-122.88898,49.23605],[-122.88898,49.23605],[-122.88898,49.23605],[-122.88898,49.23605],[-122.88898,49.23605],[-122.88899,49.23605],[-122.88899,49.23605],[-122.88899,49.23605],[-122.88899,49.23605],[-122.88899,49.23605],[-122.88899,49.23605],[-122.889,49.23605],[-122.889,49.23605],[-122.889,49.23605],[-122.889,49.23605],[-122.889,49.23605],[-122.889,49.23605],[-122.88901,49.23605],[-122.88901,49.23605],[-122.88901,49.23605],[-122.88901,49.23605],[-122.88901,49.23605],[-122.88901,49.23605],[-122.88902,49.23605],[-122.88902,49.23605],[-122.88902,49.23605],[-122.88902,49.23605],[-122.88902,49.23605],[-122.88903,49.23605],[-122.88903,49.23605],[-122.88903,49.23605],[-122.88903,49.23605],[-122.88903,49.23605],[-122.88903,49.23605],[-122.88904,49.23605],[-122.88904,49.23605],[-122.88904,49.23605],[-122.88904,49.23605],[-122.88904,49.23605],[-122.88904,49.23605],[-122.88905,49.23605],[-122.88905,49.23605],[-122.88905,49.23605],[-122.88905,49.23605],[-122.88905,49.23605],[-122.88905,49.23605],[-122.88906,49.23605],[-122.88906,49.23605],[-122.88906,49.23605],[-122.88906,49.23605],[-122.88906,49.23605],[-122.88907,49.23605],[-122.88907,49.23605],[-122.88907,49.23605],[-122.88907,49.23605],[-122.88907,49.23605],[-122.88907,49.23605],[-122.88908,49.23605],[-122.88908,49.23605],[-122.88908,49.23605],[-122.88908,49.23605],[-122.88908,49.23605],[-122.88908,49.23605],[-122.88909,49.23605],[-122.88909,49.23605],[-122.88909,49.23605],[-122.88909,49.23605],[-122.88909,49.23605],[-122.88909,49.23605],[-122.8891,49.23605],[-122.8891,49.23605],[-122.8891,49.23605],[-122.8891,49.23605],[-122.8891,49.23605],[-122.88911,49.23605],[-122.88911,49.23605],[-122.88911,49.23605],[-122.88911,49.23605],[-122.88911,49.23605],[-122.88911,49.23605],[-122.88912,49.23605],[-122.88912,49.23605],[-122.88912,49.23605],[-122.88912,49.23605],[-122.88912,49.23605],[-122.88912,49.23605],[-122.88913,49.23605],[-122.88913,49.23605],[-122.88913,49.23605],[-122.88913,49.23605],[-122.88913,49.23605],[-122.88913,49.23605],[-122.88914,49.23605],[-122.88914,49.23605],[-122.88914,49.23605],[-122.88914,49.23605],[-122.88914,49.23605],[-122.88915,49.23605],[-122.88915,49.23605],[-122.88915,49.23605],[-122.88915,49.23605],[-122.88915,49.23605],[-122.88915,49.23605],[-122.88916,49.23605],[-122.88916,49.23605],[-122.88916,49.23605],[-122.88916,49.23605],[-122.88916,49.23605],[-122.88916,49.23605],[-122.88917,49.23605],[-122.88917,49.23605],[-122.88917,49.23605],[-122.88917,49.23605],[-122.88917,49.23605],[-122.88917,49.23605],[-122.88918,49.23605],[-122.88918,49.23605],[-122.88918,49.23605],[-122.88918,49.23605],[-122.88918,49.23605],[-122.88919,49.23605],[-122.88919,49.23605],[-122.88919,49.23605],[-122.88919,49.23605],[-122.88919,49.23605],[-122.88919,49.23605],[-122.8892,49.23605],[-122.8892,49.23605],[-122.8892,49.23605],[-122.8892,49.23605],[-122.8892,49.23605],[-122.8892,49.23605],[-122.88921,49.23605],[-122.88921,49.23605],[-122.88921,49.23605],[-122.88921,49.23605],[-122.88921,49.23605],[-122.88922,49.23605],[-122.88922,49.23605],[-122.88922,49.23606],[-122.88922,49.23606],[-122.88922,49.23606],[-122.88922,49.23606],[-122.88923,49.23606],[-122.88923,49.23606],[-122.88923,49.23606],[-122.88923,49.23606],[-122.88923,49.23606],[-122.88923,49.23606],[-122.88924,49.23606],[-122.88924,49.23606],[-122.88924,49.23606],[-122.88924,49.23606],[-122.88924,49.23606],[-122.88924,49.23606],[-122.88925,49.23606],[-122.88925,49.23606],[-122.88925,49.23606],[-122.88925,49.23606],[-122.88925,49.23606],[-122.88926,49.23606],[-122.88926,49.23606],[-122.88926,49.23606],[-122.88926,49.23606],[-122.88926,49.23606],[-122.88926,49.23606],[-122.88927,49.23606],[-122.88927,49.23606],[-122.88927,49.23606],[-122.88927,49.23606],[-122.88927,49.23606],[-122.88927,49.23606],[-122.88928,49.23606],[-122.88928,49.23606],[-122.88928,49.23606],[-122.88928,49.23606],[-122.88928,49.23606],[-122.88928,49.23606],[-122.88929,49.23606],[-122.88929,49.23606],[-122.88929,49.23606],[-122.88929,49.23606],[-122.88929,49.23606],[-122.8893,49.23606],[-122.8893,49.23606],[-122.8893,49.23606],[-122.8893,49.23606],[-122.8893,49.23606],[-122.8893,49.23606],[-122.88931,49.23606],[-122.88931,49.23606],[-122.88931,49.23606],[-122.88931,49.23606],[-122.88931,49.23606],[-122.88931,49.23606],[-122.88932,49.23606],[-122.88932,49.23606],[-122.88932,49.23606],[-122.88932,49.23606],[-122.88932,49.23606],[-122.88932,49.23606],[-122.88933,49.23606],[-122.88933,49.23606],[-122.88933,49.23606],[-122.88933,49.23606],[-122.88933,49.23606],[-122.88934,49.23606],[-122.88934,49.23606],[-122.88934,49.23606],[-122.88934,49.23606],[-122.88934,49.23606],[-122.88934,49.23606],[-122.88935,49.23606],[-122.88935,49.23606],[-122.88935,49.23606],[-122.88935,49.23606],[-122.88935,49.23606],[-122.88935,49.23606],[-122.88936,49.23606],[-122.88936,49.23606],[-122.88936,49.23606],[-122.88936,49.23606],[-122.88936,49.23606],[-122.88937,49.23606],[-122.88937,49.23606],[-122.88937,49.23606],[-122.88937,49.23606],[-122.88937,49.23606],[-122.88937,49.23606],[-122.88938,49.23606],[-122.88938,49.23606],[-122.88938,49.23606],[-122.88938,49.23606],[-122.88938,49.23605],[-122.88938,49.23605],[-122.88939,49.23605],[-122.88939,49.23605],[-122.88939,49.23605],[-122.88939,49.23605],[-122.88939,49.23605],[-122.88939,49.23605],[-122.8894,49.23605],[-122.8894,49.23605],[-122.8894,49.23605],[-122.8894,49.23605],[-122.8894,49.23605],[-122.88941,49.23605],[-122.88941,49.23605],[-122.88941,49.23605],[-122.88941,49.23605],[-122.88941,49.23605],[-122.88941,49.23605],[-122.88942,49.23605],[-122.88942,49.23605],[-122.88942,49.23605],[-122.88942,49.23605],[-122.88942,49.23605],[-122.88942,49.23605],[-122.88943,49.23605],[-122.88943,49.23605],[-122.88943,49.23605],[-122.88943,49.23605],[-122.88943,49.23605],[-122.88943,49.23605],[-122.88944,49.23605],[-122.88944,49.23605],[-122.88944,49.23605],[-122.88944,49.23605],[-122.88944,49.23605],[-122.88944,49.23605],[-122.88945,49.23605],[-122.88945,49.23605],[-122.88945,49.23605],[-122.88945,49.23605],[-122.88945,49.23604],[-122.88945,49.23604],[-122.88946,49.23604],[-122.88946,49.23604],[-122.88946,49.23604],[-122.88946,49.23604],[-122.88946,49.23604],[-122.88946,49.23604],[-122.88947,49.23604],[-122.88947,49.23604],[-122.88947,49.23604],[-122.88947,49.23604],[-122.88947,49.23604],[-122.88947,49.23604],[-122.88947,49.23604],[-122.88948,49.23604],[-122.88948,49.23604],[-122.88948,49.23604],[-122.88948,49.23604],[-122.88948,49.23604],[-122.88948,49.23604],[-122.88949,49.23604],[-122.88949,49.23604],[-122.88949,49.23604],[-122.88949,49.23604],[-122.88949,49.23603],[-122.88949,49.23603],[-122.8895,49.23603],[-122.8895,49.23603],[-122.8895,49.23603],[-122.8895,49.23603],[-122.8895,49.23603],[-122.8895,49.23603],[-122.88951,49.23603],[-122.88951,49.23603],[-122.88951,49.23603],[-122.88951,49.23603],[-122.88951,49.23603],[-122.88951,49.23603],[-122.88952,49.23603],[-122.88952,49.23603],[-122.88952,49.23603],[-122.88952,49.23603],[-122.88952,49.23603],[-122.88952,49.23603],[-122.88953,49.23603],[-122.88953,49.23603],[-122.88953,49.23603],[-122.88953,49.23603],[-122.88953,49.23603],[-122.88953,49.23603],[-122.88954,49.23603],[-122.88954,49.23603],[-122.88954,49.23603],[-122.88954,49.23602],[-122.88954,49.23602],[-122.88954,49.23602],[-122.88955,49.23602],[-122.88955,49.23602],[-122.88955,49.23602],[-122.88955,49.23602],[-122.88955,49.23602],[-122.88956,49.23602],[-122.88956,49.23602],[-122.88956,49.23602],[-122.88956,49.23602],[-122.88956,49.23602],[-122.88956,49.23602],[-122.88957,49.23602],[-122.88957,49.23602],[-122.88957,49.23602],[-122.88957,49.23602],[-122.88957,49.23602],[-122.88957,49.23602],[-122.88958,49.23602],[-122.88958,49.23602],[-122.88958,49.23602],[-122.88958,49.23602],[-122.88958,49.23602],[-122.88958,49.23602],[-122.88959,49.23602],[-122.88959,49.23602],[-122.88959,49.23602],[-122.88959,49.23602],[-122.88959,49.23602],[-122.88959,49.23602],[-122.8896,49.23602],[-122.8896,49.23602],[-122.8896,49.23602],[-122.8896,49.23602],[-122.8896,49.23602],[-122.8896,49.23602],[-122.88961,49.23602],[-122.88961,49.23602],[-122.88961,49.23602],[-122.88961,49.23602],[-122.88961,49.23602],[-122.88962,49.23602],[-122.88962,49.23602],[-122.88962,49.23602],[-122.88962,49.23602],[-122.88962,49.23602],[-122.88962,49.23602],[-122.88963,49.23602],[-122.88963,49.23602],[-122.88963,49.23602],[-122.88963,49.23602],[-122.88963,49.23602],[-122.88963,49.23602],[-122.88964,49.23602],[-122.88964,49.23602],[-122.88964,49.23602],[-122.88964,49.23602],[-122.88964,49.23602],[-122.88964,49.23602],[-122.88965,49.23602],[-122.88965,49.23602],[-122.88965,49.23602],[-122.88965,49.23602],[-122.88965,49.23602],[-122.88965,49.23602],[-122.88966,49.23602],[-122.88966,49.23602],[-122.88966,49.23602],[-122.88966,49.23602],[-122.88966,49.23602],[-122.88967,49.23602],[-122.88967,49.23602],[-122.88967,49.23602],[-122.88967,49.23602],[-122.88967,49.23602],[-122.88967,49.23602],[-122.88968,49.23602],[-122.88968,49.23602],[-122.88968,49.23602],[-122.88968,49.23602],[-122.88968,49.23602],[-122.88968,49.23602],[-122.88969,49.23602],[-122.88969,49.23602],[-122.88969,49.23602],[-122.88969,49.23602],[-122.88969,49.23602],[-122.88969,49.23602],[-122.8897,49.23602],[-122.8897,49.23602],[-122.8897,49.23602],[-122.8897,49.23602],[-122.8897,49.23602],[-122.88971,49.23602],[-122.88971,49.23602],[-122.88971,49.23602],[-122.88971,49.23602],[-122.88971,49.23602],[-122.88971,49.23602],[-122.88972,49.23602],[-122.88972,49.23602],[-122.88972,49.23602],[-122.88972,49.23602],[-122.88972,49.23602],[-122.88972,49.23602],[-122.88973,49.23602],[-122.88973,49.23602],[-122.88973,49.23602],[-122.88973,49.23602],[-122.88973,49.23602],[-122.88973,49.23602],[-122.88974,49.23602],[-122.88974,49.23602],[-122.88974,49.23602],[-122.88974,49.23602],[-122.88974,49.23602],[-122.88974,49.23602],[-122.88975,49.23602],[-122.88975,49.23602],[-122.88975,49.23602],[-122.88975,49.23602],[-122.88975,49.23602],[-122.88975,49.23602],[-122.88976,49.23602],[-122.88976,49.23602],[-122.88976,49.23602],[-122.88976,49.23602],[-122.88976,49.23602],[-122.88977,49.23602],[-122.88977,49.23602],[-122.88977,49.23602],[-122.88977,49.23602],[-122.88977,49.23602],[-122.88977,49.23602],[-122.88978,49.23602],[-122.88978,49.23602],[-122.88978,49.23602],[-122.88978,49.23602],[-122.88978,49.23602],[-122.88978,49.23602],[-122.88979,49.23602],[-122.88979,49.23602],[-122.88979,49.23603],[-122.88979,49.23603],[-122.88979,49.23603],[-122.88979,49.23603],[-122.8898,49.23603],[-122.8898,49.23603],[-122.8898,49.23603],[-122.8898,49.23603],[-122.8898,49.23603],[-122.8898,49.23603],[-122.88981,49.23603],[-122.88981,49.23603],[-122.88981,49.23603],[-122.88981,49.23603],[-122.88981,49.23603],[-122.88981,49.23603],[-122.88982,49.23603],[-122.88982,49.23603],[-122.88982,49.23603],[-122.88982,49.23603],[-122.88982,49.23603],[-122.88982,49.23603],[-122.88982,49.23603],[-122.88983,49.23603],[-122.88983,49.23603],[-122.88983,49.23603],[-122.88983,49.23603],[-122.88983,49.23603],[-122.88983,49.23603],[-122.88984,49.23603],[-122.88984,49.23604],[-122.88984,49.23604],[-122.88984,49.23604],[-122.88984,49.23604],[-122.88984,49.23604],[-122.88985,49.23604],[-122.88985,49.23604],[-122.88985,49.23604],[-122.88985,49.23604],[-122.88985,49.23604],[-122.88985,49.23604],[-122.88986,49.23604],[-122.88986,49.23604],[-122.88986,49.23604],[-122.88986,49.23604],[-122.88986,49.23604],[-122.88986,49.23604],[-122.88987,49.23604],[-122.88987,49.23604],[-122.88987,49.23604],[-122.88987,49.23604],[-122.88987,49.23604],[-122.88987,49.23604],[-122.88988,49.23604],[-122.88988,49.23604],[-122.88988,49.23604],[-122.88988,49.23605],[-122.88988,49.23605],[-122.88988,49.23605],[-122.88988,49.23605],[-122.88989,49.23605],[-122.88989,49.23605],[-122.88989,49.23605],[-122.88989,49.23605],[-122.88989,49.23605],[-122.88989,49.23605],[-122.8899,49.23605],[-122.8899,49.23605],[-122.8899,49.23605],[-122.8899,49.23605],[-122.8899,49.23605],[-122.8899,49.23605],[-122.88991,49.23605],[-122.88991,49.23605],[-122.88991,49.23605],[-122.88991,49.23605],[-122.88991,49.23605],[-122.88991,49.23605],[-122.88992,49.23605],[-122.88992,49.23606],[-122.88992,49.23606],[-122.88992,49.23606],[-122.88992,49.23606],[-122.88992,49.23606],[-122.88993,49.23606],[-122.88993,49.23606],[-122.88993,49.23606],[-122.88993,49.23606],[-122.88993,49.23606],[-122.88993,49.23606],[-122.88993,49.23606],[-122.88994,49.23606],[-122.88994,49.23606],[-122.88994,49.23606],[-122.88994,49.23606],[-122.88994,49.23606],[-122.88994,49.23606],[-122.88995,49.23606],[-122.88995,49.23606],[-122.88995,49.23606],[-122.88995,49.23606],[-122.88995,49.23606],[-122.88995,49.23607],[-122.88996,49.23607],[-122.88996,49.23607],[-122.88996,49.23607],[-122.88996,49.23607],[-122.88996,49.23607],[-122.88996,49.23607],[-122.88996,49.23607],[-122.88997,49.23607],[-122.88997,49.23607],[-122.88997,49.23607],[-122.88997,49.23607],[-122.88997,49.23607],[-122.88997,49.23607],[-122.88998,49.23607],[-122.88998,49.23607],[-122.88998,49.23607],[-122.88998,49.23607],[-122.88998,49.23607],[-122.88998,49.23607],[-122.88999,49.23608],[-122.88999,49.23608],[-122.88999,49.23608],[-122.88999,49.23608],[-122.88999,49.23608],[-122.88999,49.23608],[-122.88999,49.23608],[-122.89,49.23608],[-122.89,49.23608],[-122.89,49.23608],[-122.89,49.23608],[-122.89,49.23608],[-122.89,49.23608],[-122.89001,49.23608],[-122.89001,49.23608],[-122.89001,49.23608],[-122.89001,49.23608],[-122.89001,49.23608],[-122.89001,49.23608],[-122.89002,49.23609],[-122.89002,49.23609],[-122.89002,49.23609],[-122.89002,49.23609],[-122.89002,49.23609],[-122.89002,49.23609],[-122.89003,49.23609],[-122.89003,49.23609],[-122.89003,49.23609],[-122.89003,49.23609],[-122.89003,49.23609],[-122.89003,49.23609],[-122.89004,49.23609],[-122.89004,49.23609],[-122.89004,49.23609],[-122.89004,49.23609],[-122.89004,49.23609],[-122.89004,49.23609],[-122.89004,49.2361],[-122.89005,49.2361],[-122.89005,49.2361],[-122.89005,49.2361],[-122.89005,49.2361],[-122.89005,49.2361],[-122.89005,49.2361],[-122.89006,49.2361],[-122.89006,49.2361],[-122.89006,49.2361],[-122.89006,49.2361],[-122.89006,49.2361],[-122.89006,49.2361],[-122.89007,49.2361],[-122.89007,49.2361],[-122.89007,49.2361],[-122.89007,49.2361],[-122.89007,49.2361],[-122.89007,49.23611],[-122.89008,49.23611],[-122.89008,49.23611],[-122.89008,49.23611],[-122.89008,49.23611],[-122.89008,49.23611],[-122.89008,49.23611],[-122.89008,49.23611],[-122.89009,49.23611],[-122.89009,49.23611],[-122.89009,49.23611],[-122.89009,49.23611],[-122.89009,49.23611],[-122.8901,49.23611],[-122.8901,49.23611],[-122.8901,49.23611],[-122.8901,49.23611],[-122.8901,49.23611],[-122.8901,49.23611],[-122.89011,49.23612],[-122.89011,49.23612],[-122.89011,49.23612],[-122.89011,49.23612],[-122.89011,49.23612],[-122.89011,49.23612],[-122.89011,49.23612],[-122.89012,49.23612],[-122.89012,49.23612],[-122.89012,49.23612],[-122.89012,49.23612],[-122.89012,49.23612],[-122.89012,49.23612],[-122.89013,49.23612],[-122.89013,49.23612],[-122.89013,49.23612],[-122.89013,49.23612],[-122.89013,49.23612],[-122.89013,49.23612],[-122.89013,49.23612],[-122.89014,49.23613],[-122.89014,49.23613],[-122.89014,49.23613],[-122.89014,49.23613],[-122.89014,49.23613],[-122.89014,49.23613],[-122.89015,49.23613],[-122.89015,49.23613],[-122.89015,49.23613],[-122.89015,49.23613],[-122.89015,49.23613],[-122.89015,49.23613],[-122.89015,49.23613],[-122.89016,49.23613],[-122.89016,49.23613],[-122.89016,49.23613],[-122.89016,49.23613],[-122.89016,49.23614],[-122.89017,49.23614],[-122.89017,49.23614],[-122.89017,49.23614],[-122.89017,49.23614],[-122.89017,49.23614],[-122.89017,49.23614],[-122.89018,49.23614],[-122.89018,49.23614],[-122.89018,49.23614],[-122.89018,49.23614],[-122.89018,49.23614],[-122.89018,49.23614],[-122.89019,49.23614],[-122.89019,49.23614],[-122.89019,49.23614],[-122.89019,49.23614],[-122.89019,49.23614],[-122.89019,49.23615],[-122.89019,49.23615],[-122.8902,49.23615],[-122.8902,49.23615],[-122.8902,49.23615],[-122.8902,49.23615],[-122.8902,49.23615],[-122.8902,49.23615],[-122.89021,49.23615],[-122.89021,49.23615],[-122.89021,49.23615],[-122.89021,49.23615],[-122.89021,49.23615],[-122.89021,49.23615],[-122.89021,49.23615],[-122.89022,49.23615],[-122.89022,49.23615],[-122.89022,49.23615],[-122.89022,49.23616],[-122.89022,49.23616],[-122.89022,49.23616],[-122.89023,49.23616],[-122.89023,49.23616],[-122.89023,49.23616],[-122.89023,49.23616],[-122.89023,49.23616],[-122.89023,49.23616],[-122.89024,49.23616],[-122.89024,49.23616],[-122.89024,49.23616],[-122.89024,49.23616],[-122.89024,49.23616],[-122.89024,49.23616],[-122.89025,49.23616],[-122.89025,49.23616],[-122.89025,49.23616],[-122.89025,49.23617],[-122.89025,49.23617],[-122.89025,49.23617],[-122.89025,49.23617],[-122.89026,49.23617],[-122.89026,49.23617],[-122.89026,49.23617],[-122.89026,49.23617],[-122.89026,49.23617],[-122.89026,49.23617],[-122.89026,49.23617],[-122.89027,49.23617],[-122.89027,49.23617],[-122.89027,49.23617],[-122.89027,49.23617],[-122.89027,49.23617],[-122.89027,49.23617],[-122.89027,49.23618],[-122.89028,49.23618],[-122.89028,49.23618],[-122.89028,49.23618],[-122.89028,49.23618],[-122.89028,49.23618],[-122.89028,49.23618],[-122.89029,49.23618],[-122.89029,49.23618],[-122.89029,49.23618],[-122.89029,49.23618],[-122.89029,49.23618],[-122.89029,49.23618],[-122.89029,49.23618],[-122.8903,49.23618],[-122.8903,49.23618],[-122.8903,49.23619],[-122.8903,49.23619],[-122.8903,49.23619],[-122.8903,49.23619],[-122.89031,49.23619],[-122.89031,49.23619],[-122.89031,49.23619],[-122.89031,49.23619],[-122.89031,49.23619],[-122.89031,49.23619],[-122.89031,49.23619],[-122.89032,49.23619],[-122.89032,49.23619],[-122.89032,49.23619],[-122.89032,49.23619],[-122.89032,49.23619],[-122.89032,49.2362],[-122.89032,49.2362],[-122.89033,49.2362],[-122.89033,49.2362],[-122.89033,49.2362],[-122.89033,49.2362],[-122.89033,49.2362],[-122.89033,49.2362],[-122.89033,49.2362],[-122.89034,49.2362],[-122.89034,49.2362],[-122.89034,49.2362],[-122.89034,49.2362],[-122.89034,49.2362],[-122.89034,49.23621],[-122.89035,49.23621],[-122.89035,49.23621],[-122.89035,49.23621],[-122.89035,49.23621],[-122.89035,49.23621],[-122.89035,49.23621],[-122.89036,49.23621],[-122.89036,49.23621],[-122.89036,49.23621],[-122.89036,49.23621],[-122.89036,49.23621],[-122.89036,49.23621],[-122.89037,49.23622],[-122.89037,49.23622],[-122.89037,49.23622],[-122.89037,49.23622],[-122.89037,49.23622],[-122.89037,49.23622],[-122.89037,49.23622],[-122.89038,49.23622],[-122.89038,49.23622],[-122.89038,49.23622],[-122.89038,49.23622],[-122.89038,49.23622],[-122.89038,49.23622],[-122.89039,49.23623],[-122.89039,49.23623],[-122.89039,49.23623],[-122.89039,49.23623],[-122.89039,49.23623],[-122.89039,49.23623],[-122.8904,49.23623],[-122.8904,49.23623],[-122.8904,49.23623],[-122.8904,49.23623],[-122.8904,49.23623],[-122.8904,49.23624],[-122.89041,49.23624],[-122.89041,49.23624],[-122.89041,49.23624],[-122.89041,49.23624],[-122.89041,49.23624],[-122.89041,49.23624],[-122.89042,49.23624],[-122.89042,49.23624],[-122.89042,49.23624],[-122.89042,49.23624],[-122.89042,49.23625],[-122.89042,49.23625],[-122.89043,49.23625],[-122.89043,49.23625],[-122.89043,49.23625],[-122.89043,49.23625],[-122.89043,49.23625],[-122.89043,49.23625],[-122.89044,49.23625],[-122.89044,49.23625],[-122.89044,49.23625],[-122.89044,49.23626],[-122.89044,49.23626],[-122.89044,49.23626],[-122.89045,49.23626],[-122.89045,49.23626],[-122.89045,49.23626],[-122.89045,49.23626],[-122.89045,49.23626],[-122.89045,49.23626],[-122.89045,49.23626],[-122.89046,49.23626],[-122.89046,49.23627],[-122.89046,49.23627],[-122.89046,49.23627],[-122.89046,49.23627],[-122.89046,49.23627],[-122.89047,49.23627],[-122.89047,49.23627],[-122.89047,49.23627],[-122.89047,49.23627],[-122.89047,49.23627],[-122.89047,49.23627],[-122.89047,49.23627],[-122.89048,49.23628],[-122.89048,49.23628],[-122.89048,49.23628],[-122.89048,49.23628],[-122.89048,49.23628],[-122.89048,49.23628],[-122.89049,49.23628],[-122.89049,49.23628],[-122.89049,49.23628],[-122.89049,49.23628],[-122.89049,49.23628],[-122.89049,49.23628],[-122.89049,49.23628],[-122.8905,49.23629],[-122.8905,49.23629],[-122.8905,49.23629],[-122.8905,49.23629],[-122.8905,49.23629],[-122.8905,49.23629],[-122.89051,49.23629],[-122.89051,49.23629],[-122.89051,49.23629],[-122.89051,49.23629],[-122.89051,49.23629],[-122.89051,49.23629],[-122.89052,49.2363],[-122.89052,49.2363],[-122.89052,49.2363],[-122.89052,49.2363],[-122.89052,49.2363],[-122.89052,49.2363],[-122.89053,49.2363],[-122.89053,49.2363],[-122.89053,49.2363],[-122.89053,49.2363],[-122.89053,49.2363],[-122.89053,49.2363],[-122.89054,49.23631],[-122.89054,49.23631],[-122.89054,49.23631],[-122.89054,49.23631],[-122.89054,49.23631],[-122.89054,49.23631],[-122.89054,49.23631],[-122.89055,49.23631],[-122.89055,49.23631],[-122.89055,49.23631],[-122.89055,49.23631],[-122.89055,49.23631],[-122.89055,49.23631],[-122.89055,49.23632],[-122.89056,49.23632],[-122.89056,49.23632],[-122.89056,49.23632],[-122.89056,49.23632],[-122.89056,49.23632],[-122.89056,49.23632],[-122.89056,49.23632],[-122.89057,49.23632],[-122.89057,49.23632],[-122.89057,49.23632],[-122.89057,49.23632],[-122.89057,49.23632],[-122.89057,49.23633],[-122.89057,49.23633],[-122.89058,49.23633],[-122.89058,49.23633],[-122.89058,49.23633],[-122.89058,49.23633],[-122.89058,49.23633],[-122.89058,49.23633],[-122.89058,49.23633],[-122.89058,49.23633],[-122.89059,49.23633],[-122.89059,49.23633],[-122.89059,49.23634],[-122.89059,49.23634],[-122.89059,49.23634],[-122.89059,49.23634],[-122.89059,49.23634],[-122.89059,49.23634],[-122.89059,49.23634],[-122.8906,49.23634],[-122.8906,49.23634],[-122.8906,49.23634],[-122.8906,49.23634],[-122.8906,49.23634],[-122.8906,49.23635],[-122.8906,49.23635],[-122.8906,49.23635],[-122.89061,49.23635],[-122.89061,49.23635],[-122.89061,49.23635],[-122.89061,49.23635],[-122.89061,49.23635],[-122.89061,49.23635],[-122.89061,49.23635],[-122.89061,49.23635],[-122.89061,49.23636],[-122.89061,49.23636],[-122.89062,49.23636],[-122.89062,49.23636],[-122.89062,49.23636],[-122.89062,49.23636],[-122.89062,49.23636],[-122.89062,49.23636],[-122.89062,49.23636],[-122.89062,49.23637],[-122.89062,49.23637],[-122.89063,49.23637],[-122.89063,49.23637],[-122.89063,49.23637],[-122.89063,49.23637],[-122.89063,49.23637],[-122.89063,49.23637],[-122.89063,49.23637],[-122.89063,49.23637],[-122.89063,49.23637],[-122.89064,49.23637],[-122.89064,49.23638],[-122.89064,49.23638],[-122.89064,49.23638],[-122.89064,49.23638],[-122.89064,49.23638],[-122.89064,49.23638],[-122.89065,49.23638],[-122.89065,49.23638],[-122.89065,49.23638],[-122.89065,49.23638],[-122.89065,49.23639],[-122.89065,49.23639],[-122.89065,49.23639],[-122.89065,49.23639],[-122.89066,49.23639],[-122.89066,49.23639],[-122.89066,49.23639],[-122.89066,49.23639],[-122.89066,49.23639],[-122.89066,49.2364],[-122.89066,49.2364],[-122.89066,49.2364],[-122.89067,49.2364],[-122.89067,49.2364],[-122.89067,49.2364],[-122.89067,49.2364],[-122.89067,49.2364],[-122.89067,49.2364],[-122.89067,49.2364],[-122.89068,49.23641],[-122.89068,49.23641],[-122.89068,49.23641],[-122.89068,49.23641],[-122.89068,49.23641],[-122.89068,49.23641],[-122.89068,49.23641],[-122.89069,49.23641],[-122.89069,49.23642],[-122.89069,49.23642],[-122.89069,49.23642],[-122.89069,49.23642],[-122.89069,49.23642],[-122.8907,49.23642],[-122.8907,49.23642],[-122.8907,49.23642],[-122.8907,49.23642],[-122.8907,49.23643],[-122.8907,49.23643],[-122.8907,49.23643],[-122.89071,49.23643],[-122.89071,49.23643],[-122.89071,49.23643],[-122.89071,49.23643],[-122.89071,49.23643],[-122.89071,49.23643],[-122.89071,49.23643],[-122.89071,49.23644],[-122.89072,49.23644],[-122.89072,49.23644],[-122.89072,49.23644],[-122.89072,49.23644],[-122.89072,49.23644],[-122.89072,49.23644],[-122.89072,49.23644],[-122.89072,49.23644],[-122.89073,49.23644],[-122.89073,49.23645],[-122.89073,49.23645],[-122.89073,49.23645],[-122.89073,49.23645],[-122.89073,49.23645],[-122.89074,49.23645],[-122.89074,49.23645],[-122.89074,49.23645],[-122.89074,49.23645],[-122.89074,49.23646],[-122.89074,49.23646],[-122.89074,49.23646],[-122.89075,49.23646],[-122.89075,49.23646],[-122.89075,49.23646],[-122.89075,49.23646],[-122.89075,49.23646],[-122.89075,49.23646],[-122.89075,49.23647],[-122.89076,49.23647],[-122.89076,49.23647],[-122.89076,49.23647],[-122.89076,49.23647],[-122.89076,49.23647],[-122.89076,49.23647],[-122.89076,49.23647],[-122.89077,49.23647],[-122.89077,49.23648],[-122.89077,49.23648],[-122.89077,49.23648],[-122.89077,49.23648],[-122.89077,49.23648],[-122.89077,49.23648],[-122.89078,49.23648],[-122.89078,49.23648],[-122.89078,49.23648],[-122.89078,49.23649],[-122.89078,49.23649],[-122.89078,49.23649],[-122.89078,49.23649],[-122.89078,49.23649],[-122.89079,49.23649],[-122.89079,49.23649],[-122.89079,49.23649],[-122.89079,49.23649],[-122.89079,49.23649],[-122.89079,49.2365],[-122.89079,49.2365],[-122.89079,49.2365],[-122.8908,49.2365],[-122.8908,49.2365],[-122.8908,49.2365],[-122.8908,49.2365],[-122.8908,49.2365],[-122.8908,49.23651],[-122.8908,49.23651],[-122.8908,49.23651],[-122.89081,49.23651],[-122.89081,49.23651],[-122.89081,49.23651],[-122.89081,49.23651],[-122.89081,49.23651],[-122.89081,49.23651],[-122.89081,49.23651],[-122.89081,49.23651],[-122.89082,49.23652],[-122.89082,49.23652],[-122.89082,49.23652],[-122.89082,49.23652],[-122.89082,49.23652],[-122.89082,49.23652],[-122.89082,49.23652],[-122.89082,49.23652],[-122.89083,49.23652],[-122.89083,49.23653],[-122.89083,49.23653],[-122.89083,49.23653],[-122.89083,49.23653],[-122.89083,49.23653],[-122.89083,49.23653],[-122.89084,49.23653],[-122.89084,49.23653],[-122.89084,49.23653],[-122.89084,49.23654],[-122.89084,49.23654],[-122.89084,49.23654],[-122.89084,49.23654],[-122.89084,49.23654],[-122.89085,49.23654],[-122.89085,49.23654],[-122.89085,49.23654],[-122.89085,49.23654],[-122.89085,49.23655],[-122.89085,49.23655],[-122.89085,49.23655],[-122.89086,49.23655],[-122.89086,49.23655],[-122.89086,49.23655],[-122.89086,49.23655],[-122.89086,49.23655],[-122.89086,49.23655],[-122.89086,49.23656],[-122.89086,49.23656],[-122.89087,49.23656],[-122.89087,49.23656],[-122.89087,49.23656],[-122.89087,49.23656],[-122.89087,49.23656],[-122.89087,49.23656],[-122.89087,49.23656],[-122.89087,49.23657],[-122.89088,49.23657],[-122.89088,49.23657],[-122.89088,49.23657],[-122.89088,49.23657],[-122.89088,49.23657],[-122.89088,49.23657],[-122.89088,49.23657],[-122.89089,49.23657],[-122.89089,49.23658],[-122.89089,49.23658],[-122.89089,49.23658],[-122.89089,49.23658],[-122.89089,49.23658],[-122.89089,49.23658],[-122.89089,49.23658],[-122.8909,49.23658],[-122.8909,49.23658],[-122.8909,49.23659],[-122.8909,49.23659],[-122.8909,49.23659],[-122.8909,49.23659],[-122.8909,49.23659],[-122.8909,49.23659],[-122.89091,49.23659],[-122.89091,49.23659],[-122.89091,49.23659],[-122.89091,49.23659],[-122.89091,49.2366],[-122.89091,49.2366],[-122.89091,49.2366],[-122.89091,49.2366],[-122.89092,49.2366],[-122.89092,49.2366],[-122.89092,49.2366],[-122.89092,49.2366],[-122.89092,49.2366],[-122.89092,49.2366],[-122.89092,49.23661],[-122.89092,49.23661],[-122.89092,49.23661],[-122.89093,49.23661],[-122.89093,49.23661],[-122.89093,49.23661],[-122.89093,49.23661],[-122.89093,49.23661],[-122.89093,49.23661],[-122.89093,49.23661],[-122.89093,49.23661],[-122.89093,49.23662],[-122.89094,49.23662],[-122.89094,49.23662],[-122.89094,49.23662],[-122.89094,49.23662],[-122.89094,49.23662],[-122.89094,49.23662],[-122.89094,49.23662],[-122.89095,49.23662],[-122.89095,49.23663],[-122.89095,49.23663],[-122.89095,49.23663],[-122.89095,49.23663],[-122.89095,49.23663],[-122.89095,49.23663],[-122.89096,49.23663],[-122.89096,49.23663],[-122.89096,49.23663],[-122.89096,49.23663],[-122.89096,49.23664],[-122.89096,49.23664],[-122.89096,49.23664],[-122.89097,49.23664],[-122.89097,49.23664],[-122.89097,49.23664],[-122.89097,49.23664],[-122.89097,49.23664],[-122.89097,49.23664],[-122.89097,49.23665],[-122.89097,49.23665],[-122.89098,49.23665],[-122.89098,49.23665],[-122.89098,49.23665],[-122.89098,49.23665],[-122.89098,49.23665],[-122.89098,49.23665],[-122.89098,49.23665],[-122.89098,49.23665],[-122.89099,49.23665],[-122.89099,49.23666],[-122.89099,49.23666],[-122.89099,49.23666],[-122.89099,49.23666],[-122.89099,49.23666],[-122.89099,49.23666],[-122.89099,49.23666],[-122.891,49.23666],[-122.891,49.23666],[-122.891,49.23666],[-122.891,49.23667],[-122.891,49.23667],[-122.891,49.23667],[-122.891,49.23667],[-122.891,49.23667],[-122.891,49.23667],[-122.89101,49.23667],[-122.89101,49.23667],[-122.89101,49.23667],[-122.89101,49.23667],[-122.89101,49.23667],[-122.89101,49.23668],[-122.89101,49.23668],[-122.89101,49.23668],[-122.89101,49.23668],[-122.89101,49.23668],[-122.89102,49.23668],[-122.89102,49.23668],[-122.89102,49.23668],[-122.89102,49.23668],[-122.89102,49.23668],[-122.89102,49.23668],[-122.89102,49.23669],[-122.89102,49.23669],[-122.89102,49.23669],[-122.89102,49.23669],[-122.89103,49.23669],[-122.89103,49.23669],[-122.89103,49.23669],[-122.89103,49.23669],[-122.89103,49.23669],[-122.89103,49.23669],[-122.89103,49.23669],[-122.89103,49.2367],[-122.89103,49.2367],[-122.89103,49.2367],[-122.89103,49.2367],[-122.89104,49.2367],[-122.89104,49.2367],[-122.89104,49.2367],[-122.89104,49.2367],[-122.89104,49.2367],[-122.89104,49.2367],[-122.89104,49.23671],[-122.89104,49.23671],[-122.89104,49.23671],[-122.89104,49.23671],[-122.89104,49.23671],[-122.89104,49.23671],[-122.89105,49.23671],[-122.89105,49.23671],[-122.89105,49.23671],[-122.89105,49.23671],[-122.89105,49.23672],[-122.89105,49.23672],[-122.89105,49.23672],[-122.89105,49.23672],[-122.89105,49.23672],[-122.89105,49.23672],[-122.89105,49.23672],[-122.89105,49.23672],[-122.89105,49.23672],[-122.89106,49.23672],[-122.89106,49.23673],[-122.89106,49.23673],[-122.89106,49.23673],[-122.89106,49.23673],[-122.89106,49.23673],[-122.89106,49.23673],[-122.89106,49.23673],[-122.89106,49.23673],[-122.89106,49.23673],[-122.89106,49.23673],[-122.89106,49.23674],[-122.89107,49.23674],[-122.89107,49.23674],[-122.89107,49.23674],[-122.89107,49.23674],[-122.89107,49.23674],[-122.89107,49.23674],[-122.89107,49.23674],[-122.89107,49.23674],[-122.89107,49.23674],[-122.89107,49.23675],[-122.89107,49.23675],[-122.89107,49.23675],[-122.89108,49.23675],[-122.89108,49.23675],[-122.89108,49.23675],[-122.89108,49.23675],[-122.89108,49.23675],[-122.89108,49.23675],[-122.89108,49.23675],[-122.89108,49.23676],[-122.89108,49.23676],[-122.89108,49.23676],[-122.89109,49.23676],[-122.89109,49.23676],[-122.89109,49.23676],[-122.89109,49.23676],[-122.89109,49.23676],[-122.89109,49.23676],[-122.89109,49.23677],[-122.89109,49.23677],[-122.89109,49.23677],[-122.89109,49.23677],[-122.89109,49.23677],[-122.8911,49.23677],[-122.8911,49.23677],[-122.8911,49.23677],[-122.8911,49.23677],[-122.8911,49.23678],[-122.8911,49.23678],[-122.8911,49.23678],[-122.8911,49.23678],[-122.8911,49.23678],[-122.89111,49.23678],[-122.89111,49.23678],[-122.89111,49.23678],[-122.89111,49.23678],[-122.89111,49.23679],[-122.89111,49.23679],[-122.89111,49.23679],[-122.89111,49.23679],[-122.89111,49.23679],[-122.89111,49.23679],[-122.89112,49.23679],[-122.89112,49.23679],[-122.89112,49.23679],[-122.89112,49.2368],[-122.89112,49.2368],[-122.89112,49.2368],[-122.89112,49.2368],[-122.89112,49.2368],[-122.89112,49.2368],[-122.89112,49.2368],[-122.89112,49.2368],[-122.89112,49.2368],[-122.89113,49.2368],[-122.89113,49.2368],[-122.89113,49.23681],[-122.89113,49.23681],[-122.89113,49.23681],[-122.89113,49.23681],[-122.89113,49.23681],[-122.89113,49.23681],[-122.89113,49.23681],[-122.89113,49.23681],[-122.89114,49.23682],[-122.89114,49.23682],[-122.89114,49.23682],[-122.89114,49.23682],[-122.89114,49.23682],[-122.89114,49.23682],[-122.89114,49.23682],[-122.89114,49.23682],[-122.89114,49.23682],[-122.89114,49.23682],[-122.89114,49.23683],[-122.89115,49.23683],[-122.89115,49.23683],[-122.89115,49.23683],[-122.89115,49.23683],[-122.89115,49.23683],[-122.89115,49.23683],[-122.89115,49.23683],[-122.89115,49.23683],[-122.89115,49.23684],[-122.89115,49.23684],[-122.89116,49.23684],[-122.89116,49.23684],[-122.89116,49.23684],[-122.89116,49.23684],[-122.89116,49.23684],[-122.89116,49.23684],[-122.89116,49.23684],[-122.89116,49.23685],[-122.89116,49.23685],[-122.89116,49.23685],[-122.89116,49.23685],[-122.89117,49.23685],[-122.89117,49.23685],[-122.89117,49.23685],[-122.89117,49.23685],[-122.89117,49.23685],[-122.89117,49.23686],[-122.89117,49.23686],[-122.89117,49.23686],[-122.89117,49.23686],[-122.89117,49.23686],[-122.89117,49.23686],[-122.89118,49.23686],[-122.89118,49.23686],[-122.89118,49.23686],[-122.89118,49.23686],[-122.89118,49.23687],[-122.89118,49.23687],[-122.89118,49.23687],[-122.89118,49.23687],[-122.89118,49.23687],[-122.89118,49.23687],[-122.89119,49.23687],[-122.89119,49.23687],[-122.89119,49.23687],[-122.89119,49.23688],[-122.89119,49.23688],[-122.89119,49.23688],[-122.89119,49.23688],[-122.89119,49.23688],[-122.89119,49.23688],[-122.89119,49.23688],[-122.89119,49.23688],[-122.8912,49.23689],[-122.8912,49.23689],[-122.8912,49.23689],[-122.8912,49.23689],[-122.8912,49.23689],[-122.8912,49.23689],[-122.8912,49.23689],[-122.8912,49.23689],[-122.8912,49.23689],[-122.8912,49.2369],[-122.89121,49.2369],[-122.89121,49.2369],[-122.89121,49.2369],[-122.89121,49.2369],[-122.89121,49.2369],[-122.89121,49.2369],[-122.89121,49.2369],[-122.89121,49.2369],[-122.89121,49.23691],[-122.89121,49.23691],[-122.89121,49.23691],[-122.89122,49.23691],[-122.89122,49.23691],[-122.89122,49.23691],[-122.89122,49.23691],[-122.89122,49.23691],[-122.89122,49.23691],[-122.89122,49.23691],[-122.89122,49.23692],[-122.89122,49.23692],[-122.89122,49.23692],[-122.89122,49.23692],[-122.89122,49.23692],[-122.89123,49.23692],[-122.89123,49.23692],[-122.89123,49.23692],[-122.89123,49.23692],[-122.89123,49.23693],[-122.89123,49.23693],[-122.89123,49.23693],[-122.89123,49.23693],[-122.89123,49.23693],[-122.89123,49.23693],[-122.89123,49.23693],[-122.89123,49.23693],[-122.89124,49.23693],[-122.89124,49.23694],[-122.89124,49.23694],[-122.89124,49.23694],[-122.89124,49.23694],[-122.89124,49.23694],[-122.89124,49.23694],[-122.89124,49.23694],[-122.89124,49.23694],[-122.89124,49.23694],[-122.89124,49.23695],[-122.89125,49.23695],[-122.89125,49.23695],[-122.89125,49.23695],[-122.89125,49.23695],[-122.89125,49.23695],[-122.89125,49.23695],[-122.89125,49.23695],[-122.89125,49.23695],[-122.89125,49.23696],[-122.89125,49.23696],[-122.89125,49.23696],[-122.89125,49.23696],[-122.89126,49.23696],[-122.89126,49.23696],[-122.89126,49.23696],[-122.89126,49.23696],[-122.89126,49.23696],[-122.89126,49.23697],[-122.89126,49.23697],[-122.89126,49.23697],[-122.89126,49.23697],[-122.89126,49.23697],[-122.89126,49.23697],[-122.89127,49.23697],[-122.89127,49.23697],[-122.89127,49.23697],[-122.89127,49.23698],[-122.89127,49.23698],[-122.89127,49.23698],[-122.89127,49.23698],[-122.89127,49.23698],[-122.89127,49.23698],[-122.89127,49.23698],[-122.89127,49.23698],[-122.89127,49.23698],[-122.89128,49.23699],[-122.89128,49.23699],[-122.89128,49.23699],[-122.89128,49.23699],[-122.89128,49.23699],[-122.89128,49.23699],[-122.89128,49.23699],[-122.89128,49.23699],[-122.89128,49.23699],[-122.89128,49.23699],[-122.89128,49.237],[-122.89128,49.237],[-122.89128,49.237],[-122.89129,49.237],[-122.89129,49.237],[-122.89129,49.237],[-122.89129,49.237],[-122.89129,49.237],[-122.89129,49.237],[-122.89129,49.23701],[-122.89129,49.23701],[-122.89129,49.23701],[-122.89129,49.23701],[-122.89129,49.23701],[-122.89129,49.23701],[-122.8913,49.23701],[-122.8913,49.23701],[-122.8913,49.23701],[-122.8913,49.23702],[-122.8913,49.23702],[-122.8913,49.23702],[-122.8913,49.23702],[-122.8913,49.23702],[-122.8913,49.23702],[-122.8913,49.23702],[-122.8913,49.23702],[-122.8913,49.23702],[-122.89131,49.23703],[-122.89131,49.23703],[-122.89131,49.23703],[-122.89131,49.23703],[-122.89131,49.23703],[-122.89131,49.23703],[-122.89131,49.23703],[-122.89131,49.23703],[-122.89131,49.23703],[-122.89131,49.23703],[-122.89131,49.23704],[-122.89131,49.23704],[-122.89131,49.23704],[-122.89131,49.23704],[-122.89132,49.23704],[-122.89132,49.23704],[-122.89132,49.23704],[-122.89132,49.23704],[-122.89132,49.23704],[-122.89132,49.23705],[-122.89132,49.23705],[-122.89132,49.23705],[-122.89132,49.23705],[-122.89132,49.23705],[-122.89132,49.23705],[-122.89132,49.23705],[-122.89132,49.23705],[-122.89133,49.23705],[-122.89133,49.23706],[-122.89133,49.23706],[-122.89133,49.23706],[-122.89133,49.23706],[-122.89133,49.23706],[-122.89133,49.23706],[-122.89133,49.23706],[-122.89133,49.23706],[-122.89133,49.23706],[-122.89133,49.23706],[-122.89133,49.23707],[-122.89133,49.23707],[-122.89133,49.23707],[-122.89134,49.23707],[-122.89134,49.23707],[-122.89134,49.23707],[-122.89134,49.23707],[-122.89134,49.23707],[-122.89134,49.23707],[-122.89134,49.23708],[-122.89134,49.23708],[-122.89134,49.23708],[-122.89134,49.23708],[-122.89134,49.23708],[-122.89134,49.23708],[-122.89134,49.23708],[-122.89134,49.23708],[-122.89134,49.23708],[-122.89135,49.23708],[-122.89135,49.23709],[-122.89135,49.23709],[-122.89135,49.23709],[-122.89135,49.23709],[-122.89135,49.23709],[-122.89135,49.23709],[-122.89135,49.23709],[-122.89135,49.23709],[-122.89135,49.23709],[-122.89135,49.2371],[-122.89135,49.2371],[-122.89135,49.2371],[-122.89135,49.2371],[-122.89135,49.2371],[-122.89135,49.2371],[-122.89135,49.2371],[-122.89135,49.2371],[-122.89135,49.2371],[-122.89136,49.23711],[-122.89136,49.23711],[-122.89136,49.23711],[-122.89136,49.23711],[-122.89136,49.23711],[-122.89136,49.23711],[-122.89136,49.23711],[-122.89136,49.23711],[-122.89136,49.23711],[-122.89136,49.23712],[-122.89136,49.23712],[-122.89136,49.23712],[-122.89136,49.23712],[-122.89136,49.23712],[-122.89136,49.23712],[-122.89136,49.23712],[-122.89136,49.23712],[-122.89136,49.23712],[-122.89136,49.23712],[-122.89136,49.23713],[-122.89137,49.23713],[-122.89137,49.23713],[-122.89137,49.23713],[-122.89137,49.23713],[-122.89137,49.23713],[-122.89137,49.23713],[-122.89137,49.23713],[-122.89137,49.23713],[-122.89137,49.23714],[-122.89137,49.23714],[-122.89137,49.23714],[-122.89137,49.23714],[-122.89137,49.23714],[-122.89137,49.23714],[-122.89137,49.23714],[-122.89137,49.23714],[-122.89137,49.23714],[-122.89137,49.23715],[-122.89138,49.23715],[-122.89138,49.23715],[-122.89138,49.23715],[-122.89138,49.23715],[-122.89138,49.23715],[-122.89138,49.23715],[-122.89138,49.23715],[-122.89138,49.23715],[-122.89138,49.23715],[-122.89138,49.23716],[-122.89138,49.23716],[-122.89138,49.23716],[-122.89138,49.23716],[-122.89138,49.23716],[-122.89138,49.23716],[-122.89138,49.23716],[-122.89139,49.23716],[-122.89139,49.23716],[-122.89139,49.23716],[-122.89139,49.23717],[-122.89139,49.23717],[-122.89139,49.23717],[-122.89139,49.23717],[-122.89139,49.23717],[-122.89139,49.23717],[-122.89139,49.23717],[-122.89139,49.23717],[-122.89139,49.23717],[-122.89139,49.23717],[-122.89139,49.23718],[-122.8914,49.23718],[-122.8914,49.23718],[-122.8914,49.23718],[-122.8914,49.23718],[-122.8914,49.23718],[-122.8914,49.23718],[-122.8914,49.23718],[-122.8914,49.23718],[-122.8914,49.23718],[-122.8914,49.23719],[-122.8914,49.23719],[-122.8914,49.23719],[-122.8914,49.23719],[-122.89141,49.23719],[-122.89141,49.23719],[-122.89141,49.23719],[-122.89141,49.23719],[-122.89141,49.23719],[-122.89141,49.23719],[-122.89141,49.2372],[-122.89141,49.2372],[-122.89141,49.2372],[-122.89141,49.2372],[-122.89141,49.2372],[-122.89141,49.2372],[-122.89141,49.2372],[-122.89142,49.2372],[-122.89142,49.2372],[-122.89142,49.2372],[-122.89142,49.23721],[-122.89142,49.23721],[-122.89142,49.23721],[-122.89142,49.23721],[-122.89142,49.23721],[-122.89142,49.23721],[-122.89142,49.23721],[-122.89142,49.23721],[-122.89142,49.23721],[-122.89143,49.23721],[-122.89143,49.23722],[-122.89143,49.23722],[-122.89143,49.23722],[-122.89143,49.23722],[-122.89143,49.23722],[-122.89143,49.23722],[-122.89143,49.23722],[-122.89143,49.23722],[-122.89143,49.23722],[-122.89143,49.23722],[-122.89143,49.23722],[-122.89144,49.23723],[-122.89144,49.23723],[-122.89144,49.23723],[-122.89144,49.23723],[-122.89144,49.23723],[-122.89144,49.23723],[-122.89144,49.23723],[-122.89144,49.23723],[-122.89144,49.23723],[-122.89144,49.23723],[-122.89145,49.23723],[-122.89145,49.23723],[-122.89145,49.23723],[-122.89145,49.23723],[-122.89145,49.23723],[-122.89145,49.23723],[-122.89146,49.23723],[-122.89146,49.23723],[-122.89146,49.23723],[-122.89146,49.23723],[-122.89146,49.23723],[-122.89146,49.23724],[-122.89146,49.23724],[-122.89147,49.23724],[-122.89147,49.23724],[-122.89147,49.23724],[-122.89147,49.23724],[-122.89147,49.23724],[-122.89147,49.23724],[-122.89147,49.23724],[-122.89147,49.23724],[-122.89147,49.23724],[-122.89147,49.23724],[-122.89147,49.23725],[-122.89148,49.23725],[-122.89148,49.23725],[-122.89148,49.23725],[-122.89148,49.23725],[-122.89148,49.23725],[-122.89148,49.23725],[-122.89148,49.23725],[-122.89148,49.23725],[-122.89148,49.23725],[-122.89148,49.23726],[-122.89148,49.23726],[-122.89149,49.23726],[-122.89149,49.23726],[-122.89149,49.23726],[-122.89149,49.23726],[-122.89149,49.23726],[-122.89149,49.23726],[-122.89149,49.23726],[-122.89149,49.23726],[-122.89149,49.23727],[-122.89149,49.23727],[-122.89149,49.23727],[-122.89149,49.23727],[-122.89149,49.23727],[-122.89149,49.23727],[-122.89149,49.23727],[-122.89149,49.23727],[-122.8915,49.23727],[-122.8915,49.23728],[-122.8915,49.23728],[-122.8915,49.23728],[-122.8915,49.23728],[-122.8915,49.23728],[-122.8915,49.23728],[-122.8915,49.23728],[-122.8915,49.23728],[-122.8915,49.23728],[-122.8915,49.23728],[-122.8915,49.23729],[-122.8915,49.23729],[-122.8915,49.23729],[-122.8915,49.23729],[-122.89151,49.23729],[-122.89151,49.23729],[-122.89151,49.23729],[-122.89151,49.23729],[-122.89151,49.23729],[-122.89151,49.23729],[-122.89151,49.2373],[-122.89151,49.2373],[-122.89151,49.2373],[-122.89151,49.2373],[-122.89151,49.2373],[-122.89151,49.2373],[-122.89152,49.2373],[-122.89152,49.2373],[-122.89152,49.2373],[-122.89152,49.2373],[-122.89152,49.23731],[-122.89152,49.23731],[-122.89152,49.23731],[-122.89152,49.23731],[-122.89152,49.23731],[-122.89152,49.23731],[-122.89152,49.23731],[-122.89152,49.23731],[-122.89152,49.23731],[-122.89153,49.23731],[-122.89153,49.23731],[-122.89153,49.23732],[-122.89153,49.23732],[-122.89153,49.23732],[-122.89153,49.23732],[-122.89153,49.23732],[-122.89153,49.23732],[-122.89153,49.23732],[-122.89153,49.23732],[-122.89153,49.23732],[-122.89153,49.23732],[-122.89154,49.23733],[-122.89154,49.23733],[-122.89154,49.23733],[-122.89154,49.23733],[-122.89154,49.23733],[-122.89154,49.23733],[-122.89154,49.23733],[-122.89154,49.23733],[-122.89154,49.23733],[-122.89154,49.23734],[-122.89154,49.23734],[-122.89155,49.23734],[-122.89155,49.23734],[-122.89155,49.23734],[-122.89155,49.23734],[-122.89155,49.23734],[-122.89155,49.23734],[-122.89155,49.23734],[-122.89155,49.23735],[-122.89155,49.23735],[-122.89155,49.23735],[-122.89156,49.23735],[-122.89156,49.23735],[-122.89156,49.23735],[-122.89156,49.23735],[-122.89156,49.23735],[-122.89156,49.23735],[-122.89156,49.23736],[-122.89156,49.23736],[-122.89156,49.23736],[-122.89156,49.23736],[-122.89156,49.23736],[-122.89157,49.23736],[-122.89157,49.23736],[-122.89157,49.23736],[-122.89157,49.23736],[-122.89157,49.23736],[-122.89157,49.23737],[-122.89157,49.23737],[-122.89157,49.23737],[-122.89157,49.23737],[-122.89157,49.23737],[-122.89158,49.23737],[-122.89158,49.23737],[-122.89158,49.23737],[-122.89158,49.23737],[-122.89158,49.23737],[-122.89158,49.23737],[-122.89158,49.23738],[-122.89158,49.23738],[-122.89158,49.23738],[-122.89158,49.23738],[-122.89158,49.23738],[-122.89158,49.23738],[-122.89159,49.23738],[-122.89159,49.23738],[-122.89159,49.23738],[-122.89159,49.23738],[-122.89159,49.23739],[-122.89159,49.23739],[-122.89159,49.23739],[-122.89159,49.23739],[-122.89159,49.23739],[-122.8916,49.23739],[-122.8916,49.23739],[-122.8916,49.23739],[-122.8916,49.23739],[-122.8916,49.23739],[-122.8916,49.23739],[-122.8916,49.2374],[-122.8916,49.2374],[-122.8916,49.2374],[-122.8916,49.2374],[-122.89161,49.2374],[-122.89161,49.2374],[-122.89161,49.2374],[-122.89161,49.2374],[-122.89161,49.2374],[-122.89161,49.2374],[-122.89161,49.2374],[-122.89161,49.23741],[-122.89161,49.23741],[-122.89162,49.23741],[-122.89162,49.23741],[-122.89162,49.23741],[-122.89162,49.23741],[-122.89162,49.23741],[-122.89162,49.23741],[-122.89162,49.23741],[-122.89163,49.23742],[-122.89163,49.23742],[-122.89163,49.23742],[-122.89163,49.23742],[-122.89163,49.23742],[-122.89163,49.23742],[-122.89163,49.23742],[-122.89164,49.23742],[-122.89164,49.23742],[-122.89164,49.23742],[-122.89164,49.23743],[-122.89164,49.23743],[-122.89164,49.23743],[-122.89164,49.23743],[-122.89164,49.23743],[-122.89165,49.23743],[-122.89165,49.23743],[-122.89165,49.23743],[-122.89165,49.23743],[-122.89165,49.23743],[-122.89165,49.23744],[-122.89165,49.23744],[-122.89165,49.23744],[-122.89165,49.23744],[-122.89166,49.23744],[-122.89166,49.23744],[-122.89166,49.23744],[-122.89166,49.23744],[-122.89166,49.23744],[-122.89166,49.23744],[-122.89166,49.23744],[-122.89166,49.23745],[-122.89166,49.23745],[-122.89167,49.23745],[-122.89167,49.23745],[-122.89167,49.23745],[-122.89167,49.23745],[-122.89167,49.23745],[-122.89167,49.23745],[-122.89167,49.23745],[-122.89167,49.23745],[-122.89167,49.23746],[-122.89167,49.23746],[-122.89168,49.23746],[-122.89168,49.23746],[-122.89168,49.23746],[-122.89168,49.23746],[-122.89168,49.23746],[-122.89168,49.23746],[-122.89168,49.23746],[-122.89168,49.23747],[-122.89168,49.23747],[-122.89169,49.23747],[-122.89169,49.23747],[-122.89169,49.23747],[-122.89169,49.23747],[-122.89169,49.23747],[-122.89169,49.23747],[-122.89169,49.23747],[-122.89169,49.23747],[-122.89169,49.23748],[-122.8917,49.23748],[-122.8917,49.23748],[-122.8917,49.23748],[-122.8917,49.23748],[-122.8917,49.23748],[-122.8917,49.23748],[-122.8917,49.23748],[-122.8917,49.23748],[-122.8917,49.23748],[-122.8917,49.23749],[-122.8917,49.23749],[-122.8917,49.23749],[-122.89171,49.23749],[-122.89171,49.23749],[-122.89171,49.23749],[-122.89171,49.23749],[-122.89171,49.23749],[-122.89171,49.23749],[-122.89171,49.23749],[-122.89171,49.2375],[-122.89171,49.2375],[-122.89171,49.2375],[-122.89171,49.2375],[-122.89172,49.2375],[-122.89172,49.2375],[-122.89172,49.2375],[-122.89172,49.2375],[-122.89172,49.2375],[-122.89172,49.23751],[-122.89172,49.23751],[-122.89172,49.23751],[-122.89172,49.23751],[-122.89172,49.23751],[-122.89172,49.23751],[-122.89172,49.23751],[-122.89173,49.23751],[-122.89173,49.23751],[-122.89173,49.23751],[-122.89173,49.23752],[-122.89173,49.23752],[-122.89173,49.23752],[-122.89173,49.23752],[-122.89173,49.23752],[-122.89173,49.23752],[-122.89173,49.23752],[-122.89173,49.23752],[-122.89174,49.23752],[-122.89174,49.23752],[-122.89174,49.23753],[-122.89174,49.23753],[-122.89174,49.23753],[-122.89174,49.23753],[-122.89174,49.23753],[-122.89174,49.23753],[-122.89174,49.23753],[-122.89174,49.23753],[-122.89174,49.23753],[-122.89175,49.23753],[-122.89175,49.23753],[-122.89175,49.23754],[-122.89175,49.23754],[-122.89175,49.23754],[-122.89175,49.23754],[-122.89175,49.23754],[-122.89175,49.23754],[-122.89175,49.23754],[-122.89175,49.23754],[-122.89176,49.23754],[-122.89176,49.23754],[-122.89176,49.23755],[-122.89176,49.23755],[-122.89176,49.23755],[-122.89176,49.23755],[-122.89176,49.23755],[-122.89176,49.23755],[-122.89176,49.23755],[-122.89177,49.23755],[-122.89177,49.23755],[-122.89177,49.23755],[-122.89177,49.23756],[-122.89177,49.23756],[-122.89177,49.23756],[-122.89177,49.23756],[-122.89177,49.23756],[-122.89177,49.23756],[-122.89178,49.23756],[-122.89178,49.23756],[-122.89178,49.23756],[-122.89178,49.23757],[-122.89178,49.23757],[-122.89178,49.23757],[-122.89178,49.23757],[-122.89178,49.23757],[-122.89178,49.23757],[-122.89179,49.23757],[-122.89179,49.23757],[-122.89179,49.23757],[-122.89179,49.23757],[-122.89179,49.23758],[-122.89179,49.23758],[-122.89179,49.23758],[-122.89179,49.23758],[-122.89179,49.23758],[-122.8918,49.23758],[-122.8918,49.23758],[-122.8918,49.23758],[-122.8918,49.23758],[-122.8918,49.23758],[-122.8918,49.23759],[-122.8918,49.23759],[-122.8918,49.23759],[-122.89181,49.23759],[-122.89181,49.23759],[-122.89181,49.23759],[-122.89181,49.23759],[-122.89181,49.23759],[-122.89181,49.2376],[-122.89181,49.2376],[-122.89181,49.2376],[-122.89181,49.2376],[-122.89181,49.2376],[-122.89182,49.2376],[-122.89182,49.2376],[-122.89182,49.2376],[-122.89182,49.2376],[-122.89182,49.2376],[-122.89182,49.2376],[-122.89182,49.23761],[-122.89182,49.23761],[-122.89182,49.23761],[-122.89182,49.23761],[-122.89183,49.23761],[-122.89183,49.23761],[-122.89183,49.23761],[-122.89183,49.23761],[-122.89183,49.23761],[-122.89183,49.23761],[-122.89183,49.23762],[-122.89183,49.23762],[-122.89183,49.23762],[-122.89183,49.23762],[-122.89184,49.23762],[-122.89184,49.23762],[-122.89184,49.23762],[-122.89184,49.23762],[-122.89184,49.23762],[-122.89184,49.23762],[-122.89184,49.23763],[-122.89184,49.23763],[-122.89184,49.23763],[-122.89184,49.23763],[-122.89185,49.23763],[-122.89185,49.23763],[-122.89185,49.23763],[-122.89185,49.23763],[-122.89185,49.23763],[-122.89185,49.23763],[-122.89185,49.23764],[-122.89185,49.23764],[-122.89185,49.23764],[-122.89185,49.23764],[-122.89185,49.23764],[-122.89186,49.23764],[-122.89186,49.23764],[-122.89186,49.23764],[-122.89186,49.23764],[-122.89186,49.23764],[-122.89186,49.23765],[-122.89186,49.23765],[-122.89186,49.23765],[-122.89186,49.23765],[-122.89186,49.23765],[-122.89187,49.23765],[-122.89187,49.23765],[-122.89187,49.23765],[-122.89187,49.23765],[-122.89187,49.23765],[-122.89187,49.23765],[-122.89187,49.23766],[-122.89187,49.23766],[-122.89187,49.23766],[-122.89187,49.23766],[-122.89188,49.23766],[-122.89188,49.23766],[-122.89188,49.23766],[-122.89188,49.23766],[-122.89188,49.23766],[-122.89188,49.23766],[-122.89188,49.23766],[-122.89188,49.23767],[-122.89189,49.23767],[-122.89189,49.23767],[-122.89189,49.23767],[-122.89189,49.23767],[-122.89189,49.23767],[-122.89189,49.23767],[-122.89189,49.23767],[-122.89189,49.23767],[-122.89189,49.23767],[-122.8919,49.23767],[-122.8919,49.23768],[-122.8919,49.23768],[-122.8919,49.23768],[-122.8919,49.23768],[-122.8919,49.23768],[-122.8919,49.23768],[-122.89191,49.23768],[-122.89191,49.23768],[-122.89191,49.23768],[-122.89191,49.23768],[-122.89191,49.23769],[-122.89191,49.23769],[-122.89192,49.23769],[-122.89192,49.23769],[-122.89192,49.23769],[-122.89192,49.23769],[-122.89192,49.23769],[-122.89192,49.23769],[-122.89192,49.23769],[-122.89193,49.2377],[-122.89193,49.2377],[-122.89193,49.2377],[-122.89193,49.2377],[-122.89193,49.2377],[-122.89193,49.2377],[-122.89193,49.2377],[-122.89194,49.2377],[-122.89194,49.2377],[-122.89194,49.2377],[-122.89194,49.23771],[-122.89194,49.23771],[-122.89194,49.23771],[-122.89194,49.23771],[-122.89195,49.23771],[-122.89195,49.23771],[-122.89195,49.23771],[-122.89195,49.23771],[-122.89195,49.23771],[-122.89195,49.23772],[-122.89195,49.23772],[-122.89196,49.23772],[-122.89196,49.23772],[-122.89196,49.23772],[-122.89196,49.23772],[-122.89196,49.23772],[-122.89196,49.23772],[-122.89196,49.23772],[-122.89197,49.23772],[-122.89197,49.23773],[-122.89197,49.23773],[-122.89197,49.23773],[-122.89197,49.23773],[-122.89197,49.23773],[-122.89197,49.23773],[-122.89197,49.23773],[-122.89198,49.23773],[-122.89198,49.23773],[-122.89198,49.23773],[-122.89198,49.23773],[-122.89198,49.23773],[-122.89198,49.23774],[-122.89199,49.23774],[-122.89199,49.23774],[-122.89199,49.23774],[-122.89199,49.23774],[-122.89199,49.23774],[-122.89199,49.23774],[-122.89199,49.23774],[-122.892,49.23774],[-122.892,49.23774],[-122.892,49.23774],[-122.892,49.23775],[-122.892,49.23775],[-122.892,49.23775],[-122.89201,49.23775],[-122.89201,49.23775],[-122.89201,49.23775],[-122.89201,49.23775],[-122.89201,49.23775],[-122.89201,49.23775],[-122.89202,49.23775],[-122.89202,49.23776],[-122.89202,49.23776],[-122.89202,49.23776],[-122.89202,49.23776],[-122.89202,49.23776],[-122.89202,49.23776],[-122.89203,49.23776],[-122.89203,49.23776],[-122.89203,49.23776],[-122.89203,49.23776],[-122.89203,49.23776],[-122.89203,49.23776],[-122.89203,49.23777],[-122.89203,49.23777],[-122.89203,49.23777],[-122.89204,49.23777],[-122.89204,49.23777],[-122.89204,49.23777],[-122.89204,49.23777],[-122.89204,49.23777],[-122.89204,49.23777],[-122.89205,49.23777],[-122.89205,49.23778],[-122.89205,49.23778],[-122.89205,49.23778],[-122.89205,49.23778],[-122.89205,49.23778],[-122.89205,49.23778],[-122.89206,49.23778],[-122.89206,49.23778],[-122.89206,49.23778],[-122.89206,49.23779],[-122.89206,49.23779],[-122.89206,49.23779],[-122.89206,49.23779],[-122.89206,49.23779],[-122.89207,49.23779],[-122.89207,49.23779],[-122.89207,49.23779],[-122.89207,49.23779],[-122.89207,49.23779],[-122.89207,49.23779],[-122.89207,49.23779],[-122.89207,49.23779],[-122.89207,49.2378],[-122.89208,49.2378],[-122.89208,49.2378],[-122.89208,49.2378],[-122.89208,49.2378],[-122.89208,49.2378],[-122.89208,49.2378],[-122.89208,49.2378],[-122.89208,49.2378],[-122.89208,49.2378],[-122.89208,49.23781],[-122.89209,49.23781],[-122.89209,49.23781],[-122.89209,49.23781],[-122.89209,49.23781],[-122.89209,49.23781],[-122.89209,49.23781],[-122.89209,49.23781],[-122.89209,49.23781],[-122.89209,49.23781],[-122.89209,49.23782],[-122.89209,49.23782],[-122.89209,49.23782],[-122.8921,49.23782],[-122.8921,49.23782],[-122.8921,49.23782],[-122.8921,49.23782],[-122.8921,49.23782],[-122.8921,49.23782],[-122.8921,49.23782],[-122.8921,49.23783],[-122.8921,49.23783],[-122.8921,49.23783],[-122.8921,49.23783],[-122.8921,49.23783],[-122.8921,49.23783],[-122.8921,49.23783],[-122.8921,49.23783],[-122.8921,49.23783],[-122.8921,49.23784],[-122.89211,49.23784],[-122.89211,49.23784],[-122.89211,49.23784],[-122.89211,49.23784],[-122.89211,49.23784],[-122.89211,49.23784],[-122.89211,49.23784],[-122.89211,49.23784],[-122.89211,49.23784],[-122.89211,49.23785],[-122.89211,49.23785],[-122.89211,49.23785],[-122.89211,49.23785],[-122.89211,49.23785],[-122.89212,49.23785],[-122.89212,49.23785],[-122.89212,49.23785],[-122.89212,49.23785],[-122.89212,49.23785],[-122.89212,49.23786],[-122.89212,49.23786],[-122.89212,49.23786],[-122.89212,49.23786],[-122.89212,49.23786],[-122.89212,49.23786],[-122.89212,49.23786],[-122.89213,49.23786],[-122.89213,49.23786],[-122.89213,49.23786],[-122.89213,49.23786],[-122.89213,49.23787],[-122.89213,49.23787],[-122.89213,49.23787],[-122.89213,49.23787],[-122.89213,49.23787],[-122.89213,49.23787],[-122.89213,49.23787],[-122.89214,49.23787],[-122.89214,49.23787],[-122.89214,49.23787],[-122.89214,49.23787],[-122.89214,49.23788],[-122.89214,49.23788],[-122.89214,49.23788],[-122.89214,49.23788],[-122.89214,49.23788],[-122.89214,49.23788],[-122.89214,49.23788],[-122.89215,49.23788],[-122.89215,49.23788],[-122.89215,49.23788],[-122.89215,49.23789],[-122.89215,49.23789],[-122.89215,49.23789],[-122.89215,49.23789],[-122.89215,49.23789],[-122.89215,49.23789],[-122.89215,49.23789],[-122.89216,49.23789],[-122.89216,49.23789],[-122.89216,49.23789],[-122.89216,49.23789],[-122.89216,49.2379],[-122.89216,49.2379],[-122.89216,49.2379],[-122.89216,49.2379],[-122.89216,49.2379],[-122.89216,49.2379],[-122.89217,49.2379],[-122.89217,49.2379],[-122.89217,49.2379],[-122.89217,49.2379],[-122.89217,49.2379],[-122.89217,49.23791],[-122.89217,49.23791],[-122.89217,49.23791],[-122.89217,49.23791],[-122.89218,49.23791],[-122.89218,49.23791],[-122.89218,49.23791],[-122.89218,49.23791],[-122.89218,49.23791],[-122.89218,49.23791],[-122.89218,49.23792],[-122.89218,49.23792],[-122.89219,49.23792],[-122.89219,49.23792],[-122.89219,49.23792],[-122.89219,49.23792],[-122.89219,49.23792],[-122.89219,49.23792],[-122.89219,49.23792],[-122.89219,49.23792],[-122.8922,49.23792],[-122.8922,49.23792],[-122.8922,49.23793],[-122.8922,49.23793],[-122.8922,49.23793],[-122.8922,49.23793],[-122.8922,49.23793],[-122.89221,49.23793],[-122.89221,49.23793],[-122.89221,49.23793],[-122.89221,49.23793],[-122.89221,49.23794],[-122.89221,49.23794],[-122.89222,49.23794],[-122.89222,49.23794],[-122.89222,49.23794],[-122.89222,49.23794],[-122.89222,49.23794],[-122.89222,49.23794],[-122.89222,49.23794],[-122.89222,49.23794],[-122.89223,49.23795],[-122.89223,49.23795],[-122.89223,49.23795],[-122.89223,49.23795],[-122.89223,49.23795],[-122.89223,49.23795],[-122.89223,49.23795],[-122.89224,49.23795],[-122.89224,49.23795],[-122.89224,49.23795],[-122.89224,49.23796],[-122.89224,49.23796],[-122.89224,49.23796],[-122.89224,49.23796],[-122.89224,49.23796],[-122.89225,49.23796],[-122.89225,49.23796],[-122.89225,49.23796],[-122.89225,49.23796],[-122.89225,49.23796],[-122.89225,49.23796],[-122.89225,49.23797],[-122.89226,49.23797],[-122.89226,49.23797],[-122.89226,49.23797],[-122.89226,49.23797],[-122.89226,49.23797],[-122.89226,49.23797],[-122.89226,49.23797],[-122.89226,49.23797],[-122.89227,49.23797],[-122.89227,49.23797],[-122.89227,49.23798],[-122.89227,49.23798],[-122.89227,49.23798],[-122.89227,49.23798],[-122.89227,49.23798],[-122.89228,49.23798],[-122.89228,49.23798],[-122.89228,49.23798],[-122.89228,49.23798],[-122.89228,49.23798],[-122.89228,49.23798],[-122.89228,49.23799],[-122.89228,49.23799],[-122.89228,49.23799],[-122.89229,49.23799],[-122.89229,49.23799],[-122.89229,49.23799],[-122.89229,49.23799],[-122.89229,49.23799],[-122.89229,49.23799],[-122.89229,49.23799],[-122.89229,49.23799],[-122.89229,49.238],[-122.89229,49.238],[-122.8923,49.238],[-122.8923,49.238],[-122.8923,49.238],[-122.8923,49.238],[-122.8923,49.238],[-122.8923,49.238],[-122.8923,49.238],[-122.8923,49.238],[-122.8923,49.238],[-122.8923,49.23801],[-122.8923,49.23801],[-122.8923,49.23801],[-122.89231,49.23801],[-122.89231,49.23801],[-122.89231,49.23801],[-122.89231,49.23801],[-122.89231,49.23801],[-122.89231,49.23801],[-122.89231,49.23801],[-122.89231,49.23801],[-122.89231,49.23802],[-122.89231,49.23802],[-122.89232,49.23802],[-122.89232,49.23802],[-122.89232,49.23802],[-122.89232,49.23802],[-122.89232,49.23802],[-122.89232,49.23802],[-122.89232,49.23802],[-122.89232,49.23802],[-122.89232,49.23802],[-122.89233,49.23802],[-122.89233,49.23803],[-122.89233,49.23803],[-122.89233,49.23803],[-122.89233,49.23803],[-122.89233,49.23803],[-122.89233,49.23803],[-122.89234,49.23803],[-122.89234,49.23803],[-122.89234,49.23803],[-122.89234,49.23803],[-122.89234,49.23803],[-122.89234,49.23803],[-122.89234,49.23803],[-122.89235,49.23803],[-122.89235,49.23803],[-122.89235,49.23803],[-122.89235,49.23803],[-122.89235,49.23804],[-122.89235,49.23804],[-122.89236,49.23804],[-122.89236,49.23804],[-122.89236,49.23804],[-122.89259,49.23803],[-122.89263,49.24053],[-122.89261,49.24266],[-122.89282,49.2491],[-122.89282,49.24953],[-122.893,49.25853],[-122.89331,49.26752],[-122.89343,49.27044],[-122.89329,49.27044],[-122.89277,49.27044],[-122.89272,49.27044],[-122.89207,49.27044],[-122.89174,49.27045],[-122.89143,49.27045],[-122.89111,49.27045],[-122.8905,49.27046],[-122.89032,49.27046],[-122.8898,49.27046],[-122.88873,49.27047],[-122.88592,49.27049],[-122.88309,49.27051],[-122.88044,49.27053],[-122.88046,49.27088],[-122.88032,49.27088],[-122.87976,49.27088],[-122.87968,49.27088],[-122.87909,49.27087],[-122.8784,49.27087],[-122.87431,49.27085],[-122.87055,49.27084],[-122.86985,49.27084],[-122.86957,49.27083],[-122.8691,49.27083],[-122.8686,49.27083],[-122.86558,49.27081],[-122.85967,49.27078],[-122.85927,49.27077],[-122.85895,49.27077],[-122.85849,49.27077],[-122.85756,49.27076],[-122.85742,49.27076],[-122.85681,49.27076],[-122.85639,49.27076],[-122.85631,49.27076],[-122.85371,49.27075],[-122.85294,49.27074],[-122.85178,49.27074],[-122.84632,49.27071],[-122.84632,49.27074],[-122.8463,49.27265],[-122.84247,49.27262],[-122.8415,49.27261],[-122.83669,49.27259],[-122.83596,49.27258],[-122.83593,49.27305],[-122.83593,49.27314],[-122.83133,49.27316],[-122.8312,49.27316],[-122.8305,49.27316],[-122.82903,49.27317],[-122.82858,49.27317],[-122.82823,49.27318],[-122.82794,49.27318],[-122.82764,49.27318],[-122.82735,49.27318],[-122.82706,49.27318],[-122.82673,49.27318],[-122.82643,49.27318],[-122.82608,49.27318],[-122.8254,49.27319],[-122.82508,49.27319],[-122.82475,49.27319],[-122.82411,49.27319],[-122.82386,49.27319],[-122.82385,49.27385],[-122.82385,49.27404],[-122.82385,49.27444],[-122.82384,49.27464],[-122.82383,49.27599],[-122.82382,49.27632],[-122.82382,49.27676],[-122.82382,49.27682],[-122.82382,49.27696],[-122.82381,49.2776],[-122.8238,49.27869],[-122.82379,49.28051],[-122.82127,49.2805],[-122.82113,49.2805],[-122.82113,49.28056],[-122.82113,49.28222],[-122.82114,49.28274],[-122.82114,49.28342],[-122.82115,49.28454],[-122.82115,49.28484],[-122.82117,49.28699],[-122.82117,49.2872],[-122.82117,49.28762],[-122.82117,49.28773],[-122.82117,49.28803],[-122.82118,49.28849],[-122.82118,49.28871],[-122.82118,49.28891],[-122.82118,49.2891],[-122.82118,49.28928],[-122.82118,49.28947],[-122.82119,49.28966],[-122.82119,49.28988],[-122.82119,49.29023],[-122.82119,49.29048],[-122.82119,49.2908],[-122.82119,49.29089],[-122.82119,49.29119],[-122.82119,49.2915],[-122.82119,49.29161],[-122.82119,49.29164],[-122.82119,49.29196],[-122.82119,49.29228],[-122.82119,49.2925],[-122.8212,49.2926],[-122.8212,49.29291],[-122.8212,49.29323],[-122.8212,49.29328],[-122.8212,49.29355],[-122.8212,49.29387],[-122.8212,49.29408],[-122.8212,49.29435],[-122.8212,49.29466],[-122.8212,49.29491],[-122.82142,49.29491],[-122.82174,49.29491],[-122.82211,49.29491],[-122.82252,49.29491],[-122.82277,49.29491],[-122.82277,49.29528],[-122.82277,49.29559],[-122.82277,49.29598],[-122.82277,49.29633],[-122.82277,49.29658],[-122.82277,49.29687],[-122.82277,49.29726],[-122.82278,49.29808],[-122.82278,49.2988],[-122.82278,49.29919],[-122.82279,49.30053],[-122.82278,49.301],[-122.82277,49.30132],[-122.82274,49.30341],[-122.82272,49.30486],[-122.8227,49.30589],[-122.82269,49.30702],[-122.82267,49.30775],[-122.82264,49.3098],[-122.82262,49.31135],[-122.82261,49.31241],[-122.82259,49.31325],[-122.82257,49.3143],[-122.82256,49.315],[-122.82257,49.31622],[-122.82256,49.31855],[-122.82257,49.31992],[-122.82257,49.32141],[-122.82275,49.35112],[-122.75563,49.35099],[-122.75535,49.35099],[-122.71146,49.351],[-122.71119,49.351],[-122.70202,49.351],[-122.6977,49.351],[-122.69483,49.351],[-122.68938,49.351],[-122.6891,49.351],[-122.68359,49.351],[-122.67809,49.351],[-122.67235,49.35112],[-122.66664,49.35116],[-122.66636,49.35117],[-122.66082,49.35117],[-122.65528,49.35116],[-122.64975,49.35116],[-122.64907,49.35116],[-122.64895,49.35116],[-122.64421,49.35116],[-122.64393,49.35116],[-122.6384,49.35116],[-122.63286,49.35115],[-122.62667,49.35115],[-122.62513,49.35115],[-122.62109,49.35115],[-122.6274,49.34728]]]},"properties":{"OBJECTID":1,"SHAPE__Area":304697498.3125,"SHAPE__Length":107461.01306169156}}]}